권역,약국명,전화번호,도로명주소,지번주소,우편번호,인허가일자,영업상태
서울,성대정문약국,02-762-8788,"서울특별시 종로구 성균관로 34, 지강빌딩 1층 (명륜1가)",서울특별시 종로구 명륜1가 101-1 지강빌딩,03074,2026-07-15,영업/정상
서울,보배종로약국,02-2276-1173,"서울특별시 종로구 종로 226-1, 1층 (종로5가)",서울특별시 종로구 종로5가 193-4,03196,2024-09-19,영업/정상
서울,유한약국,02-2272-4746,"서울특별시 종로구 종로 230-2, 1층 (종로5가)",서울특별시 종로구 종로5가 193-1,03196,2020-04-02,영업/정상
서울,종각역약국,02-6941-0453,"서울특별시 종로구 종로 지하55, 종각지하철역사 지하 1층 152-114호 (종로1가)",서울특별시 종로구 종로1가 54 종각지하철역사,03161,2023-08-04,영업/정상
서울,종로삼성약국,02-2285-5631,"서울특별시 종로구 종로 244-1, 1층 (종로5가)",서울특별시 종로구 종로5가 231-1,03197,2024-12-17,영업/정상
서울,종로프라자약국,02-736-0806,서울특별시 종로구 자하문로 63 (옥인동),서울특별시 종로구 옥인동 19-33,03035,2013-07-05,영업/정상
서울,백수약국,02-766-1083,"서울특별시 종로구 종로 233-1, 메디칼라움빌딩 1층 (종로5가)",서울특별시 종로구 종로5가 42-1 메디칼라움빌딩,03126,2026-08-04,영업/정상
서울,선아약국,02-2273-7573,"서울특별시 종로구 수표로20길 43, 1층 (종로3가)",서울특별시 종로구 종로3가 132-1,03192,2026-08-04,영업/정상
서울,부광약국,02-762-8844,"서울특별시 종로구 종로 223-1, 부광약국 1층 (종로5가)",서울특별시 종로구 종로5가 62-1 부광약국,03126,2025-02-18,영업/정상
서울,호수약국,02-733-5300,"서울특별시 종로구 삼봉로 57, 호수빌딩 지하1층 (수송동)",서울특별시 종로구 수송동 68-1 호수빌딩 지하 1층,03151,2024-04-01,영업/정상
서울,파란문약국,02-723-6209,"서울특별시 종로구 송월길 155, 1층 4112~4113호 (교북동, 경희궁자이 4단지)",서울특별시 종로구 교북동 126 경희궁자이 4단지,03165,2023-07-17,영업/정상
서울,제신약국,02-2267-3690,"서울특별시 종로구 종로 266, 동대문종합시장 D동 1층 1호 (종로6가)",서울특별시 종로구 종로6가 262-1 동대문종합시장,03198,2023-04-14,영업/정상
서울,종로태양약국,02-766-1777,"서울특별시 종로구 종로 191, 1층 (종로4가)",서울특별시 종로구 종로4가 10,03130,2023-08-07,영업/정상
서울,한마음약국,070-8953-6806,"서울특별시 종로구 창경궁로 158, 1층 (원남동)",서울특별시 종로구 원남동 118-1,03081,2023-06-21,영업/정상
서울,종로온누리약국,02-742-0900,"서울특별시 종로구 종로 293, 디에스 빌딩 1층 (창신동)",서울특별시 종로구 창신동 562 디에스 빌딩,03106,2024-08-20,영업/정상
서울,메디팜삼현약국,02-722-9859,"서울특별시 종로구 새문안로3길 15, 동원빌딩 1층 (당주동)",서울특별시 종로구 당주동 128-27 동원빌딩,03175,2021-08-09,영업/정상
서울,온유약국,02-745-5487,서울특별시 종로구 종로 205 (종로5가),서울특별시 종로구 종로5가 102,03129,2021-06-08,영업/정상
서울,우정약국,02-2277-8566,"서울특별시 종로구 종로 200, 1층 (종로4가)",서울특별시 종로구 종로4가 176-1,03195,2024-09-02,영업/정상
서울,종로우리약국,02-2275-4700,"서울특별시 종로구 종로 202, 1층 (종로4가)",서울특별시 종로구 종로4가 182,03195,2021-05-31,영업/정상
서울,종근당약국,02-313-4997,"서울특별시 종로구 종로 230-1, 21호 (종로5가)",서울특별시 종로구 종로5가 193-20,03196,2021-04-21,영업/정상
서울,빨간문약국,070-4843-8898,"서울특별시 종로구 송월길 99, 2124호 (홍파동, 경희궁자이 2단지)",서울특별시 종로구 홍파동 199 경희궁자이 2단지,03165,2025-06-30,영업/정상
서울,문우약국,02-733-1088,"서울특별시 종로구 율곡로 지하62, 3호선 안국역 지하3층 316호 (안국동)",서울특별시 종로구 안국동 73-1 3호선 안국역,03147,2023-12-26,영업/정상
서울,창신종로약국,02-3672-0845,"서울특별시 종로구 창신길 47, 1층 (창신동)",서울특별시 종로구 창신동 647-16,03097,2019-01-11,영업/정상
서울,정약국,02-534-8376,"서울특별시 종로구 종로 115, 낙원빌딩 4층 (종로3가)",서울특별시 종로구 종로3가 10 낙원빌딩,03139,2023-02-16,영업/정상
서울,동아약국,02-2285-5702,서울특별시 종로구 종로 192(종로4가),서울특별시 종로구 종로4가 149-1 독일약국,03195,2022-10-21,영업/정상
서울,힐링약국,02-723-6593,"서울특별시 종로구 종로5길 13, 삼공빌딩 지하1층 (청진동)",서울특별시 종로구 청진동 136 삼공빌딩 지하1층,03157,2024-01-16,영업/정상
서울,하늘약국,02-733-9006,"서울특별시 종로구 종로 19, 르메이에르종로타운1 2층 226-2호 (종로1가)",서울특별시 종로구 종로1가 24 르메이에르종로타운1,03157,2021-06-08,영업/정상
서울,옵티마 웰니스 뮤지엄 약국,02-738-2962,"서울특별시 종로구 청계천로 41, 영풍빌딩 지하2층 B202호 (서린동)",서울특별시 종로구 서린동 33 영풍빌딩,03188,2025-12-09,영업/정상
서울,동남약국,02-2273-3233,서울특별시 종로구 종로 124 (종로3가),서울특별시 종로구 종로3가 123-2,03192,2016-01-22,영업/정상
서울,대학약국,02-3672-3672,"서울특별시 종로구 창경궁로 162, 1, 2층 (원남동)",서울특별시 종로구 원남동 133-1,03081,2024-06-27,영업/정상
서울,혜화동물약국,02-763-0902,"서울특별시 종로구 대학로 146, 혜화동씨티밸리 102-2호 (혜화동)",서울특별시 종로구 혜화동 90-18 혜화동씨티밸리 102-2호,03084,2022-06-07,영업/정상
서울,신세계약국,02-945-2636,서울특별시 종로구 종로 124-1 (종로3가),,03192,2016-08-04,영업/정상
서울,경희궁햇살약국,02-733-3342,"서울특별시 종로구 송월길 99, 203동 2218호 (홍파동, 경희궁자이)",서울특별시 종로구 홍파동 42-13,03165,2017-04-26,영업/정상
서울,대웅약국,02-2272-9947,"서울특별시 종로구 종로 190, 1층 (종로4가)",서울특별시 종로구 종로4가 141-1,03195,2025-02-07,영업/정상
서울,삼원약국,02-739-9302,서울특별시 종로구 새문안로 103-1 (신문로1가),서울특별시 종로구 신문로1가 1-1,03183,2012-06-11,영업/정상
서울,종로백세약국,02-744-2596,"서울특별시 종로구 종로 221, 1층 (종로5가)",서울특별시 종로구 종로5가 76,03126,2023-05-22,영업/정상
서울,유성약국,02-2263-9666,"서울특별시 종로구 동호로 408, 흥일빌딩 1층 (종로5가)",서울특별시 종로구 종로5가 182-4 흥일빌딩 1층,03196,2022-06-21,영업/정상
서울,보령약국,02-763-8182,서울특별시 종로구 종로 203 (종로5가),서울특별시 종로구 종로5가 103,03129,2021-04-27,영업/정상
서울,신백제약국,02-745-8491,"서울특별시 종로구 종로 243, 1층 (종로5가)",서울특별시 종로구 종로5가 20-1,03126,2024-03-22,영업/정상
서울,당근약국,02-735-0709,"서울특별시 종로구 새문안로 83, 1층 (신문로1가)",서울특별시 종로구 신문로1가 34,03182,2023-04-03,영업/정상
서울,송이약국,02-720-1777,"서울특별시 종로구 종로 19, 르메이에르종로타운1 2층 206-1호 (종로1가)",서울특별시 종로구 종로1가 24 르메이에르종로타운1 206-1호,03157,2024-08-20,영업/정상
서울,행운약국,02-765-9997,"서울특별시 종로구 대명길 21-2, 행운약국 (명륜4가)",서울특별시 종로구 명륜4가 47 행운약국,03078,2022-05-06,영업/정상
서울,양지약국,02-2266-6968,"서울특별시 중구 수표로 23, 영락빌딩 1층 101-B호 (저동2가)",서울특별시 중구 저동2가 50-1 영락빌딩,04552,2022-06-07,영업/정상
서울,서울하이약국,070-4133-8275,서울특별시 중구 세종대로 11-1 (남대문로5가),서울특별시 중구 남대문로5가 6-9,04512,2019-10-14,영업/정상
서울,다산온누리약국,02-381-5190,서울특별시 중구 다산로 133-1 (신당동),서울특별시 중구 신당동,04607,2016-11-03,영업/정상
서울,건강백세약국,02-392-7850,서울특별시 중구 서소문로 12 (중림동),서울특별시 중구 중림동 398-6,04503,2024-10-11,영업/정상
서울,약수하나약국,02-2232-0363,"서울특별시 중구 다산로 111, 1층 (신당동, 한미빌딩)",,04598,2016-06-09,영업/정상
서울,휴베이스하이약국,070-7778-8275,"서울특별시 중구 명동9가길 14, 메트로호텔 1층 (을지로2가)",서울특별시 중구 을지로2가 199-33 메트로호텔,04534,2022-09-15,영업/정상
서울,남대문약국,02-6958-7022,서울특별시 중구 남대문로 20(남대문로3가),서울특별시 중구 남대문로3가 30-7,04529,2022-04-13,영업/정상
서울,광주약국,02-756-3609,"서울특별시 중구 퇴계로 45, 남일물산 (남창동)",서울특별시 중구 남창동 47-12 남일물산,04529,2013-06-21,영업/정상
서울,서현온누리약국,02-776-5830,"서울특별시 중구 퇴계로 61, 1층 (남창동, 금오빌딩)",서울특별시 중구 남창동 9-15,04529,2017-07-17,영업/정상
서울,메디칼하나약국,02-2252-2501,"서울특별시 중구 다산로 134, 덕영빌딩 (신당동)",서울특별시 중구 신당동 369-22 덕영빌딩,04590,2021-02-04,영업/정상
서울,홍신약국,02-776-5117,"서울특별시 중구 남대문로9길 40, 센터플레이스(Center Place) 108-1호 (다동)",서울특별시 중구 다동 155 센터플레이스(Center Place),04522,2023-08-01,영업/정상
서울,백현약국,02-2237-7585,서울특별시 중구 난계로23길 1 (황학동),서울특별시 중구 황학동 2153,04573,2024-03-18,영업/정상
서울,약수호랑이약국,02-2256-6790,"서울특별시 중구 동호로 179, 1층 (신당동)",서울특별시 중구 신당동 369-48,04597,2025-02-03,영업/정상
서울,메디팜늘봄약국,02-2233-9700,"서울특별시 중구 다산로 223, 신당빌딩 (신당동)",서울특별시 중구 신당동 292-72 신당빌딩,04611,2024-08-29,영업/정상
서울,고향약국,02-3789-7749,서울특별시 중구 남대문로 22(남대문로3가),서울특별시 중구 남대문로3가 30-1,04529,2022-05-09,영업/정상
서울,왕솔약국,02-773-5001,서울특별시 중구 남대문로 36(회현동1가),서울특별시 중구 회현동1가 202-1,04529,2021-10-20,영업/정상
서울,우리네약국,02-2252-3335,"서울특별시 중구 동호로10길 30, 103,104호 (신당동)",서울특별시 중구 신당동 842,04593,2013-07-19,영업/정상
서울,꽃피는온누리약국,02-6324-7575,"서울특별시 중구 을지로5길 26, 미래에셋 센터원(Mirae Asset CENTER1) 지하1층 (수하동)",서울특별시 중구 수하동 67 미래에셋 센터원(Mirae Asset CENTER1),04539,2022-05-18,영업/정상
서울,샘물온누리약국,02-965-3336,"서울특별시 중구 퇴계로88길 45, 1층 (신당동)",서울특별시 중구 신당동,04583,2013-07-19,영업/정상
서울,판도라 숭례문 약국,02-3789-2638,"서울특별시 중구 세종대로 13, 1층 (남대문로5가)",서울특별시 중구 남대문로5가 6-8,04512,2019-11-01,영업/정상
서울,셀메드 필약국,02-2268-7552,"서울특별시 중구 필동로 14, 민성빌딩 1층 (필동2가)",서울특별시 중구 필동2가 19-11 민성빌딩,04625,2020-06-15,영업/정상
서울,럭키약국,02-6338-7771,"서울특별시 중구 충무로2길 34, 101호 (충무로4가)",서울특별시 중구 충무로4가 133-1,04557,2026-02-23,영업/정상
서울,5층사랑약국,02-6933-5177,"서울특별시 중구 서소문로 103, 배재빌딩 511호 (서소문동)",서울특별시 중구 서소문동 55-4 배재빌딩,04516,2023-08-03,영업/정상
서울,스타온누리약국,2235-7193,"서울특별시 중구 퇴계로 452-1, B동 1층 (신당동)",서울특별시 중구 신당동 150-12,04578,2023-09-18,영업/정상
서울,상산약국,02-2252-3354,"서울특별시 중구 퇴계로 435, 1층 (황학동)",서울특별시 중구 황학동 719,04576,2026-03-17,영업/정상
서울,뿌리약국,02-2253-7703,"서울특별시 중구 다산로 112, 담스빌딩 지하1층 (신당동)",서울특별시 중구 신당동 368-99 담스빌딩,04597,2026-03-13,영업/정상
서울,신성약국,02-2273-1390,"서울특별시 중구 다산로 215, 1층 (신당동)",서울특별시 중구 신당동 292-127,04611,2026-04-03,영업/정상
서울,을지약국,02-3706-7204,"서울특별시 중구 을지로 170, 을지트윈타워 1층 107호 (을지로4가)",서울특별시 중구 을지로4가 323 을지트윈타워,04548,2023-11-14,영업/정상
서울,연합약국,02-595-7882,"서울특별시 중구 퇴계로 120, 1층 (남산동1가)",서울특별시 중구 남산동1가 1-2,04631,2021-07-16,영업/정상
서울,가나약국,070-4880-4364,"서울특별시 중구 다산로 171, 1층 (신당동)",서울특별시 중구 신당동 336-7,04608,2024-03-28,영업/정상
서울,밝은약국,02-2231-7568,"서울특별시 중구 다산로 258, 리마크빌 동대문 1층 102호 (흥인동)",서울특별시 중구 흥인동 86 리마크빌 동대문,04570,2024-05-22,영업/정상
서울,동국약국,02-2267-6767,서울특별시 중구 서애로1길 16 (필동3가),서울특별시 중구 필동3가 19-7,04623,2023-07-07,영업/정상
서울,소망약국,02-2253-2355,서울특별시 중구 퇴계로88길 42 (신당동),서울특별시 중구 신당동 145-3,04583,2020-11-16,영업/정상
서울,신중앙약국,02-2237-9602,"서울특별시 중구 퇴계로 436, 1층 (신당동)",서울특별시 중구 신당동 140-1,04578,2017-10-19,영업/정상
서울,판다약국,02-6080-4977,"서울특별시 중구 명동7길 13, 명동증권빌딩 1층 (명동1가)",서울특별시 중구 명동1가 59-1 명동증권빌딩,04534,2024-07-02,영업/정상
서울,남산우리약국,02-3789-7582,"서울특별시 중구 소공로 35, 102호 (회현동1가, 남산 롯데캐슬)",서울특별시 중구 회현동1가 208 남산 롯데캐슬,04632,2022-05-09,영업/정상
서울,을지로다정약국,02-732-2462,"서울특별시 중구 을지로 51, 내외빌딩 4층 (을지로2가)",서울특별시 중구 을지로2가 6 내외빌딩,04539,2021-07-05,영업/정상
서울,웰니스약국,02-3789-5088,"서울특별시 중구 명동10길 51, 나인트리호텔 1층 (충무로2가)",서울특별시 중구 충무로2가 63-2 삼윤빌딩,04537,2019-02-11,영업/정상
서울,평화약국,02-755-6059,"서울특별시 중구 남대문시장길 21, 1층 (남대문로4가)",서울특별시 중구 남대문로4가 18-11,04528,2025-04-14,영업/정상
서울,신세계약국,02-797-8403,"서울특별시 용산구 장문로 94, 연소아과의원, 신세계약국 (보광동)","서울특별시 용산구 보광동 216-100 연소아과의원, 신세계약국",04395,2018-03-21,영업/정상
서울,다올약국,02-702-7083,"서울특별시 용산구 청파로 251, 지하1층 2호 (청파동3가)",서울특별시 용산구 청파동3가 80-6 지하1층 2호,04313,2022-06-27,영업/정상
서울,한라약국,02-795-7603,서울특별시 용산구 보광로 124 (이태원동),서울특별시 용산구 이태원동 131-3,04406,2016-09-12,영업/정상
서울,센트럴파란문약국,02-3785-3365,"서울특별시 용산구 한강대로 95, A동 2층 208-1호 (한강로2가, 래미안용산 더 센트럴)",서울특별시 용산구 한강로2가 422 래미안용산 더 센트럴 A동 208-1호,04378,2019-04-18,영업/정상
서울,라임약국,02-702-5632,"서울특별시 용산구 백범로90길 38, 102호 (문배동, 프라임펠리스)",서울특별시 용산구 문배동 24-8 프라임펠리스 102호,04369,2022-08-22,영업/정상
서울,메디팜 미래로 약국,02-713-8716,서울특별시 용산구 청파로47길 40 (청파동2가),서울특별시 용산구 청파동2가 71-14,04309,2013-06-11,영업/정상
서울,경인약국,02-715-6083,"서울특별시 용산구 새창로14길 50, 경인약국 (용문동)",서울특별시 용산구 용문동 41-2 경인약국,04356,2026-02-10,영업/정상
서울,기분좋은약국,02-3785-1031,"서울특별시 용산구 한강대로 66, 306호 (한강로2가)",서울특별시 용산구 한강로2가 210-1,04387,2026-01-14,영업/정상
서울,보현약국,02-775-1981,"서울특별시 용산구 신흥로20길 1 (용산동2가, 세명치과)",서울특별시 용산구 용산동2가 1-530,04328,2016-07-18,영업/정상
서울,정화약국,02-774-2399,"서울특별시 용산구 두텁바위로 11 (갈월동, 일심외과의원, 정화약국)",,04335,2016-09-09,영업/정상
서울,옵티마찬미약국,02-790-4080,서울특별시 용산구 대사관로30길 17 (한남동),서울특별시 용산구 한남동 631-17,04402,2024-04-19,영업/정상
서울,메디킹덤약국,02-2078-2930,"서울특별시 용산구 청파로 74, 전자랜드 116호 (한강로3가)",서울특별시 용산구 한강로3가 16-9 전자랜드,04372,2026-02-04,영업/정상
서울,새희망약국,02-739-2296,"서울특별시 용산구 독서당로 67, 205호 (한남동)",서울특별시 용산구 한남동 261-6,04419,2025-07-16,영업/정상
서울,용산파크약국,02-797-5055,"서울특별시 용산구 서빙고로 17, 용산센트럴파크 해링턴스퀘어 몰D 104동 2층 50호 (한강로3가)",서울특별시 용산구 한강로3가 63-70 용산센트럴파크 해링턴스퀘어 몰D 104동 2층 50호,04387,2021-04-29,영업/정상
서울,미라클약국,070-7723-6050,"서울특별시 용산구 한강대로 259, 고려에이트리움 109호 (갈월동)",서울특별시 용산구 갈월동 101-49 고려에이트리움 109호,04322,2021-04-27,영업/정상
서울,한국구일온누리약국,02-794-6045,"서울특별시 용산구 이촌로 300, 렉스상가 2-2, 3-1호 (이촌동)","서울특별시 용산구 이촌동 301-263 렉스상가 2-2,3-1호",04425,2021-12-10,영업/정상
서울,해피약국,02-6953-8785,"서울특별시 용산구 서빙고로 17, 용산센트럴파크해링턴스퀘어 상가동 2층 108호 (한강로3가)",서울특별시 용산구 한강로3가 98 2층 108호,04387,2022-04-15,영업/정상
서울,인원약국,02-774-4035,"서울특별시 용산구 신흥로20길 5 (용산동2가, 인원약국)",서울특별시 용산구 용산동2가 1-560,04328,2017-09-05,영업/정상
서울,이촌사랑약국,02-764-1687,"서울특별시 용산구 이촌로 300, 렉스상가 1호 (이촌동)",서울특별시 용산구 이촌동 301-263 렉스상가 1호,04425,2019-10-07,영업/정상
서울,힐링약국,02-797-1175,"서울특별시 용산구 신흥로 53, 기업은행 지상1층 (용산동2가)",서울특별시 용산구 용산동2가 27-4 기업은행,04338,2018-03-21,영업/정상
서울,솔약국,02-3272-1117,"서울특별시 용산구 백범로 341, 128-1호 (원효로1가, 리첸시아 용산)",서울특별시 용산구 원효로1가 133-3 리첸시아 용산 128-1호,04315,2022-08-04,영업/정상
서울,3층파란문약국,02-796-9008,"서울특별시 용산구 한강대로 69, 상가동 3층 305-1호 (한강로2가, 용산푸르지오써밋)",서울특별시 용산구 한강로2가 420 용산푸르지오써밋,04378,2023-05-23,영업/정상
서울,메디팜나은약국,02-373-8068,"서울특별시 용산구 한강대로 211, 1층 110호 (한강로1가, 대우 월드마크 용산)",서울특별시 용산구 한강로1가 64 1층 110호,04322,2016-07-18,영업/정상
서울,종로프라자약국,02-2012-1276,"서울특별시 용산구 한강대로23길 55, 이마트용산점 지하2층 (한강로3가)",서울특별시 용산구 한강로3가 40-999 이마트용산점 지하2층,04377,2020-10-15,영업/정상
서울,이화약국,070-8860-7760,서울특별시 용산구 대사관로 60 (한남동),서울특별시 용산구 한남동 638-4,04402,2023-04-11,영업/정상
서울,숙명온누리약국,02-717-6415,"서울특별시 용산구 청파로47길 66, 중하빌딩 지상1층 (청파동2가)",서울특별시 용산구 청파동2가 63-5 중하빌딩,04310,2018-03-19,영업/정상
서울,하늘약국,02-3785-2202,"서울특별시 용산구 한강대로 95, B동 2층 228호 (한강로2가, 래미안용산 더 센트럴)",서울특별시 용산구 한강로2가 422 래미안용산 더 센트럴,04378,2023-08-28,영업/정상
서울,국민약국,02-749-7799,"서울특별시 용산구 이태원로 186, 국민은행 1층 (이태원동)",서울특별시 용산구 이태원동 127-7 국민은행 1층,04406,2024-09-13,영업/정상
서울,편한약국,02-793-8887,"서울특별시 용산구 서빙고로 17, 용산센트럴파크해링턴스퀘어 1층 47호 (한강로3가)",서울특별시 용산구 한강로3가 63-70 용산센트럴파크해링턴스퀘어 1층 47호,04387,2021-12-14,영업/정상
서울,이층성장약국,02-792-7881,서울특별시 용산구 이촌로 224 (이촌동),서울특별시 용산구 이촌동 300-27 2층,04427,2013-06-11,영업/정상
서울,가장큰태평양약국,02-790-3376,"서울특별시 용산구 대사관로 52, 1층 (한남동)",서울특별시 용산구 한남동 653-1,04402,2014-05-22,영업/정상
서울,나라약국,02-6949-3332,"서울특별시 용산구 청파로47길 7, 102호 (청파동3가)",서울특별시 용산구 청파동3가 21-9 102호,04313,2021-05-07,영업/정상
서울,후문약국,02-2299-7800,서울특별시 성동구 마조로 22-3(행당동),서울특별시 성동구 행당동 12-8,04762,2021-08-24,영업/정상
서울,더숲약국,02-6464-0505,"서울특별시 성동구 왕십리로 241, 서울숲 더샵 204동 GF층 B103호 (행당동, 서울숲 더샵)",서울특별시 성동구 행당동 377 서울숲 더샵,04765,2025-09-01,영업/정상
서울,성수베리뉴약국,02-462-0331,"서울특별시 성동구 연무장7길 12, 세대빌딩 1층 101호 (성수동2가)",서울특별시 성동구 성수동2가 315-70 세대빌딩,04782,2026-02-23,영업/정상
서울,성수햇살약국,02-463-5657,"서울특별시 성동구 아차산로 120, 베델 플레이스 3층 302호 (성수동2가)",서울특별시 성동구 성수동2가 317-3 베델 플레이스 302호,04783,2025-03-13,영업/정상
서울,안즈약국,02-6104-1917,"서울특별시 성동구 연무장3길 13, 1층 (성수동2가)",서울특별시 성동구 성수동2가 301-8,04782,2026-02-20,영업/정상
서울,옵티마뚝도시장약국,02-467-4711,서울특별시 성동구 성덕정길 96-1 (성수동2가),서울특별시 성동구 성수동2가 532-19,04775,2015-01-09,영업/정상
서울,유연약국,02-2297-9733,"서울특별시 성동구 왕십리로 410, 상가L동 3층 318호 (하왕십리동, 센트라스)",서울특별시 성동구 하왕십리동 1070 센트라스상가 L동 318호,04701,2019-02-12,영업/정상
서울,더밝은약국,02-2281-7923,"서울특별시 성동구 마조로9길 15, 1층 (행당동)",서울특별시 성동구 행당동 1-33,04760,2019-04-09,영업/정상
서울,은하약국,02-2282-3607,서울특별시 성동구 장터길 32-1 (금호동4가),서울특별시 성동구 금호동4가 1196,04725,2024-07-19,영업/정상
서울,더힘찬약국,02-2299-0104,"서울특별시 성동구 독서당로 302, 대도빌딩 3층 5호 (금호동4가)",서울특별시 성동구 금호동4가 548-1,04737,2023-09-12,영업/정상
서울,국제약국,02-2294-3833,서울특별시 성동구 독서당로 288-1(금호동4가),서울특별시 성동구 금호동4가 578,04737,2022-07-15,영업/정상
서울,용답원약국,02-2216-6227,"서울특별시 성동구 용답19길 1, 1층 (용답동)",서울특별시 성동구 용답동 51-9,04804,2024-09-19,영업/정상
서울,조이온누리약국,02-2282-7808,"서울특별시 성동구 왕십리로 322, 한성아펠타워 1층 102호 (도선동)",서울특별시 성동구 도선동 53 한성아펠타워 102호,04709,2022-08-01,영업/정상
서울,참사랑약국,02-2292-7369,서울특별시 성동구 마장로 300 (마장동),서울특별시 성동구 마장동 791-2,04758,2018-08-22,영업/정상
서울,성동동물약국,02-2297-0999,"서울특별시 성동구 금호로 158-2, 지1층 (금호동1가)",서울특별시 성동구 금호동1가 121-3,04721,2019-04-18,영업/정상
서울,영민약국,02-466-1377,"서울특별시 성동구 성수일로10길 32, 창미빌딩 1층 106호 (성수동2가)",서울특별시 성동구 성수동2가 284-68 창미빌딩1층 106호,04793,2024-03-07,영업/정상
서울,새봄약국,02-6085-4411,"서울특별시 성동구 왕십리로 410, 상가L동 2층 210-1호 (하왕십리동, 센트라스)",서울특별시 성동구 하왕십리동 1070 센트라스,04701,2020-07-13,영업/정상
서울,왕십리길약국,02-2298-9888,"서울특별시 성동구 왕십리로 333, 유성빌딩 1층 (하왕십리동)",서울특별시 성동구 하왕십리동 966-11 유성빌딩,04715,2022-08-10,영업/정상
서울,방초한약국,02-2295-5529,"서울특별시 성동구 난계로 114-31, 상가동 2층 201호 (하왕십리동, 금호베스트빌)",,04711,2017-05-01,영업/정상
서울,성수약국,02-469-9886,서울특별시 성동구 아차산로 116 (성수동2가),서울특별시 성동구 성수동2가 315-1,04782,2021-05-10,영업/정상
서울,코코온누리약국,02-465-9995,"서울특별시 성동구 아차산로 48, 1층 (성수동1가)",서울특별시 성동구 성수동1가 14-51,04779,2023-10-26,영업/정상
서울,행복이열리는약국,02-2253-6060,"서울특별시 성동구 독서당로 299-2, 1층 (금호동3가)",서울특별시 성동구 금호동3가 373-1,04730,2022-04-11,영업/정상
서울,바로여기약국,02-466-8562,"서울특별시 성동구 아차산로17길 26, 규장각빌딩 103호 (성수동2가)",서울특별시 성동구 성수동2가 279-46 규장각빌딩 103호,04799,2024-05-07,영업/정상
서울,메디팜푸른약국,6015-2500,"서울특별시 성동구 무학로 33, 151동 104호 (하왕십리동, 텐즈힐@상가)",서울특별시 성동구 하왕십리동 339-67 텐즈힐@상가 151동 104호,04702,2015-08-21,영업/정상
서울,성수서울숲약국,02-499-1164,"서울특별시 성동구 왕십리로 114, 신한빌딩 103호 (성수동1가)",서울특별시 성동구 성수동1가 656-297 신한빌딩 103호,04778,2024-07-15,영업/정상
서울,미소약국,02-2299-4041,"서울특별시 성동구 왕십리로 271-1, 1층 (행당동)",서울특별시 성동구 행당동 134-4,04745,2025-12-15,영업/정상
서울,혼약국,02-499-9990,"서울특별시 성동구 연무장길 60, 1층 101호, 2층 201호 (성수동2가)",서울특별시 성동구 성수동2가 320-1,04781,2026-08-28,영업/정상
서울,실로암약국,02-2216-5360,서울특별시 성동구 용답중앙15길 11 (용답동),서울특별시 성동구 용답동 58-3,04804,2018-11-16,영업/정상
서울,어울림온누리약국,02-3395-8777,"서울특별시 성동구 한림말1길 16, 1층 (옥수동)",서울특별시 성동구 옥수동 363,04735,2024-01-15,영업/정상
서울,달빛약국,02-2282-1114,"서울특별시 성동구 독서당로 202, Dal 애비뉴 빌딩 지1층 B102호 (옥수동)",서울특별시 성동구 옥수동 262-1 Dal 애비뉴 빌딩 지하1층 B102호,04734,2024-09-26,영업/정상
서울,자연생약국,02-395-5068,"서울특별시 성동구 행당로 111, 1층 (행당동)",서울특별시 성동구 행당동 317-82 1층,04714,2024-03-21,영업/정상
서울,성수오렌지약국,02-463-0711,"서울특별시 성동구 아차산로7길 11, 1층 (성수동2가)",서울특별시 성동구 성수동2가 289-101 1층,04793,2024-02-07,영업/정상
서울,건강미소약국,02-2282-3367,"서울특별시 성동구 독서당로 220, 1층 102호 (옥수동)",서울특별시 성동구 옥수동 250-2 102호,04735,2025-03-31,영업/정상
서울,자이팜약국,02-2299-7582,"서울특별시 성동구 고산자로2길 67, 서울숲리버뷰자이(상가1동) 1203호 (행당동)",서울특별시 성동구 행당동 380 서울숲리버뷰자이(상가1동) 1203호,04745,2019-07-03,영업/정상
서울,옥수벽산약국,02-2299-9337,"서울특별시 성동구 한림말길 56, 강변벽산빌라트 (옥수동)",서울특별시 성동구 옥수동 191-3 강변벽산빌라트,04736,2021-06-23,영업/정상
서울,메디팜보배약국,02-461-5666,"서울특별시 성동구 아차산로7길 19, 1층 (성수동2가)",서울특별시 성동구 성수동2가 289-84 1층,04793,2024-02-15,영업/정상
서울,유림약국,02-2292-5235,서울특별시 성동구 무학봉13길 1 (하왕십리동),서울특별시 성동구 하왕십리동 982-10,04710,2014-11-17,영업/정상
서울,설약국,02-2294-8274,"서울특별시 성동구 마조로1길 39, 1층 (행당동)",서울특별시 성동구 행당동 168-78,04760,2021-08-11,영업/정상
서울,금호프라자약국,02-2291-5450,"서울특별시 성동구 독서당로 302, 1층 (금호동4가)",서울특별시 성동구 금호동4가 548-1 1층,04737,2024-02-21,영업/정상
서울,한솔약국,02-2295-5135,"서울특별시 성동구 고산자로 342, 파티마의원 1층 (마장동)",서울특별시 성동구 마장동 521-12,04748,2023-03-31,영업/정상
서울,산호약국,02-2298-5414,"서울특별시 성동구 왕십리로 328-1, 산호약국 1층 (도선동)",서울특별시 성동구 도선동 253-13 산호약국,04709,2022-01-03,영업/정상
서울,신수정약국,02-462-2219,"서울특별시 성동구 성덕정길 149, 영화빌딩 (성수동2가)",서울특별시 성동구 성수동2가 232-1 영화빌딩,04777,2021-05-12,영업/정상
서울,메디팜일진약국,02-2245-3665,"서울특별시 성동구 용답중앙길 80-1, 일진약국 (용답동)",서울특별시 성동구 용답동 44-6 일진약국,04805,2004-06-16,영업/정상
서울,타워약국,02-6077-7142,"서울특별시 성동구 상원1길 26, 서울숲A타워 (성수동1가)",서울특별시 성동구 성수동1가 656-591 서울숲A타워,04779,2020-11-18,영업/정상
서울,정성을다하는약국,02-6082-4800,"서울특별시 성동구 독서당로 223, 래미안 옥수 리버젠 상가 지4층 412호 (옥수동)",서울특별시 성동구 옥수동 561 래미안 옥수 리버젠 상가 지4층 412호,04733,2024-09-04,영업/정상
서울,새서독약국,02-2293-0532,서울특별시 성동구 행당로 129 (행당동),서울특별시 성동구 행당동 317-52,04714,2004-05-21,영업/정상
서울,1층이화약국,070-7798-1281,"서울특별시 성동구 왕십리로 410, L동 128-1호 (하왕십리동, 센트라스)",서울특별시 성동구 하왕십리동 1070 센트라스 L동 128-1호,04701,2022-05-25,영업/정상
서울,더샾스타시티약국,2024-1311,"서울특별시 광진구 아차산로 272, 1층 (자양동, 스타시티쇼핑몰)",서울특별시 광진구 자양동 227-7 스타시티쇼핑몰 1층,05065,2013-06-18,영업/정상
서울,서이약국,02-2057-4555,"서울특별시 광진구 뚝섬로 644, 104호 (자양동)",서울특별시 광진구 자양동 652,05101,2025-05-13,영업/정상
서울,해동온누리약국,02-457-4110,"서울특별시 광진구 용마산로 57, 해동상가 1층 (중곡동)",서울특별시 광진구 중곡동 124-8 해동상가,04923,2020-09-02,영업/정상
서울,새봄약국,02-466-8510,"서울특별시 광진구 뚝섬로 503, 1층 (자양동)",서울특별시 광진구 자양동 553-15,05076,2020-10-19,영업/정상
서울,화양백화점약국,02-462-0095,"서울특별시 광진구 광나루로 351, 1층 (군자동)",서울특별시 광진구 군자동 356-6,05003,2020-07-30,영업/정상
서울,그린서클약국,02-2135-9886,"서울특별시 광진구 아차산로 212, 102,103호 (자양동, 더포디엄830)",서울특별시 광진구 자양동 864 더포디엄830,05072,2025-09-16,영업/정상
서울,건대온누리약국,02-457-7999,"서울특별시 광진구 능동로 지하 110, 7호선 건대입구역 (화양동)",서울특별시 광진구 화양동 6-3 7호선 건대입구역,05030,2020-06-25,영업/정상
서울,온누리 강변 프라자 약국,02-3437-3027,"서울특별시 광진구 광나루로56길 63, 현대프라임아파트 107~109호 (구의동)",서울특별시 광진구 구의동 631-1 현대프라임아파트 107~9호,05119,2019-10-24,영업/정상
서울,더나은약국,02-456-8209,"서울특별시 광진구 천호대로 570, 101호 (능동)",서울특별시 광진구 능동 222-2,04985,2020-06-30,영업/정상
서울,자양종로약국,02-498-9043,서울특별시 광진구 뚝섬로23길 29 (자양동),서울특별시 광진구 자양동 843-10,05078,2023-07-03,영업/정상
서울,세란약국,02-455-0789,"서울특별시 광진구 천호대로 635, 백철빌딩 (중곡동)",서울특별시 광진구 중곡동 116-6 백철빌딩,04931,2026-07-06,영업/정상
서울,튼튼온누리약국,02-447-2999,서울특별시 광진구 아차산로 450-2 (구의동),서울특별시 광진구 구의동 218-37,05047,2019-11-21,영업/정상
서울,태평양약국,02-444-2539,"서울특별시 광진구 자양로 48, 1층 (자양동)",서울특별시 광진구 자양동 681,05112,2019-01-30,영업/정상
서울,자양하나약국,070-4400-6306,"서울특별시 광진구 자양로9길 77, 104호 (자양동, 필산빌딩)",서울특별시 광진구 자양동 653-47,05060,2014-09-15,영업/정상
서울,느티나무동물약국,02-456-7778,서울특별시 광진구 자양로 87 (자양동),서울특별시 광진구 자양동 627-2,05056,2019-07-09,영업/정상
서울,예일약국,02-453-4341,서울특별시 광진구 구의로 23 (구의동),서울특별시 광진구 구의동 221-1,05041,2004-03-19,영업/정상
서울,뚝도약국,02-454-3222,"서울특별시 광진구 뚝섬로 595, 1층 (자양동, 더블랙(THE BLACK)자양)",서울특별시 광진구 자양동 610-12 더블랙(THE BLACK)자양,05064,2021-06-24,영업/정상
서울,조광옵티마약국,02-467-1088,서울특별시 광진구 긴고랑로9길 29(중곡동),서울특별시 광진구 중곡동 230-1,04910,2022-03-21,영업/정상
서울,건대입구역1번출구약국,02-6951-2509,"서울특별시 광진구 아차산로 229, 한림타워 202호 (화양동)",서울특별시 광진구 화양동 7-3 한림타워,05018,2025-07-18,영업/정상
서울,진영약국,02-454-8827,서울특별시 광진구 아차산로57길 42 (구의동),서울특별시 광진구 구의동 221-3,05041,2020-06-29,영업/정상
서울,24시약국,02-945-6363,"서울특별시 광진구 아차산로29길 15, 1층 (화양동)",서울특별시 광진구 화양동 47-72,05018,2016-06-08,영업/정상
서울,용마약국,02-447-9621,"서울특별시 광진구 자양로 201, 항석빌딩 (구의동)",서울특별시 광진구 구의동 80-46 항석빌딩,04991,2021-11-10,영업/정상
서울,더튼튼약국,02-499-2700,"서울특별시 광진구 동일로 92-1, 1층 (자양동)",서울특별시 광진구 자양동 24-9 1층,05071,2024-04-29,영업/정상
서울,봄약국,3436-9434,"서울특별시 광진구 자양번영로 34, 103호 (자양동)",서울특별시 광진구 자양동 608-21 103호,05098,2014-02-07,영업/정상
서울,새서울약국,02-452-0251,서울특별시 광진구 자양로 288 (구의동),서울특별시 광진구 구의동 47-19,04961,2018-03-12,영업/정상
서울,고약국,02-457-6159,"서울특별시 광진구 구의로 7, 1층 2호 (구의동)",서울특별시 광진구 구의동 243-76 1층 2호,05044,2024-05-14,영업/정상
서울,명약국,02-456-6155,"서울특별시 광진구 아차산로 532, 1층 101호 (광장동)",서울특별시 광진구 광장동 463-3 101호,04974,2020-12-29,영업/정상
서울,중곡종로약국,2201-4321,서울특별시 광진구 용마산로 46 (중곡동),서울특별시 광진구 중곡동 79-9,04949,2013-07-09,영업/정상
서울,이수오렌지약국,02-6398-0909,"서울특별시 광진구 천호대로 655, 1층 (중곡동)",서울특별시 광진구 중곡동 115-9 1층,04953,2024-05-13,영업/정상
서울,광제사약국,02-464-1832,서울특별시 광진구 면목로 130(중곡동),서울특별시 광진구 중곡동 230-14,04910,2021-09-23,영업/정상
서울,노르웨이 약국,02-452-3395,"서울특별시 광진구 아차산로 552, 1층 (광장동, 광장극동아파트)",서울특별시 광진구 광장동 218-1 극동상가 1층,04971,2024-04-22,영업/정상
서울,신성온누리약국,02-468-6226,"서울특별시 광진구 면목로 127, 1층 (중곡동, 신성그랜드타워)",서울특별시 광진구 중곡동 231-1 신성그랜드타워,04911,2023-02-28,영업/정상
서울,다온약국(광진구 동물약국),02-499-7590,서울특별시 광진구 긴고랑로 41(중곡동),서울특별시 광진구 중곡동 241-17,04910,2021-07-15,영업/정상
서울,현약국,070-4240-1131,서울특별시 광진구 광나루로 508(구의동),서울특별시 광진구 구의동 234-9,05031,2021-08-11,영업/정상
서울,메디컬종로약국,02-456-3564,"서울특별시 광진구 자양로15길 51-1, 진덕빌딩 1층 (자양동)",서울특별시 광진구 자양동 621-24 진덕빌딩,05057,2025-02-18,영업/정상
서울,제일약국,02-446-5383,"서울특별시 광진구 자양로15길 26, 1층 (자양동)",서울특별시 광진구 자양동 612-58,05055,2024-05-09,영업/정상
서울,기쁨약국,02-488-2005,"서울특별시 광진구 면목로 190, 1층 (중곡동)",서울특별시 광진구 중곡동 199-4,04903,2021-05-11,영업/정상
서울,치료의빛선약국,02-456-2233,"서울특별시 광진구 아차산로 484, 1층 (구의동)",서울특별시 광진구 구의동 199-6,05117,2021-08-10,영업/정상
서울,가원약국,02-457-7156,"서울특별시 광진구 천호대로 575, 1층 (중곡동)",서울특별시 광진구 중곡동 140-29,04930,2024-01-16,영업/정상
서울,메디팜백악관약국,02-457-6363,서울특별시 광진구 용마산로 4 (중곡동),,04953,2017-01-10,영업/정상
서울,아차산하이약국,02-453-1009,서울특별시 광진구 자양로 287 (구의동),서울특별시 광진구 구의동 50-13,04954,2018-02-09,영업/정상
서울,파크온누리약국,02-447-0708,"서울특별시 광진구 천호대로 666, 그랜드파크 오피스텔 105-2호 (구의동)",서울특별시 광진구 구의동 76-1 그랜드파크 오피스텔 105-2호,04991,2024-03-28,영업/정상
서울,명성약국,02-444-7848,서울특별시 광진구 광나루로40길 14 (구의동),서울특별시 광진구 구의동 230-23,05032,2017-03-23,영업/정상
서울,온누리현대약국,3424-1120,"서울특별시 광진구 광나루로56길 85, 지하1층 12호 (구의동)",서울특별시 광진구 구의동 546-4,05116,2015-08-10,영업/정상
서울,후문약국,02-968-1011,"서울특별시 동대문구 왕산로45길 8, 1층 (청량리동)",서울특별시 동대문구 청량리동 40-16,02488,2026-02-04,영업/정상
서울,새이화약국,02-2214-2488,서울특별시 동대문구 장한로 140 (장안동),서울특별시 동대문구 장안동 308-1,02523,2013-06-05,영업/정상
서울,본약국,02-3394-7786,"서울특별시 동대문구 전농로 212, 1층 (전농동)",서울특별시 동대문구 전농동 135-44,02505,2018-04-16,영업/정상
서울,하모니약국,02-926-8800,"서울특별시 동대문구 왕산로 21, 민족통일대통령빌딩 1층 (신설동)",서울특별시 동대문구 신설동 89-20 민족통일대통령빌딩,02580,2023-07-12,영업/정상
서울,조은온누리약국,02-2212-4509,"서울특별시 동대문구 장한로 51, 1층 (장안동)",,02629,2017-07-11,영업/정상
서울,이웃사랑약국,02-2217-5861,"서울특별시 동대문구 한천로46길 56-4 (장안동, 부성빌딩101호)",서울특별시 동대문구 장안동 93-86,02514,2013-06-03,영업/정상
서울,경동약국,02-976-7621,"서울특별시 동대문구 왕산로 127, 경동유니온빌딩 1층 (제기동)",서울특별시 동대문구 제기동 1132 경동유니온빌딩,02570,2026-09-02,영업/정상
서울,해동그랜드약국,02-2212-9838,서울특별시 동대문구 한천로 186 (장안동),서울특별시 동대문구 장안동 118-38,02525,2023-07-25,영업/정상
서울,우진당 약국,2243-2747,서울특별시 동대문구 사가정로13길 3 (전농동),서울특별시 동대문구 전농동 295-16,02506,2013-08-09,영업/정상
서울,늘좋은약국,02-2244-2131,"서울특별시 동대문구 천호대로 319, 답십리한화오벨리스크 102호 (답십리동)",서울특별시 동대문구 답십리동 492-4 답십리한화오벨리스크,02622,2023-07-26,영업/정상
서울,오래하는약국,070-8869-6110,"서울특별시 동대문구 이문로9길 105-13, T01호 (이문동, 이문 월드메르디앙 힐트리움 더 테라스)",서울특별시 동대문구 이문동 431 이문 월드메르디앙 힐트리움 더 테라스,02451,2024-05-28,영업/정상
서울,바하약국,02-2215-1101,"서울특별시 동대문구 한천로 195, 1층 (장안동)",서울특별시 동대문구 장안동 107-5,02534,2023-08-09,영업/정상
서울,정담은약국,02-6956-7790,"서울특별시 동대문구 답십리로 250, 1층 (장안동)",서울특별시 동대문구 장안동 143-8,02623,2021-10-13,영업/정상
서울,이레약국,02-2215-4535,"서울특별시 동대문구 사가정로 122, 전농동하우스토리 3층 313호 (전농동)",서울특별시 동대문구 전농동 32-4 전농동하우스토리,02531,2022-04-11,영업/정상
서울,최선약국,02-3394-5170,"서울특별시 동대문구 전농로 36, 답십리포레스트스퀘어 (답십리동)",서울특별시 동대문구 답십리동 21-8 답십리포레스트스퀘어,02615,2021-12-07,영업/정상
서울,여름약국,02-926-5269,"서울특별시 동대문구 왕산로 60-1, 1층 102호 (용두동)",서울특별시 동대문구 용두동 234-1,02583,2023-08-21,영업/정상
서울,장안미소약국,02-2212-6275,서울특별시 동대문구 답십리로 305 (장안동),서울특별시 동대문구 장안동 331-3,02524,2018-09-17,영업/정상
서울,영림약국,02-2242-9388,"서울특별시 동대문구 망우로21길 16, 1층 (휘경동)",서울특별시 동대문구 휘경동 254,02436,2020-05-21,영업/정상
서울,연세약국,02-2213-1239,서울특별시 동대문구 전농로16길 11 (전농동),서울특별시 동대문구 전농동 60-167,02506,2013-07-10,영업/정상
서울,삼화약국,02-962-5324,서울특별시 동대문구 왕산로 207 (청량리동),서울특별시 동대문구 청량리동 264,02490,2016-06-01,영업/정상
서울,홍약국,02-2212-7582,"서울특별시 동대문구 답십리로48가길 46, 1층 (답십리동)",서울특별시 동대문구 답십리동 36-18,02606,2025-12-19,영업/정상
서울,청솔약국,3394-6600,"서울특별시 동대문구 전농로10길 10, A동 108호 (답십리동, 청솔우성아파트 상가)",서울특별시 동대문구 답십리동 80 청솔우성아파트 A상가 108호,,2004-08-12,영업/정상
서울,자연약국,02-964-7877,서울특별시 동대문구 휘경로 31 (이문동),서울특별시 동대문구 이문동 82-25,02427,2018-05-28,영업/정상
서울,명문온누리약국,02-2212-8881,"서울특별시 동대문구 사가정로 225, 1층 (장안동)",서울특별시 동대문구 장안동 99-13,02518,2018-03-15,영업/정상
서울,경희 다정한 약국,02-3390-5175,서울특별시 동대문구 답십리로65길 77 (장안동),서울특별시 동대문구 장안동 122-2,02525,2018-05-23,영업/정상
서울,365 매일약국,02-6012-0811,"서울특별시 동대문구 천호대로 301, 답십리역 지웰에스테이트 103호 (답십리동)",서울특별시 동대문구 답십리동 493-1 답십리역 지웰에스테이트,02604,2025-05-14,영업/정상
서울,경애약국,2212-8941,서울특별시 동대문구 사가정로25길 18 (장안동),서울특별시 동대문구 장안동 93-10,02515,2013-06-20,영업/정상
서울,코아약국,02-959-6380,"서울특별시 동대문구 회기로 185-1, 1층 (휘경동)",서울특별시 동대문구 휘경동 320-4,02445,2018-11-23,영업/정상
서울,에스케이약국,02-2214-4783,"서울특별시 동대문구 사가정로 148 (전농동, 전농 SK아파트)",서울특별시 동대문구 전농동 10 전농 SK아파트 SK행복플라자 222-1호,02532,2024-08-02,영업/정상
서울,세광약국,02-962-8989,서울특별시 동대문구 왕산로 171 (제기동),서울특별시 동대문구 제기동 652-2,02572,2018-04-25,영업/정상
서울,설파약국,02-2245-4501,"서울특별시 동대문구 전농로 134, 설파빌딩 1층 (전농동)",서울특별시 동대문구 전농동 33-16,02531,2024-12-16,영업/정상
서울,조약국,02-3293-0136,"서울특별시 동대문구 천호대로 133, 지하2층 (용두동, 홈플러스 동대문점)",,02565,2017-08-03,영업/정상
서울,협성가축약품,02-967-6200,"서울특별시 동대문구 왕산로 225, 미주상가 A동 1층 14호 (청량리동)",서울특별시 동대문구 청량리동 235-4 미주상가,02490,2023-08-23,영업/정상
서울,나나약국,02-2245-2594,서울특별시 동대문구 답십리로72길 106 (장안동),서울특별시 동대문구 장안동 349-17,02640,2019-04-02,영업/정상
서울,르메디약국,050-4412-7190,"서울특별시 동대문구 고산자로32길 78, 지하1층 (용두동, 청량리역한양수자인그라시엘)",서울특별시 동대문구 용두동 798 청량리역한양수자인그라시엘,02561,2026-04-29,영업/정상
서울,제일한사랑약국,02-437-1098,서울특별시 중랑구 망우로 505 (망우동),서울특별시 중랑구 망우동 128-32 미래학원,02063,2019-10-08,영업/정상
서울,참조아약국,02-976-3323,"서울특별시 중랑구 동일로 952, 101-2호 (묵동, 로프트원 태릉입구역)",서울특별시 중랑구 묵동 169-12 로프트원 태릉입구역,02033,2020-08-11,영업/정상
서울,씨엘약국,02-434-9888,"서울특별시 중랑구 상봉로 131 (상봉동, 상봉 듀오트리스)",서울특별시 중랑구 상봉동 501 상봉 듀오트리스,02150,2023-05-03,영업/정상
서울,튼튼약국,02-435-6985,"서울특별시 중랑구 면목로 358, 1층 (면목동)",서울특별시 중랑구 면목동 428-8 1층,02210,2014-11-13,영업/정상
서울,3층엠코약국,02-434-7707,"서울특별시 중랑구 망우로 353, C동 309호 (상봉동, 상봉 프레미어스 엠코)",서울특별시 중랑구 상봉동 500 현대엠코이노시티,02087,2021-06-23,영업/정상
서울,백세약국,3421-7015,"서울특별시 중랑구 신내로 82, 1층 109호 (신내동)",서울특별시 중랑구 신내동 667 1층 109호,02067,2013-07-09,영업/정상
서울,상봉태평양약국,02-432-2019,"서울특별시 중랑구 면목로 481, 오렌지타워 101호 (상봉동)",서울특별시 중랑구 상봉동 113-4 오렌지타워,02137,2020-12-30,영업/정상
서울,수정온누리약국,02-764-9363,"서울특별시 중랑구 동일로 933, 1층 (묵동)",서울특별시 중랑구 묵동 238-1 묵동제일정형외과,02005,2019-07-26,영업/정상
서울,국제약국,02-3423-0828,서울특별시 중랑구 신내로 71 (신내동),서울특별시 중랑구 신내동 559-2,02076,2016-03-25,영업/정상
서울,클로버팜약국,02-434-7184,"서울특별시 중랑구 사가정로49길 49, 팜1약국 (면목동)",서울특별시 중랑구 면목동 573-12 팜1약국,02221,2022-04-20,영업/정상
서울,수약국,02-3421-1459,"서울특별시 중랑구 신내로 82, 금강프라자 (신내동)",서울특별시 중랑구 신내동 667 금강프라자,02067,2019-12-18,영업/정상
서울,더튼튼약국,02-2248-7038,"서울특별시 중랑구 면목로39길 23, 1층 (면목동)",서울특별시 중랑구 면목동 651-1,02237,2026-06-19,영업/정상
서울,편안한사가정약국,02-495-1050,"서울특별시 중랑구 사가정로 398, JS빌딩 101, 102호 (면목동)",서울특별시 중랑구 면목동 611-5 JS빌딩,02249,2026-06-10,영업/정상
서울,그랜드약국,02-433-8447,"서울특별시 중랑구 사가정로 399, 동부빌딩 1층 (면목동)",서울특별시 중랑구 면목동 472-44 동부빌딩,02214,2026-05-04,영업/정상
서울,3층맑은약국,02-432-1365,"서울특별시 중랑구 망우로 322, 319호 (상봉동, 상봉역 유보라 퍼스트리브&포스퀘어)",서울특별시 중랑구 상봉동 91-4 상봉역 유보라 퍼스트리브&포스퀘어 319호,02149,2026-06-15,영업/정상
서울,팜코리아약국,02-433-8421,서울특별시 중랑구 면목로 352 (면목동),서울특별시 중랑구 면목동 458-1,02210,2017-05-01,영업/정상
서울,오렌지약국,02-2207-5230,"서울특별시 중랑구 망우로 473, 무궁화빌딩 1층 (망우동)",서울특별시 중랑구 망우동 209-2 무궁화빌딩,02066,2022-09-01,영업/정상
서울,참약국,02-2208-1156,"서울특별시 중랑구 상봉중앙로1길 12, 1층 (상봉동)",서울특별시 중랑구 상봉동 202-1,02091,2025-06-02,영업/정상
서울,준동물약국,02-494-5772,"서울특별시 중랑구 겸재로 180, 안민병원 지하1층 (면목동)",서울특별시 중랑구 면목동 1216 안민병원,02197,2023-01-01,영업/정상
서울,하늘약국,02-435-8813,서울특별시 중랑구 망우로 198 (상봉동),서울특별시 중랑구 상봉동 130-99,02120,2015-11-24,영업/정상
서울,"바르다,허약국",02-433-5953,"서울특별시 중랑구 망우로 305, 지하1층 (상봉동)",서울특별시 중랑구 상봉동 100-7,02098,2021-06-23,영업/정상
서울,진온누리약국,02-433-1003,"서울특별시 중랑구 봉우재로 158, 1층 (면목동)",서울특별시 중랑구 면목동 90-20,02156,2025-09-10,영업/정상
서울,초록약국,02-2208-4451,"서울특별시 중랑구 용마산로 426, 광진빌딩 (면목동)",서울특별시 중랑구 면목동 17-34 광진빌딩,02189,2022-07-13,영업/정상
서울,꽃길약국,02-2208-7746,서울특별시 중랑구 겸재로 181 (면목동),서울특별시 중랑구 면목동 102-19,02161,2020-11-20,영업/정상
서울,면목약국,02-2209-5955,서울특별시 중랑구 겸재로 194 (면목동),서울특별시 중랑구 면목동 105-7,02197,2015-11-11,영업/정상
서울,제이약국,02-433-1520,"서울특별시 중랑구 동일로92길 57, 메디포레 (면목동)",서울특별시 중랑구 면목동 156-5 메디포레,02223,2022-02-04,영업/정상
서울,참약사엠바른약국,02-2039-0244,"서울특별시 중랑구 겸재로 164, 1층 103호 (면목동)",서울특별시 중랑구 면목동 118-1,02218,2021-07-09,영업/정상
서울,상아약국,02-434-0118,"서울특별시 중랑구 용마산로 494, 상아빌딩 1층 (망우동)",서울특별시 중랑구 망우동 410-1 상아빌딩,02182,2022-01-11,영업/정상
서울,마트약국,02-979-8606,"서울특별시 중랑구 동일로 932, 202동 301호 (묵동, 묵동자이아파트)",서울특별시 중랑구 묵동 170-1 묵동자이아파트,02033,2022-10-21,영업/정상
서울,다나약국,02-437-1357,"서울특별시 중랑구 사가정로49길 50, 다나약국 (면목동)",서울특별시 중랑구 면목동 572-1 다나약국,02221,2020-07-04,영업/정상
서울,황약국,031-528-5187,"서울특별시 중랑구 망우로 402, 1층 (망우동)",서울특별시 중랑구 망우동 490-9,02163,2023-04-27,영업/정상
서울,밝은온누리약국,02-496-9871,"서울특별시 중랑구 동일로 634, 덕천빌딩 (면목동)",서울특별시 중랑구 면목동 146-73 덕천빌딩,02140,2020-08-06,영업/정상
서울,태릉프라자약국,2208-0922,서울특별시 중랑구 중랑역로 51 (중화동),서울특별시 중랑구 중화동 315-10,,2011-01-11,영업/정상
서울,늘푸른솔약국,02-439-3435,서울특별시 중랑구 겸재로 178 (면목동),서울특별시 중랑구 면목동 115-1,02219,2016-05-19,영업/정상
서울,다올약국,02-6402-7582,서울특별시 중랑구 봉우재로 232 (망우동),서울특별시 중랑구 망우동 460-27,02173,2020-08-10,영업/정상
서울,365프라자약국,02-978-4266,"서울특별시 중랑구 공릉로 63, 1층 (묵동)",서울특별시 중랑구 묵동 162-2,02032,2017-01-31,영업/정상
서울,대일약국,02-433-1712,서울특별시 중랑구 상봉중앙로1길 32 (상봉동),서울특별시 중랑구 상봉동 190-68,02091,2019-11-14,영업/정상
서울,세계로 약국,02-432-3284,"서울특별시 중랑구 동일로 775, 그린빌딩 (중화동)",서울특별시 중랑구 중화동 303-14 그린빌딩,02102,2020-12-01,영업/정상
서울,정문약국,070-4402-2579,서울특별시 중랑구 신내로16길 17 (신내동),서울특별시 중랑구 신내동 315-3,02053,2021-03-18,영업/정상
서울,양지약국,032-284-4744,서울특별시 중랑구 동일로 865 (묵동),서울특별시 중랑구 묵동 245-4,02010,2023-06-16,영업/정상
서울,가까운약국,02-494-0388,서울특별시 중랑구 겸재로9길 53 (면목동),서울특별시 중랑구 면목동 178-52,02134,2024-10-08,영업/정상
서울,스마일약국,02-955-6314,"서울특별시 중랑구 동일로 905, 창성빌딩 2층 (묵동)",서울특별시 중랑구 묵동 239-51 창성빌딩,02006,2022-06-21,영업/정상
서울,에이스약국,02-2039-5077,"서울특별시 중랑구 중랑천로 105, 양우빌딩 (중화동)",서울특별시 중랑구 중화동 324-148 양우빌딩,02114,2019-06-18,영업/정상
서울,다온약국,02-972-1214,"서울특별시 중랑구 공릉로 8, 102,103호 (묵동, 대길빌딩)",서울특별시 중랑구 묵동 176-15 대길빌딩,02037,2021-04-07,영업/정상
서울,이레온누리약국,02-2039-2936,"서울특별시 중랑구 겸재로 237, 1층 (망우동)",서울특별시 중랑구 망우동 525-5,02175,2022-05-02,영업/정상
서울,새부산약국,070-888-7321,"서울특별시 성북구 돌곶이로 152, 1층 (장위동)",서울특별시 성북구 장위동 75-306,02765,2021-04-15,영업/정상
서울,한미약국,02-925-0825,서울특별시 성북구 종암로 97 (종암동),서울특별시 성북구 종암동 88-3,02804,2017-07-04,영업/정상
서울,보림약국,02-762-7521,서울특별시 성북구 동소문로 15 (동소문동1가),서울특별시 성북구 동소문동1가 32-2,02833,2017-06-16,영업/정상
서울,바른온누리약국,02-942-4750,"서울특별시 성북구 화랑로 76, 코업스타클래스 1층 (하월곡동)",서울특별시 성북구 하월곡동 46-73 코업스타클래스,02751,2022-08-24,영업/정상
서울,참약사패밀리약국,02-6951-2999,"서울특별시 성북구 종암로 147, 1층 (종암동)",서울특별시 성북구 종암동 124-129,02802,2024-07-25,영업/정상
서울,아프지마365약국,02-929-7252,"서울특별시 성북구 동소문로20가길 12, 1층 (동선동1가)",서울특별시 성북구 동선동1가 2-5,02845,2026-05-21,영업/정상
서울,부민약국,02-912-7393,서울특별시 성북구 화랑로13길 9 (하월곡동),서울특별시 성북구 하월곡동 18-8,02751,2017-06-13,영업/정상
서울,365약국,02-985-1365,"서울특별시 성북구 동소문로 321, 1층 (길음동)",서울특별시 성북구 길음동 21-79,02729,2019-08-12,영업/정상
서울,이화프라자약국,02-914-2053,"서울특별시 성북구 보국문로 50, 청수프라자 (정릉동)",서울특별시 성북구 정릉동 401-46 청수프라자,02717,2024-01-08,영업/정상
서울,조아약국,02-919-8575,"서울특별시 성북구 화랑로 87, 1층 (하월곡동)",서울특별시 성북구 하월곡동 37-6,02751,2020-04-24,영업/정상
서울,프라임온누리약국,02-916-9472,"서울특별시 성북구 월계로40길 7, 센트럴타운 109호,110호 (장위동)",서울특별시 성북구 장위동 316-3 센트럴타운,02759,2020-02-25,영업/정상
서울,백화점약국,02-964-6230,서울특별시 성북구 돌곶이로 61 (석관동),서울특별시 성북구 석관동 252-5,02787,2019-08-13,영업/정상
서울,돌곶이온누리약국,02-967-5555,"서울특별시 성북구 화랑로 248, 장위뉴타워 102, 102-1호 (석관동)",서울특별시 성북구 석관동 349-1 장위뉴타워,02787,2023-04-03,영업/정상
서울,성신필약국,02-925-6100,"서울특별시 성북구 아리랑로 7-1, 동소문동근생 1층 (동소문동6가)",서울특별시 성북구 동소문동6가 143-2 동소문동근생,02830,2023-02-03,영업/정상
서울,정원약국,02-6959-2041,"서울특별시 성북구 돌곶이로 176, 1층 (장위동)",서울특별시 성북구 장위동 237-82,02766,2020-06-01,영업/정상
서울,공원아이사랑약국,02-909-0322,"서울특별시 성북구 동소문로44길 17, 102동 106호 (하월곡동, 성북힐스테이트)",서울특별시 성북구 하월곡동 88-957 성북힐스테이트,02733,2023-03-23,영업/정상
서울,성북녹십자약국,02-926-4166,서울특별시 성북구 동소문로 32 (동소문동3가),서울특별시 성북구 동소문동3가 11,02860,2016-08-03,영업/정상
서울,보문약국,02-921-3844,서울특별시 성북구 보문로 123 (보문동2가),서울특별시 성북구 보문동2가 104,02871,2019-06-17,영업/정상
서울,연세정약국,02-943-0900,"서울특별시 성북구 화랑로 201, 대영치과 (장위동)",서울특별시 성북구 장위동 65-177 대영치과,02773,2021-03-22,영업/정상
서울,온누리성모약국,02-927-1282,"서울특별시 성북구 성북로4길 52, 417동 1102호 (돈암동, 한신한진아파트)",서울특별시 성북구 돈암동 609-1 한신한진아파트,02831,2022-04-15,영업/정상
서울,정릉열린약국,02-911-2486,서울특별시 성북구 보국문로 40-3 (정릉동),서울특별시 성북구 정릉동 403-9,02717,2018-01-19,영업/정상
서울,길음드림약국,02-942-8333,"서울특별시 성북구 길음로 11, 1층 139호 (길음동, 길음역롯데캐슬트윈골드아파트)",서울특별시 성북구 길음동 542-1 길음역롯데캐슬트윈골드아파트,02722,2024-08-29,영업/정상
서울,소망약국,02-918-8055,서울특별시 성북구 정릉로 322 (정릉동),서울특별시 성북구 정릉동 16-174,02816,2017-07-10,영업/정상
서울,서현약국,3292-0999,서울특별시 성북구 정릉로 308(정릉동),서울특별시 성북구 정릉동 14-24,02816,2017-06-28,영업/정상
서울,행복한온누리약국,02-928-8276,서울특별시 성북구 고려대로 88 (안암동5가),서울특별시 성북구 안암동5가 146-4,02855,2024-01-16,영업/정상
서울,한강약국,02-980-5350,"서울특별시 성북구 도봉로 3, 대양직업전문학교,현대스위스저축은행빌딩 1층 (길음동)","서울특별시 성북구 길음동 864-18 대양직업전문학교,현대스위스저축은행빌딩",02729,2019-07-02,영업/정상
서울,세종약국,02-914-3685,"서울특별시 성북구 보국문로 168, 1층 (정릉동)",서울특별시 성북구 정릉동 779-1,02701,2024-01-11,영업/정상
서울,성북동비둘기약국,02-6951-2403,"서울특별시 성북구 성북로 3, 1층 102호 (성북동1가)",서울특별시 성북구 성북동1가 35-33,02880,2025-12-08,영업/정상
서울,신세원약국,02-909-0928,"서울특별시 성북구 길음로7길 6, 길음뉴타운9단지래미안 상가 상가동 1층 7호 (길음동)",서울특별시 성북구 길음동 1286-10 길음뉴타운9단지래미안 상가,02721,2021-01-07,영업/정상
서울,새민우약국,02-917-4275,"서울특별시 성북구 북악산로 845, 203동 301호 (정릉동, 정릉쌍용아파트)",서울특별시 성북구 정릉동 1017 정릉쌍용아파트 203동 301호,02818,2018-08-20,영업/정상
서울,이화약국,02-911-4326,"서울특별시 성북구 길음로 20, 길음뉴타운,래미안길음3차아파트 상가 1층 116호 (길음동)","서울특별시 성북구 길음동 1283-4 길음뉴타운,래미안길음3차아파트 상가",02725,2020-05-07,영업/정상
서울,다온약국,02-6095-7645,"서울특별시 성북구 보국문로 68, 1층 (정릉동)",서울특별시 성북구 정릉동 285-12,02711,2024-01-10,영업/정상
서울,모아약국,02-942-4534,"서울특별시 성북구 화랑로11길 23, 1층 (하월곡동)",서울특별시 성북구 하월곡동 27-24,02751,2023-10-30,영업/정상
서울,편안한약국,02-925-6700,서울특별시 성북구 동소문로20다길 2 (동선동1가),서울특별시 성북구 동선동1가 4-13,02845,2020-03-20,영업/정상
서울,2층다온약국,02-915-0022,"서울특별시 성북구 길음로 11, 102동 상가 226호 (길음동, 길음역롯데캐슬트윈골드아파트)",서울특별시 성북구 길음동 542-1 길음역롯데캐슬트윈골드아파트,02722,2019-07-03,영업/정상
서울,힘찬약국,02-942-2088,서울특별시 성북구 보국문로 14 (정릉동),서울특별시 성북구 정릉동 413-16,02718,2023-08-10,영업/정상
서울,세원약국,02-922-6060,"서울특별시 성북구 동소문로20가길 51 (동선동1가, 수국빌딩)",서울특별시 성북구 동선동1가 119-9,02845,2017-06-16,영업/정상
서울,봄약국,02-2678-7684,"서울특별시 성북구 보문로 183, 2층 (삼선동4가, 논현빌딩)",서울특별시 성북구 삼선동4가 336 논현빌딩 2층,02861,2017-09-22,영업/정상
서울,진약국,02-942-0700,"서울특별시 성북구 장월로 146, 1층 (장위동)",서울특별시 성북구 장위동 203-4,02766,2019-09-06,영업/정상
서울,참약사엘림약국,02-6052-7791,"서울특별시 성북구 동소문로 18-1, 애산빌딩 1층 (동소문동2가)",서울특별시 성북구 동소문동2가 227 애산빌딩,02860,2021-10-26,영업/정상
서울,미소담약국,02-6349-2589,"서울특별시 성북구 보국문로 49, 1층 (정릉동)",서울특별시 성북구 정릉동 400-2,02709,2017-07-25,영업/정상
서울,꿈의숲약국,02-941-2835,"서울특별시 성북구 돌곶이로 183, 1층 (장위동)",서울특별시 성북구 장위동 237-247,02754,2025-07-27,영업/정상
서울,숭인약국,02-988-7196,"서울특별시 강북구 도봉로 59, 1층 (미아동)",서울특별시 강북구 미아동 61-85 1층,01211,2018-09-27,영업/정상
서울,종로태평양약국,02-985-0393,서울특별시 강북구 오패산로 130 (미아동),서울특별시 강북구 미아동 53-1,01233,2013-06-26,영업/정상
서울,새솔약국,02-903-7525,"서울특별시 강북구 도봉로 332, 홍승빌딩 1층 (번동)",서울특별시 강북구 번동 446-24 홍승빌딩,01062,2020-08-18,영업/정상
서울,뉴타운동물약국,02-982-0721,"서울특별시 강북구 삼양로27길 43, 201호 (미아동, 위브 테라스 파크)",서울특별시 강북구 미아동 811-9 위브테라스파크상가 201호,01197,2016-08-11,영업/정상
서울,혜민약국,02-6406-1177,"서울특별시 강북구 솔샘로67길 118, 1층 (미아동)",서울특별시 강북구 미아동 317-12 1층,01175,2026-06-02,영업/정상
서울,번동종로약국,02-981-2030,서울특별시 강북구 오현로34길 23-4 (번동),서울특별시 강북구 번동 305-6,01224,2013-06-05,영업/정상
서울,씨앤메디컬온누리약국,02-998-7712,"서울특별시 강북구 삼양로 502, 1층 (수유동)",서울특별시 강북구 수유동 278-3 1층,01037,2026-08-11,영업/정상
서울,삼화온누리약국,02-982-0955,"서울특별시 강북구 도봉로 196, 1층 (미아동)",서울특별시 강북구 미아동 121-19 1층,01157,2015-06-29,영업/정상
서울,수유프라자약국,02-985-0071,"서울특별시 강북구 덕릉로 42, 1층 (수유동)",서울특별시 강북구 수유동 472-8 1층,01111,2017-05-25,영업/정상
서울,매일약국,02-993-4341,"서울특별시 강북구 도봉로 387, 1층 (수유동)",서울특별시 강북구 수유동 173-15 1층,01054,2014-04-14,영업/정상
서울,미양온누리약국,02-955-0783,서울특별시 강북구 솔샘로 229-1 (미아동),서울특별시 강북구 미아동 838-19,01188,2017-04-21,영업/정상
서울,수유대학약국,02-991-0361,"서울특별시 강북구 삼양로 431-1 (수유동, 수유대학약국)",서울특별시 강북구 수유동 343-10,01034,2016-06-14,영업/정상
서울,가족사랑약국,02-945-3720,서울특별시 강북구 오패산로52길 39 (미아동),서울특별시 강북구 미아동 258-134,01152,2013-06-05,영업/정상
서울,밝은현대약국,02-6408-8890,"서울특별시 강북구 한천로132길 26, 1층 (번동)",서울특별시 강북구 번동 462-23,01058,2020-10-12,영업/정상
서울,대창동물약국,02-989-2267,서울특별시 강북구 월계로 53 (미아동),서울특별시 강북구 미아동 1318,01237,2016-04-19,영업/정상
서울,조아약국,070-7757-1436,서울특별시 강북구 도봉로13길 13 (미아동),서울특별시 강북구 미아동 61-51,01206,2013-11-14,영업/정상
서울,옵티마네오프라자약국,02-995-8276,"서울특별시 강북구 도봉로 352, 1층 102호 (번동, 효성네오인텔리안)",서울특별시 강북구 번동 418-3 효성인텔리안네오프라자 1층 102호,01063,2016-07-22,영업/정상
서울,라라온누리약국,02-998-1335,"서울특별시 강북구 도봉로 295, 1층 (수유동)",서울특별시 강북구 수유동 47-2 1층,01081,2018-12-14,영업/정상
서울,미아팜약국,02-988-2376,"서울특별시 강북구 도봉로 65, 1층 (미아동)",서울특별시 강북구 미아동 62-30 1층,01205,2017-12-04,영업/정상
서울,요나약국,02-988-8834,서울특별시 강북구 솔샘로 254 (미아동),서울특별시 강북구 미아동 688-5,01194,2013-07-08,영업/정상
서울,건강비타민약국,02-984-4777,서울특별시 강북구 솔매로 59 (미아동),서울특별시 강북구 미아동 775-3,01127,2016-04-21,영업/정상
서울,다나을약국,02-900-3133,"서울특별시 강북구 도봉로 333 (수유동, 정우빌딩 6층)",서울특별시 강북구 수유동 229-5 정우빌딩 6층,01073,2013-06-20,영업/정상
서울,에버그린약국,02-999-7101,서울특별시 강북구 한천로 1000 (번동),서울특별시 강북구 번동 460-17,01059,2013-05-19,영업/정상
서울,화원약국,02-998-2892,"서울특별시 강북구 삼양로 469, 1층 (수유동)",서울특별시 강북구 수유동 319-5 1층,01029,2018-07-13,영업/정상
서울,한사랑온누리약국,02-980-1214,서울특별시 강북구 인수봉로 142 (수유동),서울특별시 강북구 수유동 468-78,01100,2013-06-26,영업/정상
서울,중앙온누리약국,02-903-3005,"서울특별시 도봉구 덕릉로 241, 1층 (창동)",서울특별시 도봉구 창동 581-77,01470,2022-11-16,영업/정상
서울,참좋은약국,02-900-2055,"서울특별시 도봉구 도봉로 496, 1층 102호 (창동)",서울특별시 도봉구 창동 661-38,01453,2026-05-08,영업/정상
서울,산들약국,070-4369-0101,"서울특별시 도봉구 도당로13길 17, 산들약국 1층 (방학동)",서울특별시 도봉구 방학동 632-57,01357,2026-04-08,영업/정상
서울,사랑약국,02-3492-2828,"서울특별시 도봉구 방학로 169, 1층 (방학동)",서울특별시 도봉구 방학동 670-2,01384,2026-03-27,영업/정상
서울,신창약국,02-902-3534,"서울특별시 도봉구 덕릉로 258, 호원프라자 1층 1호 (창동)",서울특별시 도봉구 창동 568-30 호원프라자,01474,2023-03-30,영업/정상
서울,뉴지명약국,02-993-2082,서울특별시 도봉구 덕릉로 236 (창동),서울특별시 도봉구 창동 557-9,01473,2018-09-10,영업/정상
서울,하나약국,02-954-1504,서울특별시 도봉구 마들로 697 (도봉동),서울특별시 도봉구 도봉동 623-84,01328,2024-03-19,영업/정상
서울,방학태평양약국,3491-6626,"서울특별시 도봉구 도당로 80, 1층 (방학동, 방학동근생)",서울특별시 도봉구 방학동 696,01342,2017-09-12,영업/정상
서울,태양당약국,3493-0664,서울특별시 도봉구 시루봉로15길 36 (방학동),서울특별시 도봉구 방학동 605-29,01314,2004-07-13,영업/정상
서울,착한약국,02-905-2597,"서울특별시 도봉구 덕릉로 253, 1층 (창동)",서울특별시 도봉구 창동 601-32,01469,2022-08-29,영업/정상
서울,쌍문상록수약국,02-991-4637,"서울특별시 도봉구 해등로26길 7, 우진빌딩 110 116호 (쌍문동)",서울특별시 도봉구 쌍문동 215-1,01387,2020-09-07,영업/정상
서울,나진약국,3491-9158,서울특별시 도봉구 방학로 223 (방학동),서울특별시 도봉구 방학동 271-2,01362,2016-06-30,영업/정상
서울,레몬약국,070-2724-9606,"서울특별시 도봉구 시루봉로 106, 1층 111호 (방학동)",서울특별시 도봉구 방학동 484-15,01382,2017-10-25,영업/정상
서울,은은약국,02-955-3011,"서울특별시 도봉구 시루봉로 105, 신동아상가 1층 111호 (방학동)",서울특별시 도봉구 방학동 271-4 신동아상가,01362,2023-03-13,영업/정상
서울,종로프라자약국,02-907-4266,서울특별시 도봉구 노해로65길 14-3 (창동),서울특별시 도봉구 창동 75-1,01405,2019-01-11,영업/정상
서울,창동종로약국,02-992-2376,"서울특별시 도봉구 노해로63길 84-3, 1층 (창동)",서울특별시 도봉구 창동 135-15,01405,2023-02-16,영업/정상
서울,바로약국,02-2684-8358,"서울특별시 도봉구 도봉로136다길 26-1, 1층 (창동)",서울특별시 도봉구 창동 748-2,01397,2025-09-25,영업/정상
서울,백세약국,3492-9373,서울특별시 도봉구 도당로15길 12 (방학동),서울특별시 도봉구 방학동 660,,2004-07-29,영업/정상
서울,혜민약국,02-954-1653,서울특별시 도봉구 도봉로159길 17(도봉동),서울특별시 도봉구 도봉동 603-7,01309,2022-10-24,영업/정상
서울,중계상록수약국,02-931-6528,"서울특별시 노원구 중계로 218, 원광빌딩 1층 102호 (중계동)",서울특별시 노원구 중계동 359-14 원광빌딩 1층 102호,01714,2019-12-19,영업/정상
서울,월계약국,02-905-2340,"서울특별시 노원구 월계로45길 28, 월계아파트형공장 1층 2-3호 (월계동)",서울특별시 노원구 월계동 562 월계아파트형공장 2-3호,01882,2026-02-19,영업/정상
서울,정다운약국,02-6081-3281,"서울특별시 노원구 초안산로2라길 26, 상가동 204호 (월계동, 월계센트럴아이파크아파트)",서울특별시 노원구 월계동 951 월계센트럴아이파크아파트 상가동 204호,01879,2021-03-30,영업/정상
서울,제일약국,02-978-7575,"서울특별시 노원구 노원로 246, 욱현하이브 105호 (하계동)",서울특별시 노원구 하계동 256-12 욱현하이브 105호,01750,2021-05-17,영업/정상
서울,동문약국,02-949-7070,서울특별시 노원구 공릉로59나길 78-10 (하계동),서울특별시 노원구 하계동 191,01830,2020-07-03,영업/정상
서울,유명약국,070-8291-3678,"서울특별시 노원구 동일로192길 83, 용마빌딩 105호 (공릉동)",서울특별시 노원구 공릉동 441-145 용마빌딩 105호,01833,2021-05-12,영업/정상
서울,시온약국,02-936-9301,"서울특별시 노원구 한글비석로 459, 한보빌딩 1층 (상계동)",서울특별시 노원구 상계동 449-8 한보빌딩,01679,2022-05-18,영업/정상
서울,길약국,02-3392-3707,서울특별시 노원구 상계로 306(상계동),서울특별시 노원구 상계동 65-28,01637,2023-03-30,영업/정상
서울,삼호약국,02-832-2799,"서울특별시 노원구 마들로 111, 207,208호 (월계동, 월계미륭아파트,월계삼호아파트)","서울특별시 노원구 월계동 13 월계미륭아파트,월계삼호아파트",01909,2026-01-13,영업/정상
서울,늘한마음약국,02-3392-5406,"서울특별시 노원구 노해로 494, 고려빌딩 1층 109호 (상계동)",서울특별시 노원구 상계동 724-3 고려빌딩 109호,01751,2020-07-24,영업/정상
서울,신동아약국,02-978-5345,"서울특별시 노원구 마들로3길 15, 월계이마트 2층 (월계동)",서울특별시 노원구 월계동 333-1 월계이마트 2층,01906,2021-04-08,영업/정상
서울,늘한마음약국,031-232-6423,"서울특별시 노원구 노해로 494, 고려빌딩 109호 (상계동)",서울특별시 노원구 상계동 724-3 고려빌딩,01751,2023-11-06,영업/정상
서울,척척약국,02-6465-0707,"서울특별시 노원구 노원로 412, 1층 (상계동)",서울특별시 노원구 상계동 318-1,01704,2025-05-08,영업/정상
서울,상계누리약국,02-3391-8744,서울특별시 노원구 동일로 1678 (상계동),서울특별시 노원구 상계동 1115-2,01625,2024-08-13,영업/정상
서울,빛소금온누리약국,02-975-1070,"서울특별시 노원구 한글비석로 56, 미성아파트상가 105호 (하계동)",서울특별시 노원구 하계동 280 미성아파트,01829,2021-09-16,영업/정상
서울,소명약국,02-934-9114,"서울특별시 노원구 동일로250길 17, 108호 (상계동, 은빛3단지아파트)",서울특별시 노원구 상계동 1264 은빛3단지아파트,01621,2025-06-18,영업/정상
서울,길 약국,3392-3707,,서울특별시 노원구 상계동 상계6구역 39블럭 5롯트,,2004-04-06,영업/정상
서울,참말로친절한약국,02-932-1186,서울특별시 노원구 동일로 1382 (상계동),서울특별시 노원구 상계동 728-7,01751,2020-07-09,영업/정상
서울,메디칼약국,02-933-3588,"서울특별시 노원구 동일로 1550, 고려프라자빌딩 206호 (상계동)",서울특별시 노원구 상계동 649-2 고려프라자빌딩 206호,01674,2021-08-06,영업/정상
서울,정성약국,02-939-6522,"서울특별시 노원구 한글비석로 263, 성모빌딩 302-1호 (중계동)",서울특별시 노원구 중계동 359-11 성모빌딩 302-1호,01714,2020-07-03,영업/정상
서울,참조은약국,02-6397-6262,"서울특별시 노원구 상계로3길 10, 한일빌딩 106호 (상계동)",서울특별시 노원구 상계동 593-3 한일빌딩 106호,01693,2021-07-09,영업/정상
서울,인덕약국,02-993-6250,"서울특별시 노원구 월계로 370, 희성프라자 1층 (월계동)",서울특별시 노원구 월계동 321-2 희성프라자,01905,2018-01-12,영업/정상
서울,아이튼튼약국,02-972-0246,"서울특별시 노원구 동일로 1059, 1층 좌측호 (공릉동)",서울특별시 노원구 공릉동 398-23 1층 좌측호,01857,2021-07-09,영업/정상
서울,새고운약국,02-973-9286,서울특별시 노원구 동일로 1003 (공릉동),서울특별시 노원구 공릉동 615-21,01861,2016-11-16,영업/정상
서울,마들소아약국,02-932-3900,"서울특별시 노원구 동일로 1538, 12단지 종합상가 201호 (상계동)",서울특별시 노원구 상계동 649 12단지 종합상가 201호,01674,2020-10-07,영업/정상
서울,아이사랑약국,02-939-9793,"서울특별시 노원구 노원로34길 112, 코럴빌딩 1층 (상계동)",서울특별시 노원구 상계동 456-55 코럴빌딩,01679,2023-12-26,영업/정상
서울,올리브메디컬약국,02-951-0215,"서울특별시 노원구 동일로 1335, 대원빌딩 1층 (상계동)",서울특별시 노원구 상계동 763-4 대원빌딩,01767,2024-12-23,영업/정상
서울,건강과행복이열리는약국,02-933-9696,"서울특별시 노원구 한글비석로 242, 삼부프라자 113, 114호 (중계동)","서울특별시 노원구 중계동 364-19 삼부프라자 113, 114호",01734,2021-02-16,영업/정상
서울,연세큰약국,02-941-2862,"서울특별시 노원구 석계로1길 14, 외 2필지 엔터빌딩 지하1층 (월계동)",서울특별시 노원구 월계동 55-14,01902,2025-04-15,영업/정상
서울,상계온누리약국,02-935-1777,"서울특별시 노원구 덕릉로 780 (상계동, 동아불암아파트)",서울특별시 노원구 상계동 1285 동아불암아파트,01647,2024-08-26,영업/정상
서울,the사랑약국,02-933-3678,"서울특별시 노원구 한글비석로 331, 중계주공3단지 아파트상가   101호 (중계동)",서울특별시 노원구 중계동 358 중계의원,01711,2018-01-23,영업/정상
서울,삼기약국,02-3391-7698,"서울특별시 노원구 중계로 120, 득림빌딩 1층 (중계동)",서울특별시 노원구 중계동 58-64 득림빌딩 1층,01726,2020-11-06,영업/정상
서울,무궁화약국,02-971-0072,"서울특별시 노원구 한글비석로 77, 한성여객(주) 1층 (하계동)","서울특별시 노원구 하계동 283 한성여객(주), 1층",01790,2021-04-08,영업/정상
서울,올바른 약국,02-952-2250,"서울특별시 노원구 동일로 1493, 상계주공아파트(10단지) 상가동 (상계동)",서울특별시 노원구 상계동 666-3 상계주공아파트(10단지),01675,2022-02-11,영업/정상
서울,늘한마음약국,02-3392-5406,"서울특별시 노원구 노해로 494, 고려빌딩 109호 (상계동)",서울특별시 노원구 상계동 724-3 고려빌딩,01751,2024-07-23,영업/정상
서울,빠른약국,02-932-6222,"서울특별시 노원구 동일로 1350, 삼양빌딩 107, 108호 (상계동)",서울특별시 노원구 상계동 749-8 삼양빌딩,01756,2022-11-28,영업/정상
서울,365정화약국,02-935-4869,"서울특별시 노원구 상계로 59, 동익빌딩 1층 7, 8호 (상계동)","서울특별시 노원구 상계동 693-4 동익빌딩 1층 7, 8호",01694,2020-11-16,영업/정상
서울,올리브약국,02-977-8001,"서울특별시 노원구 동일로203가길 29, 상가동 205,506호 (중계동, 브라운스톤중계)",서울특별시 노원구 중계동 506,01779,2017-04-12,영업/정상
서울,노원월계동물약국,02-542-1572,"서울특별시 노원구 월계로45가길 94, 상가동 101호 (월계동, 월계청백4단지아파트)",서울특별시 노원구 월계동 781,01876,2016-04-06,영업/정상
서울,드림약국,02-937-0400,"서울특별시 노원구 동일로 1677, 제성빌딩 (상계동)",서울특별시 노원구 상계동 1132-59 제성빌딩,01607,2024-10-29,영업/정상
서울,365행복약국,02-469-2490,"서울특별시 노원구 한글비석로 57, 세이브존 지하 1층 (하계동)",서울특별시 노원구 하계동 284 세이브존,01784,2019-08-09,영업/정상
서울,백세약국,02-977-0104,"서울특별시 노원구 동일로 1002, 101호 (공릉동)",서울특별시 노원구 공릉동 617-2,01849,2018-07-17,영업/정상
서울,봄날약국,02-356-9647,"서울특별시 은평구 통일로 1080, A동 117-1호 (진관동, 은평뉴타운솔하임)",서울특별시 은평구 진관동 60 은평뉴타운솔하임 A동 117-1호,03300,2026-05-22,영업/정상
서울,태평양리드팜약국,02-307-7003,"서울특별시 은평구 응암로 235, 대성빌딩 (응암동)",서울특별시 은평구 응암동 578-16 대성빌딩,03457,2025-10-22,영업/정상
서울,정다운온누리약국,02-388-1226,서울특별시 은평구 갈현로 260 (갈현동),서울특별시 은평구 갈현동 451-1,03331,2017-11-08,영업/정상
서울,더채움허준약국,02-302-1550,"서울특별시 은평구 응암로 168-1, 새로나빌딩 1층 (응암동)",서울특별시 은평구 응암동 603-63 새로나빌딩 1층,03478,2026-03-13,영업/정상
서울,신사현대약국,02-359-5001,"서울특별시 은평구 가좌로 329, 1층 (신사동)",서울특별시 은평구 신사동 228-7 1층,03440,2026-05-19,영업/정상
서울,조아약국,02-373-7525,서울특별시 은평구 응암로 223 (응암동),서울특별시 은평구 응암동 578-49,03457,2026-04-13,영업/정상
서울,정다운약국,02-387-8547,"서울특별시 은평구 진흥로 137, 1층 (대조동)",서울특별시 은평구 대조동 38-10 1층,03395,2022-08-10,영업/정상
서울,민들레약국,02-376-8552,서울특별시 은평구 응암로 179 (응암동),서울특별시 은평구 응암동 598-26,03485,2016-05-11,영업/정상
서울,소원약국,02-372-6474,"서울특별시 은평구 은평터널로 16, DMC파인시티 상가동 304,305호 (수색동)",서울특별시 은평구 수색동 179-10 DMC파인시티 상가동 3043호,03502,2022-11-14,영업/정상
서울,연신내약국,02-389-9288,"서울특별시 은평구 연서로 230, 1층 (대조동)",서울특별시 은평구 대조동 185-36 1층,03385,2022-10-27,영업/정상
서울,초록약국,02-376-7408,서울특별시 은평구 수색로 191 (증산동),서울특별시 은평구 증산동 223-47,03504,2013-08-09,영업/정상
서울,민들레약국,02-376-8552,서울특별시 은평구 응암로 179 (응암동),서울특별시 은평구 응암동 598-26,03485,2019-03-11,영업/정상
서울,새서울약국,02-355-6420,서울특별시 은평구 서오릉로 134 (대조동),서울특별시 은평구 대조동 226-3,03394,2013-06-13,영업/정상
서울,한겨례약국,02-365-7159,서울특별시 은평구 연서로 219 (갈현동),서울특별시 은평구 갈현동 456-36,03331,2016-12-05,영업/정상
서울,우리사랑약국,02-352-4966,"서울특별시 은평구 은평로 108, 1층 103호 (응암동, 메트로럭스주상복합APT)",서울특별시 은평구 응암동 110-9 메트로럭스주상복합APT 1층 103호,03454,2023-01-25,영업/정상
서울,이레약국,02-359-1945,"서울특별시 은평구 통일로 738, 1층 5호 (불광동)",서울특별시 은평구 불광동 274-11 1층 5호,03358,2024-05-01,영업/정상
서울,세계로약국,02-355-0513,서울특별시 은평구 불광로 54(불광동),서울특별시 은평구 불광동 281-12,03368,2021-11-04,영업/정상
서울,어진온누리약국,02-389-7239,"서울특별시 은평구 진관2로 19, 휴먼프라자 I 107호 (진관동)",서울특별시 은평구 진관동 74 휴먼프라자 I 107호,03306,2022-05-17,영업/정상
서울,구세약국,02-372-2705,"서울특별시 은평구 응암로 181, 1층 (응암동)",서울특별시 은평구 응암동 598-1 1층,03485,2026-08-05,영업/정상
서울,은평자연약국,02-389-1101,"서울특별시 은평구 서오릉로 174, A동 106호 (갈현동)",서울특별시 은평구 갈현동 469-1 A동 106호,03336,2017-08-24,영업/정상
서울,온누리연세약국,02-6409-8469,서울특별시 은평구 연서로 181 (갈현동),서울특별시 은평구 갈현동 462-49,03334,2018-06-19,영업/정상
서울,큰솔약국,02-383-8869,"서울특별시 은평구 연서로 12, 청암빌딩 1층 (역촌동)",서울특별시 은평구 역촌동 44-29 청암빌딩,03409,2022-10-18,영업/정상
서울,우리들약국,02-356-1530,"서울특별시 은평구 연서로 35, 1층 (역촌동)",서울특별시 은평구 역촌동 83-1 1층,03421,2023-05-03,영업/정상
서울,큰사랑온누리약국,02-356-3393,"서울특별시 은평구 서오릉로 149, 세웅그룹빌딩 (구산동)",서울특별시 은평구 구산동 2-36 세웅그룹빌딩,03412,2024-03-19,영업/정상
서울,신사프라자약국,02-351-4542,"서울특별시 은평구 갈현로 16, 1층 (신사동)",서울특별시 은평구 신사동 8-22 1층,03423,2019-03-29,영업/정상
서울,대림약국,02-374-2046,"서울특별시 은평구 은평터널로 65, 상가동 101,110호 (수색동, 대림한숲타운아파트)",서울특별시 은평구 수색동 415-1 대림한숲타운아파트 상가동,03491,2021-06-01,영업/정상
서울,응암프라자약국,02-303-3693,서울특별시 은평구 응암로 189 (응암동),서울특별시 은평구 응암동 599-6,03485,2026-01-29,영업/정상
서울,사랑온누리약국,02-356-8875,"서울특별시 은평구 서오릉로 46, 201동 103호 (녹번동, 녹번2차현대아파트)",서울특별시 은평구 녹번동 278-1 201동 103호,03379,2017-08-24,영업/정상
서울,이층약국,02-6085-0466,"서울특별시 은평구 연서로 9, 상가동 2층 205호 (역촌동, 센타폴리스)",서울특별시 은평구 역촌동 85-12 센타폴리스 상가동 205호,03421,2018-03-06,영업/정상
서울,곰약국,02-355-8322,서울특별시 은평구 연서로 73 (역촌동),서울특별시 은평구 역촌동 62-1,03417,2026-01-02,영업/정상
서울,은평성심약국,02-304-1737,"서울특별시 은평구 증산로 371, 은평신용협동조합 102호 (신사동)",서울특별시 은평구 신사동 338-4 은평신용협동조합 102호,03448,2025-08-26,영업/정상
서울,신사현대약국,02-359-5001,"서울특별시 은평구 가좌로 329, 1층 (신사동)",서울특별시 은평구 신사동 228-7,03440,2024-07-26,영업/정상
서울,고일약국,02-303-9715,서울특별시 은평구 증산로3길 8(증산동),서울특별시 은평구 증산동 176-7,03500,2022-05-23,영업/정상
서울,아름다운달과별약국,02-3157-2088,"서울특별시 은평구 통일로 855-8, 연신내진원와이타운 103호 (갈현동)",서울특별시 은평구 갈현동 396-12 연신내진원와이타운 103호,03330,2019-08-22,영업/정상
서울,365구생약국,02-353-1144,"서울특별시 은평구 통일로 739, 1층 (대조동)",서울특별시 은평구 대조동 6-9 1층,03396,2023-09-04,영업/정상
서울,보룡약국,02-356-6321,"서울특별시 은평구 통일로 707, 1층 (대조동)",서울특별시 은평구 대조동 15-120 1층,03397,2025-07-07,영업/정상
서울,열린프라자약국,02-3157-0079,"서울특별시 은평구 통일로 750, 1층 (불광동)",서울특별시 은평구 불광동 267-1 경일빌딩,03355,2017-11-13,영업/정상
서울,뉴타운메디컬약국,02-357-0777,"서울특별시 은평구 진관3로 70, 821동 115호 (진관동, 은평뉴타운상림마을)",서울특별시 은평구 진관동 20 은평뉴타운상림마을 821동 115호,03302,2021-05-18,영업/정상
서울,서울온누리약국,02-356-0709,"서울특별시 은평구 은평로 240, B2층 205,206호 (응암동)","서울특별시 은평구 응암동 1-12 B2층 205,206호",03473,2021-09-15,영업/정상
서울,2층스타약국,02-357-8889,"서울특별시 은평구 진관2로 15-13, 플라이크 은평 W-205호 (진관동)",서울특별시 은평구 진관동 63-1 플라이크 은평 W-205호,03306,2022-05-11,영업/정상
서울,불광일등약국,02-352-1046,"서울특별시 은평구 불광로 25, 1층 (대조동)",서울특별시 은평구 대조동 12-29,03396,2025-05-21,영업/정상
서울,비타민약국,02-308-6464,서울특별시 은평구 응암로 162 (응암동),서울특별시 은평구 응암동 603-59,03478,2023-08-08,영업/정상
서울,중앙약국,02-355-7593,서울특별시 은평구 통일로 875 (갈현동),서울특별시 은평구 갈현동 394-6,03329,2025-09-25,영업/정상
서울,정다운온누리약국,02-388-1226,"서울특별시 은평구 갈현로 260, 1층 (갈현동)",서울특별시 은평구 갈현동 451-1 1층,03331,2024-07-01,영업/정상
서울,제민약국,02-358-8880,서울특별시 은평구 갈현로 253 (갈현동),서울특별시 은평구 갈현동 450-7,03321,2025-02-26,영업/정상
서울,천사약국,02-6385-1213,"서울특별시 은평구 통일로 856, 메트로타워 (불광동)",서울특별시 은평구 불광동 311-13 메트로타워,03345,2018-04-09,영업/정상
서울,참진약국,02-356-6588,"서울특별시 은평구 역말로 40, 무궁화빌딩 (역촌동)",서울특별시 은평구 역촌동 62-3 무궁화빌딩,03417,2026-08-11,영업/정상
서울,봄나라약국,02-3152-5958,"서울특별시 은평구 수색로 200, 401동 212호 (증산동)",서울특별시 은평구 증산동 213-20 401동 212호,03506,2022-06-07,영업/정상
서울,호호약국,02-358-1236,서울특별시 은평구 서오릉로 139 (역촌동),서울특별시 은평구 역촌동 1-1,03398,2017-10-20,영업/정상
서울,메디팜건강약국,02-372-9791,서울특별시 은평구 수색로 270-1 (수색동),서울특별시 은평구 수색동 366-3,03489,2021-01-22,영업/정상
서울,노벨온누리약국,02-357-7070,"서울특별시 은평구 연서로 1, 105호 (역촌동, 리더스파크)",서울특별시 은평구 역촌동 85-41 리더스파크 105호,03421,2020-11-17,영업/정상
서울,응암동물약국,02-373-6288,서울특별시 은평구 가좌로5길 22-1 (응암동),서울특별시 은평구 응암동 747-30,03479,2019-03-25,영업/정상
서울,경하프라자약국,02-385-7271,"서울특별시 은평구 서오릉로 157 (구산동, 유성빌딩)",서울특별시 은평구 구산동 196-3,03412,2017-10-20,영업/정상
서울,연신우리약국,02-382-6229,"서울특별시 은평구 통일로 839, 1층 (대조동)",서울특별시 은평구 대조동 185-6 1층,03385,2026-01-29,영업/정상
서울,진약국,02-356-7464,"서울특별시 은평구 통일로 610, 106호 (녹번동, 힐스테이트녹번)",서울특별시 은평구 녹번동 282 힐스테이트녹번 106호,03373,2023-02-24,영업/정상
서울,불광온누리약국,02-359-0391,서울특별시 은평구 통일로 732 (불광동),서울특별시 은평구 불광동 281-108,03368,2014-01-13,영업/정상
서울,오온누리약국,02-701-7063,서울특별시 은평구 진흥로 97 (역촌동),서울특별시 은평구 역촌동 17-18,03404,2013-09-30,영업/정상
서울,밝은약국,02-386-7585,"서울특별시 은평구 불광로 27, 1층 (대조동)",서울특별시 은평구 대조동 12-12,03396,2020-10-14,영업/정상
서울,연신종로약국,02-359-4341,"서울특별시 은평구 연서로32길 3, 정원빌딩 1층 (불광동)",서울특별시 은평구 불광동 353-66 정원빌딩 1층,03349,2025-04-07,영업/정상
서울,행복약국,02-303-6637,"서울특별시 은평구 은평로 52-3 (신사동, 서일빌딩)",서울특별시 은평구 신사동 22-3,03384,2017-09-07,영업/정상
서울,평화약국,02-6339-3944,서울특별시 은평구 불광로 8 (대조동),서울특별시 은평구 대조동 14-64,03397,2025-10-10,영업/정상
서울,이웃집약국,02-389-6772,"서울특별시 은평구 은평로9길 13, 103호 (응암동)",서울특별시 은평구 응암동 89-1 103호,03461,2022-11-18,영업/정상
서울,큰솔약국,02-383-8869,"서울특별시 은평구 연서로 12, 청암빌딩 (역촌동)",서울특별시 은평구 역촌동 44-29 청암빌딩,03409,2019-06-25,영업/정상
서울,청춘약국,02-355-2877,"서울특별시 은평구 통일로 724, 1층 (불광동)",서울특별시 은평구 불광동 281-100 1층,03368,2022-09-26,영업/정상
서울,셀메드이화약국,02-302-1783,서울특별시 은평구 응암로22길 22 (응암동),서울특별시 은평구 응암동 402-6,03468,2019-12-03,영업/정상
서울,365백화점온누리약국,02-388-8811,"서울특별시 은평구 연서로 257, 1층 (불광동)",서울특별시 은평구 불광동 314-34 1층,03345,2024-02-23,영업/정상
서울,왕약국,02-352-7533,서울특별시 은평구 은평로 137 (응암동),서울특별시 은평구 응암동 87-10,03460,2017-09-07,영업/정상
서울,이화우리약국,02-303-1300,"서울특별시 은평구 은평로 4, 1층 (신사동)",서울특별시 은평구 신사동 29-196 1층,03450,2023-01-10,영업/정상
서울,온누리새소망약국,02-373-3210,"서울특별시 은평구 은평터널로 65 (수색동, 대림한숲타운아파트)",서울특별시 은평구 수색동 415-1 대림한숲타운아파트,03491,2021-05-03,영업/정상
서울,남대문약국,02-351-3668,서울특별시 은평구 통일로87길 19 (갈현동),서울특별시 은평구 갈현동 425-2,03329,2013-07-24,영업/정상
서울,한솔약국,02-386-5917,서울특별시 은평구 갈현로 14(신사동),서울특별시 은평구 신사동 8-18,03423,2023-01-06,영업/정상
서울,이룸약국,02-355-0628,"서울특별시 은평구 서오릉로 145, 상원빌딩 1층 (구산동)",서울특별시 은평구 구산동 1-24 상원빌딩 1층,03412,2025-04-29,영업/정상
서울,은평마리약국,02-351-4668,"서울특별시 은평구 연서로 74, 보광빌딩 1층 (역촌동)",서울특별시 은평구 역촌동 22-1 보광빌딩,03402,2025-03-13,영업/정상
서울,엘약국,02-6956-2258,"서울특별시 은평구 통일로 636, 은평 미드스퀘어 109호 (녹번동)",서울특별시 은평구 녹번동 19-121 은평 미드스퀘어 109호,03372,2021-01-19,영업/정상
서울,신세계약국,02-385-6537,"서울특별시 은평구 진흥로12길 3, 1층 (녹번동)",서울특별시 은평구 녹번동 131-49,03375,2016-01-11,영업/정상
서울,서부새생명약국,02-385-3685,서울특별시 은평구 역말로 72 (역촌동),서울특별시 은평구 역촌동 19-53,03403,2019-12-09,영업/정상
서울,새봄약국,02-352-6384,서울특별시 은평구 은평로 5 (신사동),서울특별시 은평구 신사동 19-153,03437,2018-07-26,영업/정상
서울,뉴타운메디컬약국,02-357-0777,"서울특별시 은평구 진관3로 70 (진관동, 상림마을 상가 821동 115호)",서울특별시 은평구 진관동 20 상림마을 상가821동 115호,03302,2013-08-29,영업/정상
서울,은하약국,02-394-6357,"서울특별시 서대문구 통일로 463, 1층 (홍제동)",서울특별시 서대문구 홍제동 330-54 1층,03636,2022-08-18,영업/정상
서울,파크약국,02-372-3585,"서울특별시 서대문구 증가로 150, 상가동 B205호 (남가좌동, DMC센트럴아이파크)",서울특별시 서대문구 남가좌동 388 DMC센트럴아이파크,03670,2024-02-14,영업/정상
서울,대학약국,02-323-0111,서울특별시 서대문구 연세로11길 4 (창천동),서울특별시 서대문구 창천동 52-3,03788,2024-05-03,영업/정상
서울,튼튼약국,02-304-1179,"서울특별시 서대문구 수색로 100, 103동 1층 (북가좌동, DMC 래미안 e편한세상)",서울특별시 서대문구 북가좌동 481 DMC 래미안 e편한세상 103동,03709,2026-04-02,영업/정상
서울,건강약국,02-373-4439,서울특별시 서대문구 가재울로6길 53-61 (남가좌동),서울특별시 서대문구 남가좌동 346-2,03692,2025-03-20,영업/정상
서울,모범약국,02-372-9139,서울특별시 서대문구 증가로 129 (남가좌동),서울특별시 서대문구 남가좌동 345-3,03692,2020-09-04,영업/정상
서울,서대문약국,02-392-4932,"서울특별시 서대문구 통일로 177, 1층 (옥천동)",서울특별시 서대문구 옥천동 1,03734,2026-01-27,영업/정상
서울,백솔약국,02-309-9926,"서울특별시 서대문구 수색로 56, 성공타워1 6층 607-1호 (북가좌동)",서울특별시 서대문구 북가좌동 487 성공타워1,03791,2024-03-21,영업/정상
서울,하랑약국,02-363-4587,"서울특별시 서대문구 신촌로33길 16, 헤센스마트 더 센트럴 B01호 (북아현동)",서울특별시 서대문구 북아현동 154-6 헤센스마트 더 센트럴 B01호,03774,2024-02-21,영업/정상
서울,우리연세약국,02-577-1887,"서울특별시 서대문구 연희로 40, 1층 (연희동)",서울특별시 서대문구 연희동 353-104,03781,2024-03-13,영업/정상
서울,에버그린약국,02-6052-5071,"서울특별시 서대문구 신촌역로 7, 신촌푸르지오시티 (대현동)",서울특별시 서대문구 대현동 104-5 신촌푸르지오시티,03780,2019-10-15,영업/정상
서울,참조은약국,02-396-3885,"서울특별시 서대문구 홍은중앙로8길 20, 1층 (홍은동)",서울특별시 서대문구 홍은동 9-128,03605,2022-10-25,영업/정상
서울,한빛약국,02-3216-5738,"서울특별시 서대문구 세검정로1길 93, 상가A동 1층 109호 (홍은동, 홍은동벽산아파트)",서울특별시 서대문구 홍은동 455 홍은동벽산아파트 상가A동 109호,03612,2025-05-07,영업/정상
서울,파랑새약국,02-393-3123,"서울특별시 서대문구 이화여대길 3, 1층 (대현동)",서울특별시 서대문구 대현동 40-5 1층,03766,2023-07-03,영업/정상
서울,아현파란문약국,052-244-1221,"서울특별시 서대문구 신촌로35길 10, 지하b1층 b417호 (북아현동, e편한세상신촌 4단지)",서울특별시 서대문구 북아현동 1015 e편한세상신촌 4단지,03772,2019-05-23,영업/정상
서울,명문약국,02-332-5677,서울특별시 서대문구 연희로36길 10 (연희동),서울특별시 서대문구 연희동 165-14,03718,2013-06-03,영업/정상
서울,동백약국,02-6952-1701,"서울특별시 서대문구 증가로 145, 1층 103호 (남가좌동)",서울특별시 서대문구 남가좌동 350-1,03692,2024-11-20,영업/정상
서울,연희종로약국,02-3141-4040,"서울특별시 서대문구 연희로 109, 1층 (연희동)",서울특별시 서대문구 연희동 137-1,03708,2024-08-05,영업/정상
서울,연희위드팜약국,02-312-6949,서울특별시 서대문구 성산로 521 (대신동),서울특별시 서대문구 대신동 50-6,03721,2018-09-13,영업/정상
서울,인왕약국,02-379-6154,"서울특별시 서대문구 인왕시장길 24, 1층 1,2,21호 (홍제동)",서울특별시 서대문구 홍제동 298-7,03628,2023-03-15,영업/정상
서울,새롬약국,02-335-3814,서울특별시 서대문구 증가로 85 (연희동),서울특별시 서대문구 연희동 608,03700,2016-03-04,영업/정상
서울,진약국,02-3143-3755,서울특별시 서대문구 연희로 94 (연희동),서울특별시 서대문구 연희동 187-57 서대문교회,03725,2018-06-05,영업/정상
서울,새현대약국,02-336-0335,"서울특별시 서대문구 연세로 35, 1층 (창천동)",서울특별시 서대문구 창천동 33-9,03788,2025-05-15,영업/정상
서울,혜성약국,02-373-1190,"서울특별시 서대문구 증가로20가길 89, 1층 (북가좌동)",서울특별시 서대문구 북가좌동 3-36,03671,2018-05-29,영업/정상
서울,한사랑온누리약국,02-364-5455,"서울특별시 서대문구 신촌로 183, 유인빌딩 1층 (대현동)",서울특별시 서대문구 대현동 45-8 유인빌딩,03767,2025-01-20,영업/정상
서울,행복약국,02-6407-3119,"서울특별시 서대문구 거북골로 17, 1층 (홍은동)",서울특별시 서대문구 홍은동 409-34,03662,2020-07-02,영업/정상
서울,홍제약국,02-396-1136,서울특별시 서대문구 통일로 440 (홍제동),서울특별시 서대문구 홍제동 253-3,03629,2024-07-22,영업/정상
서울,아현이층약국,02-363-1214,"서울특별시 서대문구 신촌로35길 10, 402엠동 2층 215호 (북아현동, 이편한세상신촌)",서울특별시 서대문구 북아현동 1015 이편한세상신촌,03772,2023-10-30,영업/정상
서울,동백약국,02-6952-1701,"서울특별시 서대문구 증가로 145, 103호 (남가좌동)",서울특별시 서대문구 남가좌동 350-1,03692,2021-12-06,영업/정상
서울,용한약국,02-307-1377,서울특별시 서대문구 거북골로16길 36 (북가좌동),서울특별시 서대문구 북가좌동 449 삼호아파트 상가 111호,03690,2013-07-23,영업/정상
서울,알파약국,02-3217-6474,서울특별시 서대문구 통일로 448 (홍제동),,03629,2015-03-23,영업/정상
서울,자이약국,02-707-3682,"서울특별시 마포구 대흥로 183, 신촌그랑자이 상가 1동 103호 (대흥동)",서울특별시 마포구 대흥동 806 신촌그랑자이 상가,04105,2021-09-15,영업/정상
서울,참조은약국,02-715-8953,"서울특별시 마포구 마포대로 92, 효성해링턴 스퀘어 1층 (도화동)",서울특별시 마포구 도화동 25-13 효성해링턴 스퀘어 1층,04168,2017-03-13,영업/정상
서울,약초원약국,02-322-9955,"서울특별시 마포구 망원로6길 50, 지하1층 (망원동)",서울특별시 마포구 망원동 405-32,04008,2018-05-29,영업/정상
서울,올리브 약국,02-335-5606,서울특별시 마포구 신촌로 88 (노고산동),서울특별시 마포구 노고산동 57-12,04058,2009-06-02,영업/정상
서울,명약국,02-6952-5312,"서울특별시 마포구 마포대로 68, 112호 (도화동, 마포아크로타워)",서울특별시 마포구 도화동 563 마포아크로타워,04168,2025-06-26,영업/정상
서울,자연약국,02-313-4877,"서울특별시 마포구 마포대로 195 (아현동, 마포 래미안 푸르지오)",서울특별시 마포구 아현동 777 마포 래미안 푸르지오,04129,2021-02-15,영업/정상
서울,마포웰약국,032-324-6555,"서울특별시 마포구 마포대로 26, 106호 (마포동)",서울특별시 마포구 마포동 451 106호,04175,2026-08-18,영업/정상
서울,참마음온누리약국,02-3141-0258,"서울특별시 마포구 양화로 73, 체리스빌딩 101호 (서교동)",서울특별시 마포구 서교동 392-20 체리스빌딩,04037,2013-08-09,영업/정상
서울,대교약국,02-714-5849,서울특별시 마포구 도화길 10 (도화동),서울특별시 마포구 도화동 250-1 에벤에셀빌딩 1층 3호,04173,2013-05-29,영업/정상
서울,청심약국,02-325-4552,"서울특별시 마포구 희우정로 42-9, 101호 (합정동)",서울특별시 마포구 합정동 439-6 101호,04020,2015-06-26,영업/정상
서울,비타민약국,02-713-6563,"서울특별시 마포구 백범로 90, 1층 (대흥동)",서울특별시 마포구 대흥동 272-2,04110,2019-06-07,영업/정상
서울,기쁨약국,02-333-5756,"서울특별시 마포구 월드컵로 82, 1층 (서교동)",서울특별시 마포구 서교동 441-5,03996,2024-06-07,영업/정상
서울,메디컬 성모약국,02-322-7707,"서울특별시 마포구 월드컵로 73, 1층 (망원동)",서울특별시 마포구 망원동 378-3,04013,2019-04-15,영업/정상
서울,홍익플라자약국,02-336-2269,"서울특별시 마포구 양화로 192, 1층 102호 (동교동)",서울특별시 마포구 동교동 173-14,04056,2025-01-03,영업/정상
서울,마포 망원 동물약국,02-332-6847,"서울특별시 마포구 망원로8길 55, 구앤윤브릭하우스 1층 (망원동)",서울특별시 마포구 망원동 401-11 구앤윤브릭하우스,04014,2020-12-21,영업/정상
서울,합정동산약국,02-338-0026,"서울특별시 마포구 양화로 45, 지하2층 C-17호 (서교동, 메세나폴리스)",서울특별시 마포구 서교동 490 메세나폴리스,04036,2018-04-23,영업/정상
서울,소나무약국,02-6393-5567,"서울특별시 마포구 월드컵북로 402, 케이지아이티센터 102호 (상암동)",서울특별시 마포구 상암동 1601 케이지아이티센터,03925,2020-02-19,영업/정상
서울,옵티마유한약국,02-305-4490,"서울특별시 마포구 월드컵북로 236, 1층 1호 (중동)",서울특별시 마포구 중동 64-14,03941,2024-07-16,영업/정상
서울,미약국,02-703-0400,"서울특별시 마포구 신촌로 174, 중우빌딩 1층 (대흥동)",서울특별시 마포구 대흥동 12-23,04104,2018-01-09,영업/정상
서울,다나약국,02-715-3133,"서울특별시 마포구 대흥로 186-2, 1층 (대흥동)",서울특별시 마포구 대흥동 2-39,04112,2014-01-14,영업/정상
서울,홍대입구역약국,02-336-0350,"서울특별시 마포구 홍익로6길 21, 1층 (동교동)",서울특별시 마포구 동교동 162-14,04050,2025-12-30,영업/정상
서울,바다약국,02-324-8476,"서울특별시 마포구 월드컵북로 69, 1층 (성산동)",서울특별시 마포구 성산동 232-4,03999,2021-08-26,영업/정상
서울,수미약국,02-706-6482,"서울특별시 마포구 신촌로 170, 이대역 푸르지오 시티 212호 (대흥동)",서울특별시 마포구 대흥동 12-27 이대역 푸르지오 시티,04104,2025-04-23,영업/정상
서울,공덕오거리약국,02-711-8411,"서울특별시 마포구 새창로 11, 1층 (도화동)",서울특별시 마포구 도화동 568,04168,2021-02-02,영업/정상
서울,스마일약국,02-712-3311,"서울특별시 마포구 백범로37길 26, 1층 (신공덕동)",서울특별시 마포구 신공덕동 15-75,04189,2021-07-14,영업/정상
서울,파란바다약국,02-337-6209,"서울특별시 마포구 월드컵로1길 14, 206호 (합정동, 마포 한강 푸르지오)",서울특별시 마포구 합정동 472 마포 한강 푸르지오,04024,2022-04-08,영업/정상
서울,망원 올리브약국,02-2135-1134,"서울특별시 마포구 월드컵로 74, 원천빌딩 1층 (서교동)",서울특별시 마포구 서교동 475-13 원천빌딩,04004,2025-05-30,영업/정상
서울,메디팜현대약국,02-336-0011,서울특별시 마포구 신촌로 72 (노고산동),서울특별시 마포구 노고산동 49-30,04057,2015-06-15,영업/정상
서울,평화약국,02-336-6307,"서울특별시 마포구 양화로 64, 서교제일빌딩 (서교동)",서울특별시 마포구 서교동 394-44 서교제일빌딩,04045,2019-12-06,영업/정상
서울,참약국,02-8163-2488,"서울특별시 마포구 와우산로 149, 1층 (서교동)",서울특별시 마포구 서교동 327-15,04052,2018-04-17,영업/정상
서울,아름다운약국,02-3147-0433,"서울특별시 마포구 마포대로24길 56, 보령빌딩 1층 (아현동)",서울특별시 마포구 아현동 397-5 보령빌딩,04202,2019-02-27,영업/정상
서울,보천약국,02-313-2190,서울특별시 마포구 신촌로 266-1 (아현동),서울특별시 마포구 아현동 330-1,04116,2025-12-03,영업/정상
서울,아현중앙약국,02-2138-1638,"서울특별시 마포구 마포대로 231, 102동 B103호 (아현동, 마포 푸르지오 더 센트럴)",서울특별시 마포구 아현동 275-2 마포 푸르지오 더 센트럴,04117,2024-04-01,영업/정상
서울,공덕제일약국,02-707-1012,"서울특별시 마포구 만리재로 15, 제일빌딩 1층 15호 (공덕동)",서울특별시 마포구 공덕동 256-13 제일빌딩,04214,2021-07-29,영업/정상
서울,안녕약국,02-6398-0094,"서울특별시 마포구 월드컵북로54길 25, 상암DMC푸르지오시티, S-City 오피스텔동 111호 (상암동)","서울특별시 마포구 상암동 1596 상암DMC푸르지오시티, S-City",03924,2020-10-14,영업/정상
서울,라이프약국,02-332-9807,"서울특별시 마포구 신촌로 190, 대연빌딩 1층 (염리동)",서울특별시 마포구 염리동 8-31 대연빌딩 1층,04113,2017-04-28,영업/정상
서울,성산연세약국,02-374-3788,"서울특별시 마포구 월드컵북로38길 14, 4층 (중동)",서울특별시 마포구 중동 64-23,03941,2021-05-10,영업/정상
서울,연남약국,02-336-1533,"서울특별시 마포구 양화로21길 31, 1층 (동교동)",서울특별시 마포구 동교동 153-1,03994,2018-03-27,영업/정상
서울,태평양약국,02-322-8344,"서울특별시 마포구 홍익로 1, 1층 (서교동)",서울특별시 마포구 서교동 358-27,04040,2019-06-13,영업/정상
서울,합정365약국,02-6061-3031,"서울특별시 마포구 독막로 14, 1층 (합정동)",서울특별시 마포구 합정동 364-28,04072,2024-04-24,영업/정상
서울,안생약국,02-334-3486,서울특별시 마포구 와우산로 22 (상수동),서울특별시 마포구 상수동 331-11,04075,2005-01-06,영업/정상
서울,봄약국,02-703-6380,"서울특별시 마포구 백범로31길 7, 상가2동 203호 (공덕동, 공덕SK리더스뷰)",서울특별시 마포구 공덕동 385-65 공덕SK리더스뷰,04147,2021-03-29,영업/정상
서울,샘터약국,02-718-3011,"서울특별시 마포구 효창원로97길 10, 1층 (공덕동)",서울특별시 마포구 공덕동 9-1,04183,2021-05-25,영업/정상
서울,비온뒤 숲속약국,02-332-3250,"서울특별시 마포구 월드컵로 111, 풍성빌딩 104,105호 (망원동)","서울특별시 마포구 망원동 482-9 풍성빌딩 104,1호",03963,2016-03-09,영업/정상
서울,홍익약국,02-337-5414,서울특별시 마포구 양화로18길 7 (동교동),서울특별시 마포구 동교동 166-12,04051,2021-06-18,영업/정상
서울,마포온누리약국,02-717-0608,"서울특별시 마포구 큰우물로 76, 고려빌딩 101호 (도화동)",서울특별시 마포구 도화동 544 고려빌딩,04167,2021-09-16,영업/정상
서울,늘푸른약국,02-323-6051,"서울특별시 마포구 백범로 202, 1층 102호 (신공덕동, 마포케이씨씨웰츠타워)",서울특별시 마포구 신공덕동 171 마포케이씨씨웰츠타워,04196,2020-11-16,영업/정상
서울,행복한약국,02-393-1137,서울특별시 마포구 굴레방로9길 8 (아현동),서울특별시 마포구 아현동 330-13,04116,2025-04-23,영업/정상
서울,연세진약국,02-325-7188,"서울특별시 마포구 월드컵로25길 58, 1층 (망원동)",서울특별시 마포구 망원동 424-18,03964,2026-01-13,영업/정상
서울,한우리 약국,02-3142-6796,"서울특별시 마포구 망원로 73, 1층 (망원동)",서울특별시 마포구 망원동 423-23 1층,03964,2016-06-14,영업/정상
서울,수려한 약국,02-325-8487,"서울특별시 마포구 월드컵북로 137, 씨에스타워 1층 102호 (성산동)",서울특별시 마포구 성산동 56-1 씨에스타워,03966,2021-04-14,영업/정상
서울,파마트엘지약국,02-326-1678,"서울특별시 마포구 양화로 156, LG팰리스빌딩 116호 (동교동)",서울특별시 마포구 동교동 165-8 LG팰리스빌딩,04050,2013-08-12,영업/정상
서울,슬림약국,02-790-7527,서울특별시 마포구 월드컵북로27길 16 (성산동),서울특별시 마포구 성산동 200-84,03947,2020-12-17,영업/정상
서울,힘찬약국,02-3144-3255,"서울특별시 마포구 양화로 66, 메디원 메디컬센터 1층 (서교동)",서울특별시 마포구 서교동 395-45 메디원 메디컬센터,04044,2025-07-03,영업/정상
서울,중원약국,02-374-3326,서울특별시 마포구 월드컵북로 190(성산동),서울특별시 마포구 성산동 200-1,03946,2022-09-01,영업/정상
서울,마포보건약국,02-392-3169,"서울특별시 마포구 월드컵로 204, 이안상암 105호 (성산동)",서울특별시 마포구 성산동 591-1 이안상암,03938,2018-04-04,영업/정상
서울,아현큰약국,02-313-2723,"서울특별시 마포구 마포대로 236, 1층 (아현동, 예미원아파트)",서울특별시 마포구 아현동 371-1 예미원아파트,04202,2026-07-09,영업/정상
서울,delight이화약국,02-332-3984,"서울특별시 마포구 월드컵로3길 14, 220호 (합정동, 마포 한강 2차 푸르지오)",서울특별시 마포구 합정동 473 마포 한강 2차 푸르지오,04024,2024-04-01,영업/정상
서울,대흥365약국,02-713-2060,"서울특별시 마포구 백범로 98, 1층 (대흥동)",서울특별시 마포구 대흥동 265-1,04149,2019-02-23,영업/정상
서울,서교약국,02-332-7331,"서울특별시 마포구 월드컵로 80, 서교양경회관 1층 우측호 (서교동)",서울특별시 마포구 서교동 441-6 서교양경회관,03996,2021-09-07,영업/정상
서울,나무약국,02-701-7595,"서울특별시 마포구 백범로 202, 102동 1층 101호 (신공덕동, 마포케이씨씨웰츠타워)",서울특별시 마포구 신공덕동 171 마포케이씨씨웰츠타워,04196,2022-08-08,영업/정상
서울,태평양약국,02-322-8344,서울특별시 마포구 홍익로 1 (서교동),서울특별시 마포구 서교동 358-27,04040,2024-07-02,영업/정상
서울,옵티마상원약국,02-322-8900,"서울특별시 마포구 월드컵로 75, 1층 (망원동)",서울특별시 마포구 망원동 378-2,04013,2015-07-31,영업/정상
서울,레디영약국,02-332-7636,"서울특별시 마포구 홍익로6길 8, 지1층 (동교동)",서울특별시 마포구 동교동 163-19,04050,2024-09-24,영업/정상
서울,제일약국,02-336-2685,서울특별시 마포구 포은로 68(망원동),서울특별시 마포구 망원동 338-1,04018,2021-08-23,영업/정상
서울,마포공덕동물약국(마포삼성약국),02-712-8988,"서울특별시 마포구 도화길 33, 1층 (도화동)",서울특별시 마포구 도화동 179-14,04168,2021-06-28,영업/정상
서울,건강약국,02-333-2090,서울특별시 마포구 방울내로 70 (망원동),서울특별시 마포구 망원동 475-1,03964,2013-05-15,영업/정상
서울,홍대365약국,02-3141-1084,"서울특별시 마포구 와우산로27길 43, 1층 (서교동)",서울특별시 마포구 서교동 340-1,04054,2021-08-30,영업/정상
서울,고래약국,02-333-7967,"서울특별시 마포구 신촌로 지하 90, 신촌역 240-107호 (노고산동)",서울특별시 마포구 노고산동 31-11 신촌역,04058,2021-05-24,영업/정상
서울,합정스타약국,02-323-0202,"서울특별시 마포구 양화로 지하45, 합정역 B1층 109호 (합정동)",서울특별시 마포구 합정동 414 합정역,04027,2023-01-10,영업/정상
서울,즐거운 약국,02-714-7588,"서울특별시 마포구 큰우물로 53, 마포 네이버타운 106호 (염리동)",서울특별시 마포구 염리동 174-14 마포 네이버타운 106호,04154,2017-05-23,영업/정상
서울,한유약국,02-716-8330,"서울특별시 마포구 백범로 95, 다나빌딩 1층 (대흥동)",서울특별시 마포구 대흥동 132-1 다나빌딩 1층,04136,2025-09-18,영업/정상
서울,메디팜신마포약국,02-706-7656,"서울특별시 마포구 창전로 45, 103동 108호 (창전동, 서강한화오벨리스크스위트)",서울특별시 마포구 창전동 442 서강한화오벨리스크스위트,04086,2025-06-27,영업/정상
서울,마포별빛약국,02-303-8005,"서울특별시 마포구 월드컵로 200, SJ라벨라상암 103호 (성산동)",서울특별시 마포구 성산동 591-3 SJ라벨라상암,03938,2025-05-08,영업/정상
서울,아 현 종 로 약 국,02-313-3400,"서울특별시 마포구 굴레방로9길 2, 1층 (아현동)",서울특별시 마포구 아현동 329-9 1층,04116,2016-07-06,영업/정상
서울,망원동 약국,02-333-9915,"서울특별시 마포구 망원로 69, 1층 (망원동)",서울특별시 마포구 망원동 423-5 1층,03964,2017-07-25,영업/정상
서울,한사랑약국,02-3141-6774,"서울특별시 마포구 망원로 78, 1층 (망원동)",서울특별시 마포구 망원동 414-92,04010,2022-06-17,영업/정상
서울,셀약국,02-337-7959,"서울특별시 마포구 양화로 72, 효성해링턴타워 118호 (서교동)",서울특별시 마포구 서교동 494,04044,2020-10-20,영업/정상
서울,더블유스토어연세약국,02-3141-4358,"서울특별시 마포구 신촌로 92, 신촌카리스빌딩 1층 (노고산동)",서울특별시 마포구 노고산동 57-4 신촌카리스빌딩,04058,2024-07-24,영업/정상
서울,광실약국(마포 동물약국),02-711-3627,"서울특별시 마포구 도화길 32, 101호 (도화동, 삼성프라자 상가)",,04170,2016-06-02,영업/정상
서울,애오개약국,02-365-0075,"서울특별시 마포구 마포대로 204, 마포에스케이허브블루 103호 (아현동)",서울특별시 마포구 아현동 737 마포에스케이허브블루 103호,04206,2017-04-03,영업/정상
서울,홍대미미약국,02-6414-8080,"서울특별시 마포구 양화로16길 26, 성화빌딩 1층 (서교동)",서울특별시 마포구 서교동 369-3 성화빌딩,04039,2026-05-22,영업/정상
서울,일출약국,02-333-3806,"서울특별시 마포구 독막로 85, 1층 (상수동)",서울특별시 마포구 상수동 310-1,04049,2020-07-06,영업/정상
서울,이층약국,02-3273-6373,"서울특별시 마포구 마포대로 143, 마포공덕파크팰리스 Ⅱ 210호 (공덕동)",서울특별시 마포구 공덕동 462 마포공덕파크팰리스 Ⅱ 210호,04143,2016-09-22,영업/정상
서울,천지인약국,02-2603-2366,서울특별시 양천구 중앙로 282 (신정동),서울특별시 양천구 신정동 972-4,08026,2019-11-12,영업/정상
서울,스마트약국,2644-8884,"서울특별시 양천구 목동동로 150, 목동 블루스퀘어 105호 (신정동)",서울특별시 양천구 신정동 329-10 목동 블루스퀘어,08014,2020-10-21,영업/정상
서울,새서울온누리약국,2645-7197,"서울특별시 양천구 공항대로 558, 1층 (목동)",서울특별시 양천구 목동 603-5,07946,2017-06-22,영업/정상
서울,행복약국,2606-0783,"서울특별시 양천구 남부순환로59길 3, 1층 102호 (신월동, 우영아파트)",서울특별시 양천구 신월동 136-8 우영아파트,07920,2020-12-21,영업/정상
서울,이펜약국,2605-3368,"서울특별시 양천구 신정이펜2로 12, 이펜하우스타워 105호 (신정동)",서울특별시 양천구 신정동 1320-4 이펜하우스타워 105호,08049,2018-02-22,영업/정상
서울,송약국,02-889-3573,"서울특별시 양천구 오목로 325, 대학빌딩 지하1층 105호 (목동)",서울특별시 양천구 목동 406-21,08000,2018-12-26,영업/정상
서울,수정약국,2644-3395,서울특별시 양천구 중앙로 276 (신정동),서울특별시 양천구 신정동 1031-1,08082,2013-06-19,영업/정상
서울,도리약국,02-2696-6150,"서울특별시 양천구 남부순환로 352, 1층 D호 (신월동)",서울특별시 양천구 신월동 147-1,07910,2025-07-01,영업/정상
서울,종로프라자약국,02-2652-8343,"서울특별시 양천구 목동로27길 5, 1층 (신정동)",서울특별시 양천구 신정동 895-16,07937,2021-11-08,영업/정상
서울,가까운온누리약국,02-2650-8828,"서울특별시 양천구 목동서로 349, 센트럴프라자 106호 (신정동)",서울특별시 양천구 신정동 321-6 센트럴프라자,08095,2019-01-07,영업/정상
서울,아름약국,02-2654-0530,"서울특별시 양천구 신월로 304, 1층 (신정동)",서울특별시 양천구 신정동 1029-9,08082,2023-10-26,영업/정상
서울,일등약국,02-6084-7334,"서울특별시 양천구 목동중앙북로 21, 1층 (목동)",서울특별시 양천구 목동 610-22,07946,2025-04-03,영업/정상
서울,신왕약국,02-2603-0702,서울특별시 양천구 남부순환로40길 50 (신월동),서울특별시 양천구 신월동 178-15,07911,2025-04-28,영업/정상
서울,보룡동물약국,2642-8345,서울특별시 양천구 목동중앙북로 3 (목동),서울특별시 양천구 목동 613-5,07946,2013-06-04,영업/정상
서울,신정튼튼약국,02-2607-4872,"서울특별시 양천구 오목로 147, 104호 (신정동, 제이클래스목동주상복합)",서울특별시 양천구 신정동 922-1 제이클래스목동주상복합,07943,2023-05-10,영업/정상
서울,백십자약국,2693-3022,"서울특별시 양천구 신월로 172, 1층 (신월동)",서울특별시 양천구 신월동 575-2,08064,2013-06-14,영업/정상
서울,정문약국,02-2062-4573,"서울특별시 양천구 목동중앙남로4길 3, 1층 (목동)",서울특별시 양천구 목동 736-21,07960,2026-03-11,영업/정상
서울,메디칼으뜸약국,02-2691-1777,"서울특별시 양천구 신정이펜2로 12, 이펜하우스타워 104호 (신정동)",서울특별시 양천구 신정동 1320-4 이펜하우스타워,08049,2026-02-27,영업/정상
서울,새봄약국,02-2062-9987,"서울특별시 양천구 목동중앙북로 68, 104호 (목동, 목동에버하임)",서울특별시 양천구 목동 966 목동에버하임,07948,2026-04-07,영업/정상
서울,청솔약국,02-572-5514,"서울특별시 양천구 월정로 50, 상가동 1층 121호 (신월동, 청솔아파트)",서울특별시 양천구 신월동 446-2 청솔아파트,07936,2026-05-04,영업/정상
서울,마트온누리약국,02-2651-3467,"서울특별시 양천구 오목로 299, 목동트라팰리스 웨스턴에비뉴 지하101호 (목동)",서울특별시 양천구 목동 962 목동트라팰리스 웨스턴에비뉴 지하101호,08001,2019-11-12,영업/정상
서울,홍일태평양약국,02-2692-0422,"서울특별시 양천구 목동로 229, 1층 (신정동)",서울특별시 양천구 신정동 898-11 1층,07937,2021-05-20,영업/정상
서울,행복한온누리약국,02-2644-4488,"서울특별시 양천구 목동동로8길 23, 메리트윈 상가동 105호 (신정동)",서울특별시 양천구 신정동 282-2 메리트윈 상가동 105호,08017,2021-06-24,영업/정상
서울,새열린약국,02-2655-2388,서울특별시 양천구 신목로 34 (신정동),,08015,2017-06-13,영업/정상
서울,팜코리아약국,02-2648-8003,"서울특별시 양천구 등촌로 26, 1층 (목동)",서울특별시 양천구 목동 793-1,07966,2021-06-03,영업/정상
서울,그린약국,02-2625-1325,"서울특별시 양천구 남부순환로 654, 진덕빌딩 (신정동)",서울특별시 양천구 신정동 1287-8 진덕빌딩,08054,2024-07-05,영업/정상
서울,삼주약국,02-2646-5776,서울특별시 양천구 신목로 86 (신정동),서울특별시 양천구 신정동 118-20,08009,2019-09-09,영업/정상
서울,양천동물약국,2697-0485,"서울특별시 양천구 곰달래로5길 30 (신월동, 은성상가)",서울특별시 양천구 신월동 110-1 은성상가,07922,2012-05-31,영업/정상
서울,목동정문약국,2061-0214,"서울특별시 양천구 목동동로 435, 1층 105호 (목동)",서울특별시 양천구 목동 909-5 1층 105호,07984,2014-08-05,영업/정상
서울,거북이온누리약국,02-2692-7573,서울특별시 양천구 월정로 57 (신월동),서울특별시 양천구 신월동 427-10,07929,2025-01-06,영업/정상
서울,목동제일큰약국,02-2608-8922,"서울특별시 양천구 오목로 224, 1층 (신정동)",서울특별시 양천구 신정동 991-5,08022,2024-06-05,영업/정상
서울,신트리약국,02-2606-1046,"서울특별시 양천구 신정로 312, 뉴프라자 5층 503-1호 (신정동)",서울특별시 양천구 신정동 1267 뉴프라자,08106,2025-01-17,영업/정상
서울,조아약국,02-396-6775,"서울특별시 양천구 목동동로 73, 양지빌딩 ll (신정동)",서울특별시 양천구 신정동 323-12 양지빌딩 ll,08093,2021-12-30,영업/정상
서울,신월시장약국,2602-7613,서울특별시 양천구 곰달래로13길 20-1 (신월동),서울특별시 양천구 신월동 115-11,07923,2015-07-07,영업/정상
서울,동인프라자약국,02-2605-9844,"서울특별시 양천구 남부순환로40길 13, 1층 (신월동)",서울특별시 양천구 신월동 160-1 1층,07912,2022-05-04,영업/정상
서울,태평양온누리약국,02-2652-9007,"서울특별시 양천구 신월로 314, 1층 (신정동)",서울특별시 양천구 신정동 1028-2,08082,2024-05-17,영업/정상
서울,신세계약국,02-2607-7946,"서울특별시 양천구 신정로 312, 뉴프라자 1층 107호 (신정동)",서울특별시 양천구 신정동 1267 뉴프라자 107호,08106,2023-10-11,영업/정상
서울,바른약국,02-2696-0903,"서울특별시 양천구 오목로 197, 이스트만빌딩 1층 (신정동)",서울특별시 양천구 신정동 907-14 이스트만빌딩,07945,2022-08-01,영업/정상
서울,목동세계로약국,02-2644-4680,"서울특별시 양천구 목동동로12길 45 (목동, 목동삼익아파트)",,08007,2016-05-24,영업/정상
서울,한솔약국,02-2648-0507,"서울특별시 양천구 목동동로 63, 대영프라자 109호 (신정동)",서울특별시 양천구 신정동 323-16 대영프라자,08093,2024-05-28,영업/정상
서울,은혜약국,2698-1635,"서울특별시 양천구 오목로 193, 1층 (신정동)",서울특별시 양천구 신정동 908-15 1층,07944,2013-07-19,영업/정상
서울,올리브약국,02-6951-1129,"서울특별시 양천구 등촌로 230, 동향빌딩 1층 (목동)",서울특별시 양천구 목동 606-14 동향빌딩 1층,07946,2020-11-24,영업/정상
서울,더선약국,02-6949-3088,"서울특별시 양천구 공항대로 630, 1층 (목동, 어바니엘)",서울특별시 양천구 목동 514-18 어바니엘,07968,2020-04-17,영업/정상
서울,단비약국,02-2062-9078,"서울특별시 양천구 목동동로10길 14, 105호 (신정동)",서울특별시 양천구 신정동 294-58,08014,2024-05-03,영업/정상
서울,목동건강약국,02-2692-8880,"서울특별시 양천구 목동로27길 6, 1층 (신정동)",서울특별시 양천구 신정동 896-9,07937,2023-09-12,영업/정상
서울,365목동 동물약국,02-2648-1858,"서울특별시 양천구 등촌로 32, 목동 태영프라자 102호 (목동)",서울특별시 양천구 목동 792-4 목동 태영프라자,07965,2022-01-06,영업/정상
서울,맑은약국,02-2601-9116,"서울특별시 양천구 중앙로29길 61, 108호 (신월동, 신정뉴타운롯데캐슬)",서울특별시 양천구 신월동 1063 신정뉴타운롯데캐슬 108호,08061,2023-10-13,영업/정상
서울,나나약국,02-2655-0701,"서울특별시 양천구 목동서로 383, 101호 (신정동)",서울특별시 양천구 신정동 323-6 101호,08093,2022-08-03,영업/정상
서울,우성메디칼약국,2605-1339,"서울특별시 양천구 지양로 78, 1층 101호 (신월동)",서울특별시 양천구 신월동 928-1 1층 101호,08034,2015-11-06,영업/정상
서울,우주약국,2646-1001,"서울특별시 양천구 목동서로 280 (신정동, 목동8단지상가 113호)",서울특별시 양천구 신정동 314 목동8단지상가 113호,08012,2013-07-19,영업/정상
서울,목동세명약국,2645-7525,서울특별시 양천구 목동중앙북로 27 (목동),서울특별시 양천구 목동 610-14,07946,2012-12-05,영업/정상
서울,드림약국,02-2654-9503,"서울특별시 양천구 목동서로 256, 동문빌딩 1층 (목동)",서울특별시 양천구 목동 408-174 동문빌딩,08003,2024-06-27,영업/정상
서울,오렌지라임약국,02-2601-8557,"서울특별시 양천구 목동로 223, 1층 (신정동)",서울특별시 양천구 신정동 899-7,07937,2020-12-10,영업/정상
서울,정다운약국,2065-2998,서울특별시 강서구 까치산로 120 (화곡동),서울특별시 강서구 화곡동 969-12,,2007-06-25,영업/정상
서울,마곡하나약국,02-3664-0319,"서울특별시 강서구 강서로 385, 우성에스비타워 106호 (마곡동)",서울특별시 강서구 마곡동 794-1 우성에스비타워,07803,2024-10-18,영업/정상
서울,마곡열린약국,02-2661-8171,"서울특별시 강서구 방화대로 294, 마곡더블유타워 114, 115호 (마곡동)",서울특별시 강서구 마곡동 739-1 마곡더블유타워,07599,2021-05-07,영업/정상
서울,서울프라자약국,02-3665-3878,"서울특별시 강서구 양천로 683, 1층 1호 (염창동)",서울특별시 강서구 염창동 249-10,07540,2023-01-04,영업/정상
서울,가양하늘약국,02-3662-4290,"서울특별시 강서구 화곡로68길 3, 1층 105호 (등촌동)",서울특별시 강서구 등촌동 628-6,07548,2021-11-22,영업/정상
서울,맘온누리약국,2661-7327,"서울특별시 강서구 공항대로 168, 117,118호 (마곡동)",서울특별시 강서구 마곡동 798-3,07807,2019-08-23,영업/정상
서울,강서천사약국,2662-0266,"서울특별시 강서구 공항대로36길 9, 1층 (내발산동)",서울특별시 강서구 내발산동 644-1,07632,2019-07-03,영업/정상
서울,고운마음약국,02-3663-7779,"서울특별시 강서구 양천로 500 (등촌동, 노블리움오피스텔)",서울특별시 강서구 등촌동,07548,2013-11-19,영업/정상
서울,건강한 온누리약국,2606-0012,"서울특별시 강서구 가로공원로82길 41-8, 1층 (화곡동)",서울특별시 강서구 화곡동 369-8,07765,2015-11-13,영업/정상
서울,유니약국,6989-8070,"서울특별시 강서구 마곡중앙로 161-8, 두산더랜드파크 A동 210호 (마곡동)",서울특별시 강서구 마곡동 757 두산더랜드파크,07788,2019-10-23,영업/정상
서울,숲속약국 원그로브점,02-6341-3650,"서울특별시 강서구 공항대로 165, 원그로브몰 C동 2층 218호 (마곡동)",서울특별시 강서구 마곡동 769,07800,2025-05-26,영업/정상
서울,메디팜조은약국,6346-4533,"서울특별시 강서구 곰달래로49길 29 (화곡동, 산호빌딩)",,07748,2015-06-01,영업/정상
서울,튼튼약국,2664-0929,"서울특별시 강서구 공항대로 103, 엠밸리 9단지 상가동 2층 205호 (마곡동)",서울특별시 강서구 마곡동 744,07600,2021-05-14,영업/정상
서울,햇빛약국,02-2062-7159,서울특별시 강서구 등촌로 59-1 (화곡동),서울특별시 강서구 화곡동 772-85,07741,2016-11-22,영업/정상
서울,코리아약국,02-2661-6123,"서울특별시 강서구 강서로 323, 1층 (내발산동)",서울특별시 강서구 내발산동 668,07632,2022-04-18,영업/정상
서울,이대1번약국,02-2661-7111,"서울특별시 강서구 강서로 357, 1층 일부호 (내발산동)",서울특별시 강서구 내발산동 654,07632,2023-06-28,영업/정상
서울,코리아약국,02-2661-6123,"서울특별시 강서구 강서로 323, 1층 102호 (내발산동)",서울특별시 강서구 내발산동 668,07632,2025-05-20,영업/정상
서울,화곡명문약국,02-2604-4533,서울특별시 강서구 화곡로 176-4 (화곡동),서울특별시 강서구 화곡동 1076-1,07727,2023-10-05,영업/정상
서울,조광약국,02-2666-1282,"서울특별시 강서구 방화동로 45, 1층 (방화동)",서울특별시 강서구 방화동 614-97,07620,2023-03-22,영업/정상
서울,신세계약국,02-2603-1551,"서울특별시 강서구 까치산로 73 (화곡동, 윤영혜산부인과의원)",서울특별시 강서구 화곡동,07679,2013-07-01,영업/정상
서울,초록문약국,02-2666-7062,"서울특별시 강서구 공항대로 164, 류마타워 104호 (마곡동)",서울특별시 강서구 마곡동 798-2 류마타워 104호,07807,2020-11-19,영업/정상
서울,참사랑약국,02-265-8351,"서울특별시 강서구 양천로 344, 마곡센트럴대방디엠시티오피스텔 127-1호 (마곡동)",서울특별시 강서구 마곡동 776-2 마곡센트럴대방디엠시티오피스텔 127-1호,07791,2025-02-24,영업/정상
서울,새서울약국,2659-6755,서울특별시 강서구 양천로57길 9-7 (가양동),서울특별시 강서구 가양동 1479-10,07527,2017-03-13,영업/정상
서울,강서종로약국,2606-8268,서울특별시 강서구 강서로 257 (내발산동),서울특별시 강서구 내발산동 723-4,07639,2018-01-04,영업/정상
서울,오렌지약국,02-3663-1972,"서울특별시 강서구 공항대로45길 44, 청림오피스텔 1층 (등촌동)",서울특별시 강서구 등촌동 641-11 청림오피스텔,07569,2023-04-03,영업/정상
서울,365그린약국,2653-8070,"서울특별시 강서구 강서로 43, 도양라비앙타워 B104호 (화곡동)",서울특별시 강서구 화곡동 343-52 도양라비앙타워,07774,2019-01-09,영업/정상
서울,송약국,02-2659-2526,"서울특별시 강서구 양천로 637 (염창동, 한마음삼성아파트)",서울특별시 강서구 염창동,07544,2013-08-27,영업/정상
서울,발산그랜드약국,070-8262-8618,"서울특별시 강서구 강서로 380, 세민빌딩 1층 (등촌동)",서울특별시 강서구 등촌동 674 세민빌딩 1층,07591,2021-01-13,영업/정상
서울,밸런스약국,02-3663-5677,"서울특별시 강서구 공항대로 237, 1층 107호 (마곡동)",서울특별시 강서구 마곡동 797 107호,07803,2020-11-10,영업/정상
서울,가까운 중앙 약국,02-3421-7582,"서울특별시 강서구 마곡중앙4로 74, 106~107호 (마곡동)",서울특별시 강서구 마곡동 801-7,07805,2020-06-09,영업/정상
서울,큰덕약국,02-2664-0717,"서울특별시 강서구 강서로47가길 16, 1층 (내발산동)",서울특별시 강서구 내발산동 700-24,07639,2020-09-04,영업/정상
서울,한강메디칼약국,02-2659-7489,"서울특별시 강서구 허준로 23 (가양동, 한강아파트)",서울특별시 강서구 가양동,07524,2013-07-01,영업/정상
서울,새미래약국,2602-5269,"서울특별시 강서구 화곡로 196, 1층 (화곡동)",서울특별시 강서구 화곡동 109-16,07721,2017-11-09,영업/정상
서울,나라온누리약국,02-2694-9228,"서울특별시 강서구 강서로 27, 화곡 심포니 타워 105호 (화곡동)",서울특별시 강서구 화곡동 898-1 화곡 심포니 타워,07778,2022-01-07,영업/정상
서울,햇빛약국,02-2062-7159,"서울특별시 강서구 등촌로 59-1, 1층 (화곡동)",서울특별시 강서구 화곡동 772-85,07741,2025-04-14,영업/정상
서울,기쁨약국,6964-6988,"서울특별시 강서구 등촌로5길 2, 1층 (화곡동)",서울특별시 강서구 화곡동 775-8,07741,2019-05-23,영업/정상
서울,다마트약국,2661-8998,"서울특별시 강서구 금낭화로 135 (방화동, 금강프라자빌딩)",서울특별시 강서구 방화동,07510,2015-07-02,영업/정상
서울,솔약국,3662-8899,"서울특별시 강서구 양천로 564, 등촌동두산위브센티움 131호 (등촌동)",서울특별시 강서구 등촌동 631 등촌동두산위브센티움 131호,07551,2018-09-04,영업/정상
서울,감초약국,02-2602-5884,서울특별시 강서구 강서로 38 (화곡동),서울특별시 강서구 화곡동 342-58,07760,2020-10-19,영업/정상
서울,마곡소망약국,3662-6111,"서울특별시 강서구 마곡중앙5로 6, 마곡나루역보타닉푸르지오시티 2층 233호 (마곡동)",서울특별시 강서구 마곡동 760 마곡나루역보타닉푸르지오시티 233호,07788,2018-03-30,영업/정상
서울,마곡밝은약국,02-2662-2720,"서울특별시 강서구 마곡중앙로 56, 마곡사이언스타워2 108호 (마곡동)",서울특별시 강서구 마곡동 799-5 마곡사이언스타워2,07631,2025-07-21,영업/정상
서울,마곡 여기약국,02-6958-8262,"서울특별시 강서구 공항대로 165, 지하2층 102호 (마곡동)",서울특별시 강서구 마곡동 769,07800,2025-02-11,영업/정상
서울,산소망약국,02-3663-1113,"서울특별시 강서구 화곡로63길 133, 1층 (등촌동)",서울특별시 강서구 등촌동 663-3,07590,2021-07-29,영업/정상
서울,공항약국,02-2661-4889,서울특별시 강서구 방화동로 10 (공항동),서울특별시 강서구 공항동,07619,2013-07-17,영업/정상
서울,화곡메디칼약국,02-2605-4155,"서울특별시 강서구 가로공원로76길 56 (화곡동, 최인제내과의원)",서울특별시 강서구 화곡동,07761,2013-07-24,영업/정상
서울,영일약국,02-3661-2954,"서울특별시 강서구 양천로 658, 103호 (염창동)",서울특별시 강서구 염창동 265 103호,07554,2026-08-19,영업/정상
서울,강서약국,02-2644-2154,"서울특별시 강서구 등촌로 79, 범쇠빌딩 (등촌동)",서울특별시 강서구 등촌동 565-6 범쇠빌딩,07734,2018-07-03,영업/정상
서울,하늘팜약국,02-3663-7071,"서울특별시 강서구 양천로 461 (가양동, 주영빌딩)",서울특별시 강서구 가양동,07526,2013-08-20,영업/정상
서울,시장약국,02-2698-2010,"서울특별시 강서구 화곡로 206, 삼영빌딩 (화곡동)",서울특별시 강서구 화곡동 110-65 삼영빌딩,07721,2021-02-18,영업/정상
서울,정수메디칼약국,02-851-7520,"서울특별시 구로구 구로중앙로 68, 101호 (구로동, 신안타워)",서울특별시 구로구 구로동 100-8 신안타워,08301,2017-10-31,영업/정상
서울,W스토아청와약국,02-855-1482,서울특별시 구로구 디지털로27길 109 (가리봉동),서울특별시 구로구 가리봉동 89-163,08385,2013-09-13,영업/정상
서울,새우리약국,02-2060-9918,"서울특별시 구로구 개봉로 71, 강서프라자 2층 (개봉동)",서울특별시 구로구 개봉동 403-206 강서프라자 2층,08337,2020-08-11,영업/정상
서울,해솔온누리약국,02-830-5366,"서울특별시 구로구 구일로4길 30, 신영상가 102호 (구로동)",서울특별시 구로구 구로동 685-448 신영상가 102호,08325,2020-11-11,영업/정상
서울,삼거리약국,02-2689-3389,"서울특별시 구로구 경인로47길 107, 1층 102호 (고척동)","서울특별시 구로구 고척동 51-18 , 1층 102호호",08223,2023-05-31,영업/정상
서울,구로동물약국,02-2685-5675,"서울특별시 구로구 경인로 320, 즐거운약국 (개봉동)",서울특별시 구로구 개봉동 161-18,08274,2018-05-15,영업/정상
서울,항동푸른약국,02-2615-8279,"서울특별시 구로구 항동로3길 6, 가온 프라자 105호 (항동)",서울특별시 구로구 항동 242-6 가온 프라자 105호,08368,2023-09-11,영업/정상
서울,참좋은약국,02-6678-4273,"서울특별시 구로구 구로중앙로 134 (구로동, 신구로자이나인스에비뉴)",서울특별시 구로구 구로동 501 신구로자이나인스에비뉴,08293,2021-01-25,영업/정상
서울,한마을약국,2613-3006,"서울특별시 구로구 경인로 382 (개봉동,한마을(아)상가 1-110)",서울특별시 구로구 개봉동 476 한마을(아)상가 1-110,,2004-06-23,영업/정상
서울,인성약국,070-8732-8016,"서울특별시 구로구 오류로 73, 1층 (오류동)",서울특별시 구로구 오류동 159-3,08342,2024-05-13,영업/정상
서울,고척햇살약국,02-2652-8879,"서울특별시 구로구 중앙로15길 29, 103호 (고척동)","서울특별시 구로구 고척동 197-1 , 103호",08241,2023-05-08,영업/정상
서울,수약국,2611-5435,서울특별시 구로구 중앙로15길 107 (고척동),서울특별시 구로구 고척동 224-1,08239,2020-03-18,영업/정상
서울,연두약국,02-853-5677,"서울특별시 구로구 가마산로 232, 지하1층 B110호 (구로동, 스페스큐브)",서울특별시 구로구 구로동 81-3 스페스큐브 지하1층 B110호,08307,2022-10-12,영업/정상
서울,중앙약국,02-2652-4419,"서울특별시 구로구 구로중앙로18길 68, 1층 3호 (구로동, 신구로현대아파트)","서울특별시 구로구 구로동 74-30 , 신구로현대아파트 1층 3호",08303,2023-06-07,영업/정상
서울,온누리 한라약국,02-862-0157,"서울특별시 구로구 구일로10길 49, 101동 1층 (구로동, 다원그린빌)",서울특별시 구로구 구로동 685-154 다원그린빌,08323,2026-01-09,영업/정상
서울,굿모닝약국,02-2684-9758,"서울특별시 구로구 개봉로 57, 1층 (개봉동)",서울특별시 구로구 개봉동 403-103 1층,08347,2020-09-07,영업/정상
서울,새튼튼약국,070-4320-4461,"서울특별시 구로구 경인로 661, 신도림1차푸르지오 2층 (신도림동)","서울특별시 구로구 신도림동 337 , 신도림1차푸르지오 2층",08208,2022-02-24,영업/정상
서울,보건당약국,02-856-7768,"서울특별시 구로구 구로동로26길 116, 1층 (구로동)",서울특별시 구로구 구로동 313-111,08313,2019-02-15,영업/정상
서울,라온약국,02-837-9998,"서울특별시 구로구 새말로 97, 신도림테크노마트 1층 40,73,74,82,83,118,119호 (구로동)",서울특별시 구로구 구로동 3-25 신도림테크노마트,08288,2020-08-04,영업/정상
서울,한마음멍멍약국,02-865-0511,"서울특별시 구로구 도림로 67, 1층 (구로동)","서울특별시 구로구 구로동 313-150 , 1층",08313,2023-06-16,영업/정상
서울,인성약국,02-6053-1130,"서울특별시 구로구 오류로 73, 1층 (오류동)",서울특별시 구로구 오류동 159-3 1층,08342,2021-11-02,영업/정상
서울,부부약국,02-2688-0151,"서울특별시 구로구 오류로8길 60 (오류동, 우성빌딩)",,08344,2016-03-31,영업/정상
서울,건강온누리약국,02-2617-3594,서울특별시 구로구 고척로21나길 18 (개봉동),서울특별시 구로구 개봉동 33-31,08251,2013-08-12,영업/정상
서울,은혜온누리약국,02-2649-8367,"서울특별시 구로구 경인로43길 49, MD동 204호 (고척동, 고척아이파크)",서울특별시 구로구 고척동 100-7 고척아이파크 MD동 204호,08226,2023-01-02,영업/정상
서울,부강약국,2625-0861,서울특별시 구로구 중앙로14길 27 (고척동),서울특별시 구로구 고척동 41-2,08218,2013-08-20,영업/정상
서울,신도약국,02-2681-6000,"서울특별시 구로구 중앙로 60, 강산메디칼프라자 106호 (고척동)",서울특별시 구로구 고척동 50-71 강산메디칼프라자 106호,08223,2023-02-02,영업/정상
서울,정광약국,02-2687-2983,서울특별시 구로구 남부순환로97길 11 (개봉동),서울특별시 구로구 개봉동 203-6,08328,2020-08-11,영업/정상
서울,은하약국,02-2612-5579,"서울특별시 구로구 개봉로 68, 1층 (개봉동)",서울특별시 구로구 개봉동 403-227 1층,08332,2022-10-14,영업/정상
서울,대우약국,02-2684-9752,"서울특별시 구로구 천왕로 106, 골드프라자 1층 104호 (천왕동)",서울특별시 구로구 천왕동 279-3 골드프라자 1층 104호,08365,2020-08-13,영업/정상
서울,서울약국,02-6080-9485,"서울특별시 구로구 구로동로 130, 1층 (구로동)",서울특별시 구로구 구로동 731-7 1층,08311,2021-10-25,영업/정상
서울,맑은수 약국,02-2066-7062,"서울특별시 구로구 개봉로 47, 1층 (개봉동)",서울특별시 구로구 개봉동 403-117,08348,2019-11-06,영업/정상
서울,현대파크빌약국,02-868-5116,"서울특별시 구로구 공원로 41 (구로동, 현대파크빌)",서울특별시 구로구 구로동 108 현대파크빌,08298,2017-11-21,영업/정상
서울,성인약국,02-2682-2643,"서울특별시 구로구 개봉로 9, 성인약국 (개봉동)",서울특별시 구로구 개봉동 403-95,08352,2019-01-04,영업/정상
서울,구로종로약국,02-2688-0155,서울특별시 구로구 경인로 193 (오류동),서울특별시 구로구 오류동 41-1,08269,2013-07-25,영업/정상
서울,살맛나는온누리약국,02-2687-7575,"서울특별시 구로구 서해안로 2098, 항동프라자 103호 (항동)","서울특별시 구로구 항동 242-2 , 항동프라자 103호",08368,2023-06-16,영업/정상
서울,차기정약국,2687-7712,서울특별시 구로구 개봉로3길 76 (개봉동),서울특별시 구로구 개봉동 356-9,08351,2013-07-29,영업/정상
서울,대우약국,02-2684-9752,"서울특별시 구로구 천왕로 106, 골드프라자 104호 (천왕동)",서울특별시 구로구 천왕동 279-3 골드프라자 104호,08365,2024-04-08,영업/정상
서울,온누리사랑의약국,02-862-2884,서울특별시 구로구 구로동로15길 17 (구로동),서울특별시 구로구 구로동 717-34,08318,2013-07-25,영업/정상
서울,신도림좋은약국,02-6085-8538,"서울특별시 구로구 새말로 110, 세아베스틸 1층 (구로동)","서울특별시 구로구 구로동 26-2 , 세아베스틸 1층",08289,2022-02-18,영업/정상
서울,다드림약국,02-858-1213,"서울특별시 구로구 가마산로 211, 101호 (구로동)",서울특별시 구로구 구로동 426-52,08285,2017-11-23,영업/정상
서울,메디팜제일약국,02-2684-3804,"서울특별시 구로구 오리로 1270, 송보빌딩 2층 (궁동)",서울특별시 구로구 궁동 212-10 송보빌딩 2층,08256,2022-01-27,영업/정상
서울,정약국,02-6734-7162,"서울특별시 구로구 개봉로 57-1, 1층 (개봉동)",서울특별시 구로구 개봉동 403-55,08347,2023-11-27,영업/정상
서울,참온누리약국,070-4222-1177,"서울특별시 구로구 오리로 1149, 랑데르 b108호 (천왕동)",서울특별시 구로구 천왕동 282-2 랑데르 b108호,08363,2020-08-11,영업/정상
서울,가람약국,02-6215-7645,"서울특별시 구로구 경인로40길 12, 1층 (개봉동)","서울특별시 구로구 개봉동 178-13 , 1층",08277,2023-04-20,영업/정상
서울,은성약국,2636-9150,"서울특별시 구로구 신도림로19길 7, 성광빌딩 1층 110호 (신도림동)",서울특별시 구로구 신도림동 309-6 성광빌딩,08202,2018-01-17,영업/정상
서울,콩이오빠동물약국,02-2681-3535,"서울특별시 구로구 경인로47길 126, 1층 (고척동)",서울특별시 구로구 고척동 46-39 1층,08219,2023-03-08,영업/정상
서울,구일중앙약국,02-866-9155,"서울특별시 구로구 구일로 110, 해원리버파크 305호 (구로동)",서울특별시 구로구 구로동 642-108 해원리버파크 305호,08324,2020-04-22,영업/정상
서울,고래약국,02-652-0630,"서울특별시 구로구 디지털로26길 123, 지플러스타워 105호 (구로동)",서울특별시 구로구 구로동 222-31 지플러스타워 105호,08390,2022-10-13,영업/정상
서울,태양약국,2685-1017,서울특별시 구로구 경인로 191 (오류동),서울특별시 구로구 오류동 10-1,08269,2013-05-16,영업/정상
서울,구로약국,02-865-1122,"서울특별시 구로구 구로동로 147, MEDI FLOWER 147 1층 (구로동)",서울특별시 구로구 구로동 704-10 MEDI FLOWER 147 1층,08309,2022-06-15,영업/정상
서울,구로참조은약국,02-6956-2627,"서울특별시 구로구 구로동로 78, 시몬빌딩 1층 (구로동)",서울특별시 구로구 구로동 806-78 시몬빌딩1층,08320,2020-07-09,영업/정상
서울,수태평양약국,02-2625-2601,"서울특별시 구로구 고척로 144, 두발로빌딩 1층 (고척동)",서울특별시 구로구 고척동 253-11 두발로빌딩 1층,08235,2022-05-17,영업/정상
서울,우리네온누리약국,02-2625-4319,서울특별시 구로구 디지털로27길 116 (구로동),서울특별시 구로구 구로동 798-30,08374,2024-04-23,영업/정상
서울,구로프라자온누리약국,02-2613-6044,"서울특별시 구로구 개봉로 30, 1층 (개봉동, 로얄타워)",서울특별시 구로구 개봉동 403-160 로얄타워 1층,08333,2016-06-01,영업/정상
서울,에이스약국,02-2109-5208,"서울특별시 구로구 디지털로 285, 에이스트윈타워1차 104호 (구로동)",서울특별시 구로구 구로동 212-1 에이스트윈타워1차,08381,2018-01-17,영업/정상
서울,코끼리약국,02-2066-7525,"서울특별시 구로구 천왕로 32, 천왕 에이스 프라자 103호 (천왕동)",서울특별시 구로구 천왕동 277-12 천왕 에이스 프라자 103호,08365,2022-01-03,영업/정상
서울,365열린약국,02-3666-0784,"서울특별시 구로구 남부순환로97길 3, KS프리미어빌딩 105호 (개봉동)",서울특별시 구로구 개봉동 203-7 KS프리미어빌딩 105호,08328,2020-03-02,영업/정상
서울,독일약국,02-2681-9495,"서울특별시 구로구 오리로 1297, 청파빌딩 1층 (궁동)",서울특별시 구로구 궁동 283-3 청파빌딩 1층,08257,2021-07-19,영업/정상
서울,고척스카이약국,02-3666-9662,"서울특별시 구로구 경인로 387, 스카이타워 1층 (고척동)",서울특별시 구로구 고척동 72-49 스카이타워 1층,08227,2021-12-29,영업/정상
서울,메디칼바른약국,02-866-1914,서울특별시 구로구 공원로7길 40 (구로동),서울특별시 구로구 구로동 553-7,08294,2013-09-09,영업/정상
서울,열린약국,02-2625-6040,서울특별시 구로구 고척로 142-1 (고척동),서울특별시 구로구 고척동 253-194,08235,2013-07-12,영업/정상
서울,튼튼온누리약국,02-2135-3372,"서울특별시 구로구 디지털로32가길 25, 티타운빌딩 1층 (구로동)",서울특별시 구로구 구로동 1127-22 티타운빌딩,08392,2023-11-13,영업/정상
서울,오류온누리약국,02-2612-7156,"서울특별시 구로구 경인로 201, 1층 (오류동)",서울특별시 구로구 오류동 39-5 1층,08268,2022-10-13,영업/정상
서울,태영약국,02-858-5597,"서울특별시 구로구 새말로 89, 108-109호 (구로동)",서울특별시 구로구 구로동 8-17 108-9호,08288,2021-05-26,영업/정상
서울,금손약국,02-855-9369,"서울특별시 구로구 디지털로 242, 한화비즈메트로1차 108호 (구로동)",서울특별시 구로구 구로동 851 한화비즈메트로1차 108호,08394,2022-09-27,영업/정상
서울,구로조은약국,02-869-6644,"서울특별시 구로구 가마산로 219, 1층 (구로동)",서울특별시 구로구 구로동 430 1층,08285,2022-08-01,영업/정상
서울,팜프라자약국,02-6344-3990,"서울특별시 구로구 디지털로 300, 지밸리비즈플라자 지하1층 16호 (구로동)",서울특별시 구로구 구로동 188-25 지밸리비즈플라자,08379,2019-05-01,영업/정상
서울,아침햇살약국,02-858-4484,"서울특별시 구로구 시흥대로 561 (구로동, 동해빌딩)",,08391,2015-12-16,영업/정상
서울,세계로온누리약국,070-8825-7310,"서울특별시 구로구 경인로 643, 120호 (신도림동, 신도림2차동아아파트)","서울특별시 구로구 신도림동 644 , 신도림2차동아아파트 120호",08208,2023-06-15,영업/정상
서울,금천제일큰약국,02-6949-1238,"서울특별시 금천구 두산로 75, 홍은빌딩 1층 (독산동)",서울특별시 금천구 독산동 289-1 홍은빌딩,08523,2025-07-31,영업/정상
서울,하얀약국,02-867-4175,"서울특별시 금천구 남부순환로 1290, 1층 (가산동)",서울특별시 금천구 가산동 146-49,08528,2022-10-24,영업/정상
서울,다해약국,02-6497-1234,"서울특별시 금천구 금하로 701, 1층 (시흥동)",서울특별시 금천구 시흥동 836-35,08573,2021-09-30,영업/정상
서울,대우당약국,02-808-8960,서울특별시 금천구 은행나무로 34 (시흥동),서울특별시 금천구 시흥동 921-1,08643,2015-09-02,영업/정상
서울,그랜드약국,02-896-1223,"서울특별시 금천구 시흥대로62길 29, 1층 (시흥동)",서울특별시 금천구 시흥동 881-52,08626,2022-07-19,영업/정상
서울,친친약국,02-866-9228,"서울특별시 금천구 가산디지털1로 151, 이노플렉스1차 103-1호 (가산동)",서울특별시 금천구 가산동 371-47 이노플렉스1차,08506,2024-03-04,영업/정상
서울,토마스약국,02-855-3843,"서울특별시 금천구 시흥대로112길 6 (독산동, 대덕트윈빌)",서울특별시 금천구 독산동 1028 대덕트윈빌,08580,2024-12-03,영업/정상
서울,부자약국,02-6354-2351,서울특별시 금천구 범안로 1183 (독산동),서울특별시 금천구 독산동 332-41,08586,2021-06-15,영업/정상
서울,녹십자약국,02-2645-6743,"서울특별시 금천구 시흥대로 100, 건우빌딩 1층 (시흥동)",서울특별시 금천구 시흥동 940-6 건우빌딩,08651,2025-11-12,영업/정상
서울,온누리천수약국,02-864-3897,"서울특별시 금천구 가산로 111, 동보빌딩 (가산동)",서울특별시 금천구 가산동 153-1 동보빌딩,08520,2013-08-28,영업/정상
서울,다보약국,02-802-8788,"서울특별시 금천구 시흥대로26길 9, 1층 (시흥동)",서울특별시 금천구 시흥동 954-10,08652,2026-02-03,영업/정상
서울,다나을약국,02-3467-4510,"서울특별시 금천구 디지털로10길 37, 아스크타워 107호 (가산동)",서울특별시 금천구 가산동 60-9 아스크타워,08514,2026-06-18,영업/정상
서울,우리온누리약국,02-865-9004,"서울특별시 금천구 디지털로 200, 우리은행 가산IT타워 1층 (가산동)",서울특별시 금천구 가산동 60-51 우리은행 가산IT타워,08514,2024-10-17,영업/정상
서울,스마일약국,02-6265-3456,"서울특별시 금천구 벚꽃로36길 30, 가산 KS TOWER 109호 (가산동)",서울특별시 금천구 가산동 60-14 가산 KS TOWER,08511,2024-12-12,영업/정상
서울,휴베이스 정성약국,02-6264-0715,"서울특별시 금천구 독산로 233, 102동 101호 (독산동, 서래타운)",서울특별시 금천구 독산동 1023-1 서래타운,08581,2025-03-21,영업/정상
서울,굿모닝약국,02-852-4910,"서울특별시 금천구 독산로 366, 임희철내과의원 1층 (독산동)",서울특별시 금천구 독산동 950 임희철내과의원,08547,2024-07-11,영업/정상
서울,정진약국,6671-7788,서울특별시 금천구 독산로64길 19(독산동),서울특별시 금천구 독산동 1040-88,08559,2022-07-18,영업/정상
서울,세명당약국,02-803-3481,"서울특별시 금천구 시흥대로 222, 1층 (시흥동)",서울특별시 금천구 시흥동 883-18,08628,2024-01-08,영업/정상
서울,성우약국,02-718-1454,"서울특별시 영등포구 여의대로 24, 전국경제인연합회회관 지층 114-2호 (여의도동)",서울특별시 영등포구 여의도동 28-1 전국경제인연합회회관,07320,2013-11-29,영업/정상
서울,신풍약국,02-841-3004,서울특별시 영등포구 신길로 36-1 (신길동),서울특별시 영등포구 신길동 4676,07436,2013-06-13,영업/정상
서울,다인약국,02-2636-8914,"서울특별시 영등포구 선유로 70, 우리벤처타운2 2층 206-2호 (문래동3가)",서울특별시 영등포구 문래동3가 82-29 우리벤처타운2,07294,2020-05-13,영업/정상
서울,대건약국,02-6909-9868,"서울특별시 영등포구 양평로 99, 대명빌딩 1층 (양평동4가)",서울특별시 영등포구 양평동4가 68-1 대명빌딩,07208,2020-06-12,영업/정상
서울,여의도동물약국,02-785-7648,서울특별시 영등포구 의사당대로 97 (여의도동),서울특별시 영등포구 여의도동 26-4,07327,2013-05-02,영업/정상
서울,영등포제일약국,02-2068-7277,서울특별시 영등포구 영중로 51-1 (영등포동6가),서울특별시 영등포구 영등포동6가 3-1,07251,2013-05-16,영업/정상
서울,다온약국,02-783-0624,"서울특별시 영등포구 은행로 54, 신한드림리버오피스텔 B107호 (여의도동)",서울특별시 영등포구 여의도동 12-3,07241,2021-03-25,영업/정상
서울,뉴타운온누리약국,070-7817-7575,"서울특별시 영등포구 가마산로 496, JS타워 (신길동)",서울특별시 영등포구 신길동 236 JS타워,07388,2024-09-24,영업/정상
서울,맑은약국,02-2165-8210,"서울특별시 영등포구 당산로 42, 홈플러스 지하1층 (문래동3가)",서울특별시 영등포구 문래동3가 55-3 홈플러스,07297,2022-11-09,영업/정상
서울,보건약국,02-785-1009,서울특별시 영등포구 국제금융로7길 22 (여의도동),서울특별시 영등포구 여의도동 41-1 대교B상가 114호,07340,2013-05-28,영업/정상
서울,삼남매약국,02-3775-1333,"서울특별시 영등포구 여의대방로 417, 대교상가 1층 110호 (여의도동)",서울특별시 영등포구 여의도동 41-2,07340,2019-01-08,영업/정상
서울,경도약국,02-780-5004,서울특별시 영등포구 여의대방로 383 (여의도동),서울특별시 영등포구 여의도동 44-14 경도빌딩 118호,07333,2013-06-12,영업/정상
서울,휴베이스 미소약국,02-2677-0360,"서울특별시 영등포구 선유서로 117, 1층 102호 (양평동3가)",서울특별시 영등포구 양평동3가 23-4,07269,2019-06-10,영업/정상
서울,파인루체온누리약국,02-303-9519,"서울특별시 영등포구 여의대방로69길 19, 지하1층 111호 (여의도동)",서울특별시 영등포구 여의도동 44-5 111호,07333,2026-02-05,영업/정상
서울,아람약국,02-844-4422,서울특별시 영등포구 여의대방로 87 (신길동),서울특별시 영등포구 신길동 4326,07434,2013-07-02,영업/정상
서울,온누리대광약국,02-849-1330,서울특별시 영등포구 도림로38길 4 (대림동),서울특별시 영등포구 대림동 1056-1,07416,2013-05-31,영업/정상
서울,우리조운약국,02-832-4224,"서울특별시 영등포구 도림로 206, 1층 (대림동)",서울특별시 영등포구 대림동 751-5,07423,2018-06-18,영업/정상
서울,금강온누리약국,02-2678-5869,"서울특별시 영등포구 영중로 8, 1층 (영등포동3가)",서울특별시 영등포구 영등포동3가 9-17,07304,2014-08-04,영업/정상
서울,수온누리약국,02-3667-7092,"서울특별시 영등포구 선유로 63, 105호 (문래동6가, EEU동신타워)",서울특별시 영등포구 문래동6가 5 105호,07281,2017-02-17,영업/정상
서울,여의도온누리약국,02-782-3358,"서울특별시 영등포구 여의나루로 60, 여의도우체국 지하1층 137-1호 (여의도동)",서울특별시 영등포구 여의도동 35-1 여의도우체국,07328,2022-10-05,영업/정상
서울,별담은약국,02-2633-0308,"서울특별시 영등포구 국회대로54길 10, 13동 308호 (영등포동7가, 아크로타워 스퀘어)",서울특별시 영등포구 영등포동7가 145-8 아크로타워 스퀘어 13동 308호,07246,2018-03-23,영업/정상
서울,약산약국,02-833-8932,서울특별시 영등포구 도신로 208 (신길동),서울특별시 영등포구 신길동 160-38,07348,2013-07-08,영업/정상
서울,씨엠피나래약국,02-845-9369,"서울특별시 영등포구 도림로 192, 동성빌딩 103호 (대림동)",서울특별시 영등포구 대림동 756-5 동성빌딩,07423,2026-01-27,영업/정상
서울,맑은수약국,02-843-2008,"서울특별시 영등포구 여의대방로 65, 한국천주교살레시오회,돈보스코청소년센터 2층 8호 (신길동)","서울특별시 영등포구 신길동 4491 한국천주교살레시오회,돈보스코청소년센터",07434,2022-10-26,영업/정상
서울,온누리평안약국,02-2634-6769,"서울특별시 영등포구 양평로24길 9 (양평동5가, 양평동한신아파트)",서울특별시 영등포구 양평동5가 76 양평동한신아파트,07204,2025-03-12,영업/정상
서울,봄빛약국,02-785-3331,"서울특별시 영등포구 국회대로70길 12, 대산빌딩 1층 (여의도동)",서울특별시 영등포구 여의도동 14-27 대산빌딩,07237,2025-06-27,영업/정상
서울,365열린약국,02-568-7807,"서울특별시 영등포구 영중로 119, 리마크빌 영등포 2층 204-2호 (영등포동8가)",서울특별시 영등포구 영등포동8가 35-1 리마크빌 영등포,07228,2020-04-07,영업/정상
서울,천우약국,02-2634-1558,"서울특별시 영등포구 영등포로 231-1, 1층 (영등포동5가)",서울특별시 영등포구 영등포동5가 6-3,07250,2020-12-02,영업/정상
서울,영등포메디칼약국,02-2678-2380,"서울특별시 영등포구 영중로8길 6, 성남빌딩 B관 104호 (영등포동3가)",서울특별시 영등포구 영등포동3가 8-1 성남빌딩,07302,2018-09-06,영업/정상
서울,영등포시장약국,02-2634-9321,"서울특별시 영등포구 영중로 62, 1층 (영등포동5가)",서울특별시 영등포구 영등포동5가 37-2,07250,2018-02-21,영업/정상
서울,노아약국,02-785-9501,"서울특별시 영등포구 의사당대로 26, 더하우스 소호 여의도 오피스텔 102호 (여의도동)",서울특별시 영등포구 여의도동 17-9 더하우스 소호 여의도 오피스텔 102호,07236,2025-11-25,영업/정상
서울,태령약국,02-832-0514,"서울특별시 영등포구 신길로 157, 1층 (신길동)",서울특별시 영등포구 신길동 234-6,07387,2020-11-10,영업/정상
서울,신풍역4번출구약국,02-6956-0337,"서울특별시 영등포구 신풍로 23, 102호 (신길동)",서울특별시 영등포구 신길동 424-3 102호,07398,2023-12-18,영업/정상
서울,장수천 약국,02-2632-6371,"서울특별시 영등포구 국회대로56길 30, 1층 (영등포동2가)",서울특별시 영등포구 영등포동2가 94-259,07249,2020-07-23,영업/정상
서울,정성온누리약국,02-824-2972,"서울특별시 영등포구 신길로 36, 101호 (신길동, 연세빌딩)",서울특별시 영등포구 신길동 4677,07436,2014-10-30,영업/정상
서울,서울성모약국,070-8719-1987,"서울특별시 영등포구 도림로 157, 대림빌딩 102호 (대림동)",서울특별시 영등포구 대림동 710-12 대림빌딩,07413,2019-09-27,영업/정상
서울,마음약국,02-2678-9135,"서울특별시 영등포구 선유로 59, 문래 아카데미 104호 (문래동6가)",서울특별시 영등포구 문래동6가 5-2 문래 아카데미,07281,2019-11-08,영업/정상
서울,영등포21세기약국,02-2636-7588,서울특별시 영등포구 당산로36길 12 (당산동4가),서울특별시 영등포구 당산동4가 94-1 삼성ABC프라자1층 102호,07220,2013-07-09,영업/정상
서울,유림약국,2676-0266,"서울특별시 영등포구 양평로 95-1, 1층 (양평동4가)",서울특별시 영등포구 양평동4가 66-3 1층,07208,2015-03-05,영업/정상
서울,늘여는 약국,032-326-0596,"서울특별시 영등포구 당산로41길 11, 당산 SK V1 center 108호 (당산동4가)",서울특별시 영등포구 당산동4가 80 당산 SK V1 center 108호,07217,2025-07-09,영업/정상
서울,수성약국,02-2633-3669,"서울특별시 영등포구 양평로 68, 디엔빌딩 1층 103호 (당산동6가)",서울특별시 영등포구 당산동6가 339-4 디엔빌딩 103호,07222,2026-01-07,영업/정상
서울,대명약국,02-844-5433,서울특별시 영등포구 영신로19길 7 (영등포동),서울특별시 영등포구 영등포동 618-79,07366,2016-08-05,영업/정상
서울,이도온누리약국,02-2633-7167,"서울특별시 영등포구 당산로31길 14, 1층 (당산동3가)",서울특별시 영등포구 당산동3가 395-4 1층,07256,2017-05-19,영업/정상
서울,중앙메디칼약국,02-846-8950,"서울특별시 영등포구 가마산로 582, 1층 (신길동)",서울특별시 영등포구 신길동 736,07391,2020-03-13,영업/정상
서울,래미안온누리약국,2675-5250,"서울특별시 영등포구 당산로 214, 102-2,3호 (당산동5가,삼성래미안상가)","서울특별시 영등포구 당산동5가 42 삼성래미안상가 102-2,3호",,2004-03-23,영업/정상
서울,참약사제이메디컬약국,02-6925-1725,"서울특별시 영등포구 영중로 28, 영등포 점프밀라노 1층 (영등포동3가)",서울특별시 영등포구 영등포동3가 7 영등포 점프밀라노 1층,07302,2025-07-29,영업/정상
서울,천지당약국,02-832-5867,"서울특별시 영등포구 시흥대로 659, 1층 (대림동)",서울특별시 영등포구 대림동 962-5,07442,2019-12-05,영업/정상
서울,미래약국,02-784-5480,서울특별시 영등포구 여의대방로65길 12 (여의도동),서울특별시 영등포구 여의도동 44-32 에리트빌딩 306호,07333,2013-06-10,영업/정상
서울,왕온누리약국,02-2679-0316,"서울특별시 영등포구 영중로24길 4, 1층 (영등포동5가)",서울특별시 영등포구 영등포동5가 38-1,07250,2018-06-12,영업/정상
서울,건강온누리 약국,02-815-1120,서울특별시 동작구 상도로 202 (상도동),서울특별시 동작구 상도동 170-2,06964,2015-07-27,영업/정상
서울,아카데미약국,02-6269-7575,"서울특별시 동작구 보라매로5가길 16, 515호 (신대방동, 보라매아카데미타워)",서울특별시 동작구 신대방동 395-69 보라매아카데미타워 515호,07071,2021-02-09,영업/정상
서울,강약국,02-816-8766,"서울특별시 동작구 서달로 158, 104호 (흑석동)",서울특별시 동작구 흑석동 97-2,06979,2015-07-29,영업/정상
서울,성대약국,02-821-4416,서울특별시 동작구 성대로 11 (상도동),서울특별시 동작구 상도동 248-4,06959,2013-07-31,영업/정상
서울,해뜨는약국,02-816-3869,서울특별시 동작구 양녕로 281 (상도1동),서울특별시 동작구 상도1동 621,06919,2019-10-01,영업/정상
서울,정한약국,02-5464-5646,"서울특별시 동작구 노량진로 22, 1층 (대방동)",서울특별시 동작구 대방동 339-15 1층,06938,2021-03-16,영업/정상
서울,늘봄약국,02-6150-3007,"서울특별시 동작구 상도로 327, 성일빌딩 (상도동)",서울특별시 동작구 상도동 463-6 성일빌딩,06971,2025-05-23,영업/정상
서울,오리약국,02-813-0526,"서울특별시 동작구 만양로 3, 101호 (상도동)",서울특별시 동작구 상도동 22-118,06921,2025-03-18,영업/정상
서울,보라매서울약국,02-833-1358,"서울특별시 동작구 보라매로5길 15, 전문건설회관빌딩 B1층 C-5호 (신대방동)",서울특별시 동작구 신대방동 395-70 전문건설회관빌딩,07071,2024-05-23,영업/정상
서울,좋은약국,02-523-3045,"서울특별시 동작구 동작대로 21, 양지빌딩 지하층 102호 (사당동)",서울특별시 동작구 사당동 1031-27 양지빌딩,07015,2023-07-12,영업/정상
서울,사당프라자 약국,02-3474-4170,"서울특별시 동작구 사당로 230-1, 1층 (사당동)",서울특별시 동작구 사당동 265-59,07010,2013-10-01,영업/정상
서울,2층은약국,02-6484-8248,"서울특별시 동작구 현충로 75, 원불교100년기념관 (흑석동)",서울특별시 동작구 흑석동 1-3 원불교100년기념관,06904,2020-07-08,영업/정상
서울,하나약국,02-823-8336,"서울특별시 동작구 여의대방로24길 30, 1층 (신대방동)",서울특별시 동작구 신대방동 362-31,07056,2023-09-18,영업/정상
서울,인화약국,02-826-9848,"서울특별시 동작구 만양로 84, 102호 (노량진동, 삼익주상복합아파트)",서울특별시 동작구 노량진동 330 삼익주상복합아파트 102호,06914,2020-09-22,영업/정상
서울,상도프라자약국,02-599-9270,"서울특별시 동작구 상도로 356, 교동빌딩 1층 (상도동)",서울특별시 동작구 상도동 475-6 교동빌딩 1층,07040,2021-06-15,영업/정상
서울,옵티마상도약국,02-814-2293,"서울특별시 동작구 상도로53길 6, 순현빌딩 (상도동)",서울특별시 동작구 상도동 478-24 순현빌딩,06977,2022-06-17,영업/정상
서울,팜프라자약국,02-523-9496,서울특별시 동작구 남부순환로 2055 (사당동),서울특별시 동작구 사당동 1046-8,07024,2014-08-20,영업/정상
서울,미소약국,02-462-3364,"서울특별시 동작구 국사봉1길 33, 범한빌딩 1층 (상도동)",서울특별시 동작구 상도동 324-42 범한빌딩,07041,2025-03-24,영업/정상
서울,사랑약국,02-540-8639,서울특별시 동작구 사당로 303 (사당동),서울특별시 동작구 사당동 147-76,07008,2019-09-23,영업/정상
서울,평화약국,02-582-5353,"서울특별시 동작구 남부순환로 2059, 1층 (사당동)",서울특별시 동작구 사당동 1046-13,07024,2025-02-24,영업/정상
서울,옵티마 다정약국,02-595-8804,"서울특별시 동작구 동작대로29길 69, 두성프라자 120,121호 (사당동)",서울특별시 동작구 사당동 120-1,06999,2013-06-27,영업/정상
서울,조이온누리약국,02-532-0971,"서울특별시 동작구 동작대로 121, 지하1층 (사당동, 경원빌딩)",서울특별시 동작구 사당동 135-3 지하1층,07008,2015-10-30,영업/정상
서울,스마일약국,02-786-7870,"서울특별시 동작구 장승배기로 110-1, 1층 (노량진동)",서울특별시 동작구 노량진동 311-20,06925,2024-03-19,영업/정상
서울,보라매온누리약국,02-812-4881,서울특별시 동작구 보라매로 93 (신대방동),서울특별시 동작구 신대방동 345-3,07060,2014-12-11,영업/정상
서울,행복이열리는건강약국,02-823-0700,"서울특별시 동작구 상도로 301, 의암빌딩 1층 (상도1동)",서울특별시 동작구 상도1동 394 의암빌딩,06970,2022-09-13,영업/정상
서울,유림온누리약국,02-532-8225,"서울특별시 동작구 사당로 215, 107호 (사당동, 서림빌딩)",서울특별시 동작구 사당동 252-17,07004,2017-05-26,영업/정상
서울,푸른약국,02-813-1233,서울특별시 동작구 상도로 93 (상도동),서울특별시 동작구 상도동 328-7,,2004-03-10,영업/정상
서울,세화약국,02-6956-3233,"서울특별시 동작구 상도로 58, 1층 102호 (대방동, 올리브빌딩)",서울특별시 동작구 대방동 405-8 올리브빌딩,07055,2023-08-24,영업/정상
서울,오렌지약국,02-3280-5293,"서울특별시 동작구 양녕로 268, 진영빌딩 1층 (상도1동)",서울특별시 동작구 상도1동 666-1 진영빌딩,06968,2023-08-23,영업/정상
서울,신중앙약국,02-822-0443,"서울특별시 동작구 흑석로 103, 1,2층 (흑석동)","서울특별시 동작구 흑석동 183-42 1층, 2층",06910,2015-08-25,영업/정상
서울,새천년약국,02-815-5051,서울특별시 동작구 상도로 69 (대방동),서울특별시 동작구 대방동 393-65,06953,2017-12-14,영업/정상
서울,파랑새약국,02-824-5150,"서울특별시 동작구 상도로 81, 지하1층 (대방동, 대방동크리닉센타)",서울특별시 동작구 대방동 335-17 지하1층,06953,2015-11-25,영업/정상
서울,솔약국,02-6082-2506,"서울특별시 동작구 상도로12길 1, 스마트빌딩 101호 (상도동)",서울특별시 동작구 상도동 324-45 스마트빌딩,07041,2025-03-25,영업/정상
서울,샘보건약국,02-3280-8030,"서울특별시 동작구 상도로 207, 1층 B205호 (상도동, 상도효성해링턴플레이스)",서울특별시 동작구 상도동 536 상도효성해링턴플레이스,06921,2024-10-16,영업/정상
서울,대학당약국,02-878-7497,서울특별시 관악구 원신길 2-1 (신림동),서울특별시 관악구 신림동 808-494,08846,2019-11-29,영업/정상
서울,왕약국,02-877-1333,서울특별시 관악구 대학5길 17 (신림동),서울특별시 관악구 신림동 241-112,08814,2015-11-30,영업/정상
서울,가은약국,02-878-9669,서울특별시 관악구 봉천로 486 (봉천동),서울특별시 관악구 봉천동 858-3,08738,2013-09-05,영업/정상
서울,신지약국,02-882-2740,서울특별시 관악구 신림로 105 (신림동),서울특별시 관악구 신림동 1516-3,08813,2013-05-21,영업/정상
서울,신성심약국,02-888-6222,서울특별시 관악구 관악로 205 (봉천동),서울특별시 관악구 봉천동 859-8,08745,2014-04-29,영업/정상
서울,온누리대산약국,02-853-4967,서울특별시 관악구 시흥대로 560 (신림동),서울특별시 관악구 신림동 1655-16,08769,2020-04-23,영업/정상
서울,리드팜 힘찬약국,02-885-7422,"서울특별시 관악구 은천로 109, 한독빌딩 (봉천동)",서울특별시 관악구 봉천동 495-1 한독빌딩,08729,2015-07-09,영업/정상
서울,조은약국,02-877-9403,"서울특별시 관악구 구암길 98, 관악드림타운아파트 1층 104호 (봉천동)",서울특별시 관악구 봉천동 1712-1 관악드림타운아파트,08725,2020-01-01,영업/정상
서울,관악이화약국,02-885-0456,서울특별시 관악구 봉천로 281 (봉천동),서울특별시 관악구 봉천동 968-36,08720,2014-07-17,영업/정상
서울,행복이가득한약국,02-865-4703,서울특별시 관악구 남부순환로 1443 (신림동),서울특별시 관악구 신림동 543-22,08767,2013-05-14,영업/정상
서울,종로수약국,02-877-0789,서울특별시 관악구 보라매로 4 (봉천동),서울특별시 관악구 봉천동 971-1,08722,2017-10-08,영업/정상
서울,이루는약국,02-875-8725,"서울특별시 관악구 관악로 234, 2층 (봉천동)",서울특별시 관악구 봉천동 36-14 2층,08737,2019-01-16,영업/정상
서울,사랑약국,02-597-1730,서울특별시 관악구 남부순환로 2082-33 (남현동),서울특별시 관악구 남현동 1060-3,08806,2018-05-09,영업/정상
서울,한소망약국,02-873-8707,"서울특별시 관악구 신림로 198, 1층 (신림동)",서울특별시 관악구 신림동 107-123 1층,08836,2018-11-29,영업/정상
서울,다나온누리약국,02-886-4207,"서울특별시 관악구 관악로 240, 1층 (봉천동)",서울특별시 관악구 봉천동 36-1 1층,08735,2013-07-05,영업/정상
서울,봄내약국,02-882-8234,서울특별시 관악구 신림동5길 31 (신림동),서울특별시 관악구 신림동 1432-136,08760,2013-07-24,영업/정상
서울,엘림약국,02-876-3304,"서울특별시 관악구 신림로 324, 1층 (신림동)",서울특별시 관악구 신림동 1641-9,08777,2013-06-28,영업/정상
서울,서강약국,02-856-3231,"서울특별시 관악구 문성로 219, 1층 (신림동)",서울특별시 관악구 신림동 1635-82 1층,08775,2019-01-07,영업/정상
서울,우경약국,02-871-1549,서울특별시 관악구 호암로 531-1 (신림동),서울특별시 관악구 신림동 304-85,08848,2013-06-28,영업/정상
서울,팜메이트난곡종합약국,02-838-2527,"서울특별시 관악구 난곡로35길 2, 1층 (신림동)",서울특별시 관악구 신림동 725-37,08858,2020-04-09,영업/정상
서울,새종로약국,02-866-6245,서울특별시 관악구 난곡로 264 (신림동),서울특별시 관악구 신림동 1680-24,08849,2020-11-26,영업/정상
서울,서울약국,02-837-1401,서울특별시 관악구 난곡로 194 (신림동),서울특별시 관악구 신림동 620-3 0통,08854,2013-06-07,영업/정상
서울,인헌연세약국,02-877-4123,"서울특별시 관악구 인헌길 12, 1층 (봉천동)",서울특별시 관악구 봉천동 1656-28,08793,2021-01-05,영업/정상
서울,휴베이스 다정약국,02-878-0222,"서울특별시 관악구 남부순환로 1944, 106호 (봉천동)",서울특별시 관악구 봉천동 1657-5 106호,08793,2015-08-17,영업/정상
서울,이화온누리약국,02-855-2851,서울특별시 관악구 난곡로 53 (신림동),서울특별시 관악구 신림동 1735-3,08862,2013-04-26,영업/정상
서울,굿모닝약국,02-887-4646,"서울특별시 관악구 신림로 272, 대원빌딩 (신림동)",서울특별시 관악구 신림동 1641-90 대원빌딩,08778,2013-08-12,영업/정상
서울,관악소망약국,02-878-4568,"서울특별시 관악구 남부순환로 1838, C.S타워 2층 (봉천동)",서울특별시 관악구 봉천동 1600-1 C.S타워,08788,2021-02-16,영업/정상
서울,그린약국,02-888-4959,"서울특별시 관악구 남부순환로 1740, 명당빌딩 1층 (봉천동)",서울특별시 관악구 봉천동 927-1 명당빌딩,08784,2021-01-05,영업/정상
서울,하나로온누리약국,02-875-8005,서울특별시 관악구 은천로 38 (봉천동),서울특별시 관악구 봉천동 941-21,08749,2013-04-23,영업/정상
서울,늘푸른약국,02-885-0074,"서울특별시 관악구 신림로 137, 조홍빌딩 (신림동)",서울특별시 관악구 신림동 1514 조홍빌딩,08812,2021-03-30,영업/정상
서울,평화약국,02-885-3575,서울특별시 관악구 남부순환로 1784 (봉천동),서울특별시 관악구 봉천동 883-15,08786,2004-11-10,영업/정상
서울,광장약국,070-7744-6763,"서울특별시 관악구 관악로40길 47, 현대상가 105호 (봉천동)",서울특별시 관악구 봉천동 1000 현대상가 105호,08730,2018-09-12,영업/정상
서울,사랑찬약국,02-522-0731,"서울특별시 관악구 과천대로 909, 홈플러스스페셜 남현점 지하2층 (남현동)",서울특별시 관악구 남현동 612-51 홈플러스스페셜 남현점,08808,2019-09-09,영업/정상
서울,밝은미소약국,02-877-0927,"서울특별시 관악구 양녕로 46, 메카플러스 1층 107호 (봉천동)",서울특별시 관악구 봉천동 463-4 메카플러스 1층 107호,08747,2019-03-28,영업/정상
서울,순환약국,02-885-0703,"서울특별시 관악구 호암로22길 60, 태양빌딩 1층 (신림동)",서울특별시 관악구 신림동 1544 태양빌딩 1층,08819,2019-01-16,영업/정상
서울,호호약국,02-882-2633,"서울특별시 관악구 남부순환로 1595, 1층 (신림동)",서울특별시 관악구 신림동 1433-88,08759,2018-03-02,영업/정상
서울,판티오약국,02-548-3603,"서울특별시 서초구 강남대로 525, 세영제이타워 1층 (반포동)",서울특별시 서초구 반포동 722-21 세영제이타워,06536,2026-06-04,영업/정상
서울,우면메디칼약국,02-575-0234,"서울특별시 서초구 태봉로 62, 네이처프라자 105호 (우면동)",서울특별시 서초구 우면동 725 네이처프라자,06764,2026-06-04,영업/정상
서울,웃음짓는약국,02-598-7588,"서울특별시 서초구 효령로 120, 1층 102호 (방배동)",서울특별시 서초구 방배동 981-16,06695,2026-06-05,영업/정상
서울,올리브약국,02-487-7904,"서울특별시 서초구 강남대로 521-4, 태영빌딩 1층 102호 (반포동)",서울특별시 서초구 반포동 722-38 태영빌딩,06536,2026-04-14,영업/정상
서울,서초백화점약국,3474-7575,서울특별시 서초구 효령로 279 (서초동),서울특별시 서초구 서초동 1602-1,06654,2013-07-23,영업/정상
서울,그린약국,02-581-4925,"서울특별시 서초구 효령로 394, 1층 6호 (서초동)",서울특별시 서초구 서초동 1342,06727,2018-01-16,영업/정상
서울,바른온누리약국,070-8808-3000,"서울특별시 서초구 방배로 108, 1층 (방배동)",서울특별시 서초구 방배동 907-5,06665,2019-04-29,영업/정상
서울,구슬약국,02-585-6991,"서울특별시 서초구 서초중앙로 113, 영한빌딩 1층 (서초동)",서울특별시 서초구 서초동 1575-3 영한빌딩,06644,2019-11-19,영업/정상
서울,자이수약국,02-591-1370,"서울특별시 서초구 사평대로45길 10-25, 베리타스타운 109-2호 (반포동)",서울특별시 서초구 반포동 20-51 베리타스타운,06544,2021-03-03,영업/정상
서울,신명성약국,02-532-7722,"서울특별시 서초구 서래로8길 1, 1층 (반포동)",서울특별시 서초구 반포동 92-12,06577,2021-03-31,영업/정상
서울,센트럴약국,02-525-1731,"서울특별시 서초구 방배로 83, 방배센트럴빌딩 2층 (방배동)",서울특별시 서초구 방배동 909-6 방배센트럴빌딩,06686,2021-04-07,영업/정상
서울,서초우리약국,02-525-2588,"서울특별시 서초구 반포대로27길 13, 2층 206호 (서초동, 서초꽃마을 주얼리)",서울특별시 서초구 서초동 1502-12 서초꽃마을 주얼리,06656,2021-11-30,영업/정상
서울,양재로하스약국,070-7795-7505,"서울특별시 서초구 강남대로 48-6, 한석빌딩 1층 101호 (양재동)",서울특별시 서초구 양재동 326-7 한석빌딩,06779,2021-12-28,영업/정상
서울,리즈약국,02-521-8887,"서울특별시 서초구 반포대로18길 36, 1층 104호 (서초동, 서초센트럴IPARK)",서울특별시 서초구 서초동 1582-3 서초센트럴IPARK,06652,2020-11-26,영업/정상
서울,스타온누리약국,02-587-8228,"서울특별시 서초구 서초대로 250, 스타갤러리브릿지 지하1층 B102호 (서초동)",서울특별시 서초구 서초동 1553-3 스타갤러리브릿지,06647,2020-12-05,영업/정상
서울,반포동물약국,02-595-2260,"서울특별시 서초구 신반포로 194, 강남고속버스터미널 본관동 1층 쇼케이스1호 (반포동)",서울특별시 서초구 반포동 19-4 강남고속버스터미널 본관동 쇼케이스1호,06545,2020-03-04,영업/정상
서울,잠원스타약국,02-6952-4332,"서울특별시 서초구 잠원로4길 33-2, 잠원동 스타빌딩 111호 (잠원동)",서울특별시 서초구 잠원동 61-9 잠원동 스타빌딩 111호,06519,2020-03-19,영업/정상
서울,하이팜 약국,02-591-1406,"서울특별시 서초구 사임당로 178, 이즈타워 1층 103호 (서초동)",서울특별시 서초구 서초동 1337-14 이즈타워 103호,06627,2020-05-11,영업/정상
서울,스카이약국,02-3471-0620,"서울특별시 서초구 방배로 199, 1층 C호 (방배동)",서울특별시 서초구 방배동 812-24,06562,2023-04-24,영업/정상
서울,숲약국,02-593-4958,"서울특별시 서초구 잠원로 148, 107호 (잠원동, 잠원연합상가)",서울특별시 서초구 잠원동 56-3 잠원연합상가,06518,2020-08-20,영업/정상
서울,서초행복약국,02-2088-6383,"서울특별시 서초구 반포대로 58, 129호 (서초동, 서초아트자이)",서울특별시 서초구 서초동 1583-10 서초아트자이,06652,2020-10-23,영업/정상
서울,서초자이약국,02-6447-9879,"서울특별시 서초구 효령로 403, 204호 (서초동)",서울특별시 서초구 서초동 1757-1,06630,2026-01-08,영업/정상
서울,에이원약국,02-595-5581,"서울특별시 서초구 서초대로77길 17, BLOCK77 1층 102-2호 (서초동)",서울특별시 서초구 서초동 1307-21 BLOCK77,06614,2020-10-26,영업/정상
서울,숨온누리약국,02-581-4242,"서울특별시 서초구 서초대로 114, J.H 빌딩 1층 102호 (방배동)",서울특별시 서초구 방배동 897-2 J.H 빌딩,06664,2020-10-30,영업/정상
서울,우리들약국,02-537-9286,"서울특별시 서초구 서초중앙로 230 (반포동, 동화반포프라자빌딩)",서울특별시 서초구 반포동 32-2 동화반포프라자빌딩 105호,06599,2015-10-02,영업/정상
서울,동해물약국,02-594-3141,"서울특별시 서초구 동광로12가길 42, 1층 (방배동)",서울특별시 서초구 방배동 1546,06567,2022-01-04,영업/정상
서울,다나약국,02-597-3514,"서울특별시 서초구 효령로 229, 서울빌딩 1층 (서초동)",서울특별시 서초구 서초동 1532-7 서울빌딩,06671,2022-05-27,영업/정상
서울,더블유스토어 하이약국,070-4117-8275,"서울특별시 서초구 사임당로 39 (서초동, 한성빌딩)",서울특별시 서초구 서초동 1578-5,06650,2016-08-02,영업/정상
서울,서초메이플약국,02-581-0783,"서울특별시 서초구 남부순환로347길 101, 1층 (서초동, 조이빌딩)",서울특별시 서초구 서초동 1341-7 조이빌딩 1층,06728,2016-10-24,영업/정상
서울,임마누엘온누리약국,02-534-2678,서울특별시 서초구 방배로 244 (방배동),서울특별시 서초구 방배동 773-4,06584,2016-12-23,영업/정상
서울,남부장수약국,02-572-4935,"서울특별시 서초구 동산로 60, 화성빌딩 1층 (양재동)",서울특별시 서초구 양재동 377-1 화성빌딩,06784,2026-07-28,영업/정상
서울,한빛약국,02-585-5405,"서울특별시 서초구 효령로 261-1, 1층 (서초동)",서울특별시 서초구 서초동 1586-4,06653,2025-05-21,영업/정상
서울,신논현올리브약국,02-514-5530,"서울특별시 서초구 강남대로 507, 신태양B/D 1층 (반포동)",서울특별시 서초구 반포동 736-6,06536,2025-09-23,영업/정상
서울,새생명약국,02-533-7168,"서울특별시 서초구 잠원로4길 50, 메이플 자이 근린생활시설 1층 1-102호 (잠원동)",서울특별시 서초구 잠원동 60-3 메이플 자이 근린생활시설,06522,2025-10-24,영업/정상
서울,메디칼허브약국,02-540-5001,"서울특별시 서초구 강남대로 615, 1층 (잠원동, 금정빌딩)",서울특별시 서초구 잠원동 12-21,06524,2017-08-08,영업/정상
서울,진흥온누리약국,02-532-1525,"서울특별시 서초구 서초대로 389, 1층 105,106호 (서초동, 진흥상가)",서울특별시 서초구 서초동 1315,06617,2017-08-30,영업/정상
서울,하나로약국,02-578-4955,"서울특별시 서초구 청계산로 10, 1층 (양재동, 농협하나로클럽)",서울특별시 서초구 양재동 230-1,06797,2017-09-18,영업/정상
서울,양재뿌리약국,02-572-4799,"서울특별시 서초구 남부순환로 지하 2585, 양재역 25호 (서초동)",서울특별시 서초구 서초동 1366-9 양재역 25호,06735,2018-03-05,영업/정상
서울,스마트온누리약국,02-523-0365,"서울특별시 서초구 강남대로53길 7, 강남애니타워 101호 (서초동)",서울특별시 서초구 서초동 1330-20 강남애니타워 101호,06626,2018-04-19,영업/정상
서울,강남메디칼약국,02-594-0801,"서울특별시 서초구 방배로 174, 태창빌딩 1층 (방배동)",서울특별시 서초구 방배동 851-6 태창빌딩,06586,2018-08-29,영업/정상
서울,자연약국,02-582-5717,서울특별시 서초구 효령로68길 114 (서초동),서울특별시 서초구 서초동 1443-31,06721,2024-05-24,영업/정상
서울,남부터미널4번출구약국,02-522-5251,"서울특별시 서초구 서초중앙로 26, 104호 (서초동, 래미안 서초유니빌)",서울특별시 서초구 서초동 1445-4 래미안 서초유니빌 104호,06720,2024-06-07,영업/정상
서울,고명약국,2057-3448,"서울특별시 서초구 바우뫼로 23, 101호 (우면동, 선일상가)",서울특별시 서초구 우면동 64-2 선일상가 101호,06762,2013-06-12,영업/정상
서울,동해물약국,02-594-3141,"서울특별시 서초구 동광로12가길 42, 1층 (방배동)",서울특별시 서초구 방배동 1546,06567,2017-07-18,영업/정상
서울,메디팜숲약국,02-6409-7061,"서울특별시 서초구 바우뫼로35길 28, 1층 (양재동)",서울특별시 서초구 양재동 20-19 고원빌딩,06744,2021-01-05,영업/정상
서울,방배대한약국,02-596-1776,"서울특별시 서초구 동작대로 118, 방배동예다인프라자빌딩 107호 (방배동)",서울특별시 서초구 방배동 1549 방배동예다인프라자빌딩,06568,2021-01-13,영업/정상
서울,생각하는약국,02-577-6234,"서울특별시 서초구 청계산로9길 70, 내곡 SH 플라자 105호 (내곡동)",서울특별시 서초구 내곡동 391 내곡 SH 플라자,06800,2021-01-15,영업/정상
서울,신반포온누리약국,02-6080-5981,"서울특별시 서초구 반포대로 287, 래미안퍼스티지 중심상가 125호 (반포동)",서울특별시 서초구 반포동 18-3 래미안퍼스티지 중심상가,06547,2021-02-04,영업/정상
서울,제이팜약국,02-6398-3334,"서울특별시 서초구 서초중앙로 130, 일이타워 101호 (서초동)",서울특별시 서초구 서초동 1672-9,06634,2021-05-20,영업/정상
서울,양재소망약국,02-6402-1522,"서울특별시 서초구 언남1길 3, 1층 102호 (양재동)",서울특별시 서초구 양재동 244-3,06778,2021-06-14,영업/정상
서울,봄약국,02-3487-3414,"서울특별시 서초구 서초중앙로8길 13, 아진빌딩 1층 (서초동)",서울특별시 서초구 서초동 1622-19 아진빌딩,06640,2021-10-25,영업/정상
서울,스타온누리약국,02-587-8228,"서울특별시 서초구 서초대로 250, 스타갤러리브릿지 지하1층 102호 (서초동)",서울특별시 서초구 서초동 1553-3 스타갤러리브릿지,06647,2021-11-01,영업/정상
서울,호두약국,02-522-5958,"서울특별시 서초구 남부순환로 2449, 삼원빌딩 1층 (서초동)",서울특별시 서초구 서초동 1426-2 삼원빌딩,06725,2024-08-14,영업/정상
서울,무지개약국,02-577-0790,"서울특별시 서초구 헌릉로8길 9-8, 내곡플라자 1층 108호 (내곡동)",서울특별시 서초구 내곡동 378 내곡플라자 108호,06800,2023-03-23,영업/정상
서울,나이스약국,02-594-0503,"서울특별시 서초구 강남대로 421, 삼영빌딩 1층 (서초동)",서울특별시 서초구 서초동 1306-5 삼영빌딩,06614,2023-04-17,영업/정상
서울,휴베이스원약국,02-3482-4799,"서울특별시 서초구 반포대로 291, 원베일리 스퀘어 137호 (반포동)",서울특별시 서초구 반포동 0 원베일리 스퀘어,06506,2023-10-16,영업/정상
서울,서초스마트동물약국,02-575-5008,"서울특별시 서초구 언남길 87, 두상빌딩 1층 (양재동)",서울특별시 서초구 양재동 277-6 두상빌딩,06775,2023-11-16,영업/정상
서울,장수알파약국,3487-4233,"서울특별시 서초구 서초중앙로 42, 블루핀타워 b107,108호 (서초동)",서울특별시 서초구 서초동 1603-1 블루핀타워,06643,2013-05-10,영업/정상
서울,교대사랑약국,3477-0312,"서울특별시 서초구 서초대로 341, 102호 (서초동)",서울특별시 서초구 서초동 1689-6 102호,06607,2013-05-24,영업/정상
서울,사랑의약국,3476-2273,"서울특별시 서초구 신반포로 165, 2동 1층 (잠원동, 반포쇼핑타운)",서울특별시 서초구 잠원동 75-13 반포쇼핑타운 2동,06512,2013-06-06,영업/정상
서울,세계로 약국,3474-2599,서울특별시 서초구 동작대로 38 (방배동),서울특별시 서초구 방배동 442-2,06691,2013-06-06,영업/정상
서울,서원약국,3477-1840,,서울특별시 서초구 반포동 30 지하철 9호선 사평역,,2013-06-06,영업/정상
서울,미소약국,3487-3454,서울특별시 서초구 서운로 39 (서초동),서울특별시 서초구 서초동 1344-12,06727,2013-06-27,영업/정상
서울,서리풀약국,02-3473-4222,"서울특별시 서초구 효령로 332, 1층 (서초동)",서울특별시 서초구 서초동 1443-13,06721,2016-03-14,영업/정상
서울,서초제일약국,02-583-7170,"서울특별시 서초구 방배로 111, 1층 (방배동, 청림빌딩)",서울특별시 서초구 방배동 924-13 청림빌딩 1층,06683,2016-03-29,영업/정상
서울,봄약국,02-575-0112,"서울특별시 서초구 헌릉로8길 45, 203호 (내곡동, 서초 포레스타 2단지 상가)",서울특별시 서초구 내곡동 143 서초 포레스타2단지 상가 203호,06800,2016-04-21,영업/정상
서울,세븐약국,02-598-7753,"서울특별시 서초구 서초대로 250, 703호 (서초동, 스타갤러리브릿지)",서울특별시 서초구 서초동 1553-3 스타갤러리브릿지 703호,06647,2016-06-10,영업/정상
서울,선릉동물약국,02-431-7887,"서울특별시 강남구 테헤란로 333, 신도벤처타워 지하1층 (역삼동)",서울특별시 강남구 역삼동 705-18 신도벤처타워,06150,2023-10-17,영업/정상
서울,솔약국,02-226-9828,"서울특별시 강남구 개포로 615, 석탑프라자, 개포3동주민센터 101호 (개포동)","서울특별시 강남구 개포동 12-4 석탑프라자, 개포3동주민센터",06335,2024-02-02,영업/정상
서울,강남백세약국,02-566-3138,"서울특별시 강남구 도곡로 448 (대치동, 동서빌딩)",서울특별시 강남구 대치동 1021-2,06279,2016-03-23,영업/정상
서울,삼성제일약국,02-459-5511,서울특별시 강남구 양재대로55길 7 (일원동),서울특별시 강남구 일원동 644-4,,2004-03-10,영업/정상
서울,프라임365약국,02-3434-2277,"서울특별시 강남구 자곡로 172, 1층 122호 (자곡동)",서울특별시 강남구 자곡동 650 1층 122호,06373,2023-09-14,영업/정상
서울,옵티마웰니스뮤지엄신사약국,02-542-2962,"서울특별시 강남구 도산대로 117, 1층 (신사동)",서울특별시 강남구 신사동 514-18 1층,06035,2026-06-16,영업/정상
서울,비타약국,02-2135-6705,"서울특별시 강남구 논현로 561, 1층 (역삼동)",서울특별시 강남구 역삼동 606-28,06125,2020-03-09,영업/정상
서울,아너힐즈약국,02-572-0057,"서울특별시 강남구 삼성로 11, 상가동 1층 113호 (개포동, 디에이치아너힐즈)",서울특별시 강남구 개포동 1281 디에이치아너힐즈 상가동 113호,06327,2021-02-10,영업/정상
서울,자연애약국,02-567-8413,"서울특별시 강남구 봉은사로 474, 105호 (삼성동, 쌍용 플래티넘)",서울특별시 강남구 삼성동 117 쌍용 플래티넘 105호,06154,2020-08-03,영업/정상
서울,청담명약국,02-512-0556,"서울특별시 강남구 학동로 504, 1층 3호 (삼성동)",서울특별시 강남구 삼성동 52-3 1층 3호,06084,2017-11-01,영업/정상
서울,봄봄약국,02-512-1777,"서울특별시 강남구 학동로6길 49, 논현동에스씨주택 1층 (논현동)",서울특별시 강남구 논현동 158-33 논현동에스씨주택 1층,06115,2020-10-12,영업/정상
서울,연우약국,02-578-9436,"서울특별시 강남구 도곡로 242, 102,104,105호 (도곡동, 삼호아파트)","서울특별시 강남구 도곡동 540 삼호상가 102,104,105호",06273,2018-05-11,영업/정상
서울,울트라온누리약국,02-543-7587,서울특별시 강남구 봉은사로 415 (삼성동),,06097,2013-06-07,영업/정상
서울,서은약국,02-545-7789,서울특별시 강남구 논현로149길 50 (논현동),서울특별시 강남구 논현동 5-19,06039,2024-06-10,영업/정상
서울,역삼동물약국,02-564-7582,서울특별시 강남구 논현로 327 (역삼동),서울특별시 강남구 역삼동 797-16,06248,2013-05-02,영업/정상
서울,메디팜압구정약국,02-547-7585,"서울특별시 강남구 논현로160길 13, 1층 101호 (신사동)",서울특별시 강남구 신사동 597-4,06025,2014-05-19,영업/정상
서울,솔빛동양약국,070-7740-5462,"서울특별시 강남구 언주로30길 10, 현대비전21 110호 (도곡동)",서울특별시 강남구 도곡동 467-19 현대비전21 110호,06295,2019-04-05,영업/정상
서울,다정약국,02-543-3022,"서울특별시 강남구 논현로175길 7, 1층 (신사동)",서울특별시 강남구 신사동 581,06030,2024-05-24,영업/정상
서울,삼성참약사 약국,02-555-1969,"서울특별시 강남구 테헤란로 505, 싹타워 1층 (삼성동)",서울특별시 강남구 삼성동 157-36 싹타워,06168,2021-10-07,영업/정상
서울,맑은하늘약국,055-299-0807,"서울특별시 강남구 개포로 265, 101호 (개포동, 개포동메디시스빌딩)",서울특별시 강남구 개포동 655-4 101호,06305,2017-05-22,영업/정상
서울,행운약국,02-543-8360,"서울특별시 강남구 논현로 836, 삼신빌딩 1층 102호 (신사동)",서울특별시 강남구 신사동 598-6 삼신빌딩 1층 102호,06025,2020-09-08,영업/정상
서울,다솜약국,02-567-9691,"서울특별시 강남구 도곡로 205, YK빌딩 1층 (역삼동)",서울특별시 강남구 역삼동 788-10 YK빌딩,06231,2024-04-25,영업/정상
서울,베리타스약국,02-451-1833,"서울특별시 강남구 개포로 615, 석탑프라자 1층 112,113,114호 (개포동)","서울특별시 강남구 개포동 12-4 석탑프라자, 1층 , 112,113,114호",06335,2023-05-22,영업/정상
서울,자곡온누리약국,02-2226-9661,"서울특별시 강남구 자곡로 114, 서강플라자 109호 (자곡동)",서울특별시 강남구 자곡동 636 서강플라자 109호,06373,2023-09-13,영업/정상
서울,소담약국,02-552-9593,서울특별시 강남구 테헤란로 337 (역삼동),서울특별시 강남구 역삼동 705-27,06150,2024-04-15,영업/정상
서울,청담케이팜약국,070-4125-7407,"서울특별시 강남구 도산대로 333, 1층 (신사동)",서울특별시 강남구 신사동 666-16 1층,06019,2015-11-12,영업/정상
서울,동인프라자약국,02-3411-3388,"서울특별시 강남구 밤고개로1길 10 (수서동,현대벤쳐빌 117번지 3호)",서울특별시 강남구 수서동 713 현대벤쳐빌 117번지 3호,,2004-04-06,영업/정상
서울,오월애약국,02-544-0519,"서울특별시 강남구 강남대로 616, 신사미타워 102호 (신사동)",서울특별시 강남구 신사동 501 신사미타워 102호,06035,2023-02-06,영업/정상
서울,해맑은약국,02-571-0029,"서울특별시 강남구 남부순환로363길 13 (도곡동, 백광빌딩)",서울특별시 강남구 도곡동 924-5,06268,2013-06-07,영업/정상
서울,종로약국,02-508-2450,"서울특별시 강남구 도곡로 419, 1층 (대치동)",서울특별시 강남구 대치동 939-20,06208,2024-03-19,영업/정상
서울,이화약국,070-8211-0697,"서울특별시 강남구 도산대로68길 10, 1층 2호 (청담동)",서울특별시 강남구 청담동 18-42 1층 2호,06064,2025-05-12,영업/정상
서울,드림케어약국,02-591-7674,"서울특별시 강남구 압구정로 162, 베네하임시티 (신사동)",서울특별시 강남구 신사동 579-3 베네하임시티,06030,2024-05-09,영업/정상
서울,연세팜약국,02-518-2338,"서울특별시 강남구 학동로4길 24, 101호 (논현동)",서울특별시 강남구 논현동 144-20 101호,06114,2019-12-19,영업/정상
서울,유니팜서울약국,02-556-7886,"서울특별시 강남구 테헤란로 109, 강남제일빌딩 1층 (역삼동)",서울특별시 강남구 역삼동 822-4 강남제일빌딩 1층,06134,2022-10-28,영업/정상
서울,우리온누리약국,02-557-5888,"서울특별시 강남구 남부순환로397길 57, 대치 메디칼센터 1층 1호 (대치동)",서울특별시 강남구 대치동 629-1 대치 메디칼센터,06280,2022-04-07,영업/정상
서울,새봄약국,02-3452-5378,"서울특별시 강남구 압구정로 152, 극동타워 1층 (신사동)",서울특별시 강남구 신사동 575 극동타워,06030,2021-06-10,영업/정상
서울,미래온누리약국,02-6958-6690,"서울특별시 강남구 언주로 123 (도곡동, 개포한신아파트)",서울특별시 강남구 도곡동 464 개포한신아파트,06298,2024-05-16,영업/정상
서울,더봄약국,02-555-2336,"서울특별시 강남구 선릉로 325, 중앙빌딩 1층 4호 (역삼동)",서울특별시 강남구 역삼동 756-13 중앙빌딩 4호,06218,2023-10-10,영업/정상
서울,별하약국,02-3443-1002,"서울특별시 강남구 봉은사로 117, 이건빌딩 1층 (논현동)",서울특별시 강남구 논현동 202-19 이건빌딩,06120,2019-03-27,영업/정상
서울,루이약국,02-567-7750,서울특별시 강남구 봉은사로44길 31 (역삼동),서울특별시 강남구 역삼동 686-3,06144,2023-09-12,영업/정상
서울,구름약국,02-516-0954,"서울특별시 강남구 논현로171길 11, 1층 (신사동)",서울특별시 강남구 신사동 577-6 1층,06030,2025-06-04,영업/정상
서울,압구정온누리약국,02-514-0777,"서울특별시 강남구 압구정로 164, 아세아빌딩 105호 (신사동)",서울특별시 강남구 신사동 580 아세아빌딩,06030,2024-04-19,영업/정상
서울,신사스퀘어약국,02-585-4586,"서울특별시 강남구 강남대로 652, 1층 105호 (신사동)",서울특별시 강남구 신사동 504-11,06027,2022-01-17,영업/정상
서울,모두약국,02-2066-4084,"서울특별시 강남구 테헤란로 지하 156, 역삼역 B2층 219호 (역삼동)",서울특별시 강남구 역삼동 804 역삼역,06236,2021-06-15,영업/정상
서울,수진약국,02-554-4691,"서울특별시 강남구 삼성로 150 (대치동, 한보미도맨션)",서울특별시 강남구 대치동 511 한보미도종합상가 119호,06288,2016-08-18,영업/정상
서울,신논현비비약국,02-553-8554,"서울특별시 강남구 강남대로 476, urbanhive 지하2층 (논현동)",서울특별시 강남구 논현동 200-7 urbanhive,06120,2019-08-12,영업/정상
서울,신현대약국,02-516-3777,"서울특별시 강남구 압구정로 151, 상가2동 109호 (압구정동, 현대아파트)",서울특별시 강남구 압구정동 426 현대아파트 상가2동 109호,06001,2020-04-27,영업/정상
서울,한티365약국,02-591-0365,"서울특별시 강남구 선릉로 301, 1층 (역삼동)",서울특별시 강남구 역삼동 765-3 1층,06218,2025-05-16,영업/정상
서울,큰길약국,02-553-1517,"서울특별시 강남구 강남대로 370, 지하1층 (역삼동)",서울특별시 강남구 역삼동 826-23 지하1층,06241,2016-06-17,영업/정상
서울,대치동동물약국,02-3453-9557,"서울특별시 강남구 역삼로77길 23, 1층 (대치동)",서울특별시 강남구 대치동 901-67 1층,06196,2013-06-07,영업/정상
서울,강남새천년온누리약국,02-552-3524,"서울특별시 강남구 도곡로 523, 1층 (대치동)",서울특별시 강남구 대치동 986-9,06190,2024-01-08,영업/정상
서울,목화약국,02-2226-2268,"서울특별시 강남구 양재대로55길 11, 1층 (일원동)",서울특별시 강남구 일원동 644-3 1층,06342,2015-12-08,영업/정상
서울,루비약국,02-542-1215,"서울특별시 강남구 논현로 823, B&S빌딩 1층 101호 (신사동)",서울특별시 강남구 신사동 585-15 B&S빌딩,06032,2025-01-03,영업/정상
서울,신분당약국,02-558-0803,"서울특별시 강남구 강남대로 지하 396, 23호 (역삼동, 강남역)",서울특별시 강남구 역삼동 858,06232,2017-05-24,영업/정상
서울,노바동물약국,02-542-3696,"서울특별시 강남구 강남대로118길 51, 103호 (논현동)",서울특별시 강남구 논현동 180-18 103호,06118,2017-07-21,영업/정상
서울,지킴약국,0202-2088,"서울특별시 강남구 도곡로 431, 강남 동산 빌딩 1층 (대치동)",서울특별시 강남구 대치동 939-26 강남 동산 빌딩,06208,2024-07-22,영업/정상
서울,타워약국,02-543-5759,"서울특별시 강남구 도산대로 107, 1층 (신사동)",서울특별시 강남구 신사동 501-2,06035,2019-11-28,영업/정상
서울,강남웰약국,02-6440-5656,"서울특별시 강남구 강남대로 432, 점프밀라노 1층 (역삼동)",서울특별시 강남구 역삼동 815 점프밀라노 1층,06129,2020-10-14,영업/정상
서울,강남썬약국,02-567-7636,"서울특별시 강남구 테헤란로4길 6, 강남역 센트럴 푸르지오 시티 1층 118호 (역삼동)",서울특별시 강남구 역삼동 825-20 강남역 센트럴 푸르지오 시티 118호,06232,2025-02-27,영업/정상
서울,아이디약국,02-3445-2221,"서울특별시 강남구 도산대로 111, S-TOWER 1층 101호 (신사동)",서울특별시 강남구 신사동 513-3 S-TOWER 101호,06035,2025-02-12,영업/정상
서울,아로마약국,02-508-6064,"서울특별시 강남구 역삼로 247, 홍진빌딩 1층 (역삼동)",서울특별시 강남구 역삼동 732-18 홍진빌딩,06225,2024-03-13,영업/정상
서울,우인온누리약국,02-2226-7141,"서울특별시 강남구 일원로 39 (일원동, 대원빌딩)",서울특별시 강남구 일원동 684-2,06343,2004-10-12,영업/정상
서울,하나약국,02-543-6650,"서울특별시 강남구 압구정로 224, 우미빌딩 208호 (신사동)",서울특별시 강남구 신사동 616-2 우미빌딩 208호,06023,2023-01-17,영업/정상
서울,르씨엘약국,02-540-0047,"서울특별시 강남구 학동로 215, CL타워 101호 (논현동)",서울특별시 강남구 논현동 88-7 101호,06052,2019-11-26,영업/정상
서울,스타온누리약국,02-545-2468,"서울특별시 강남구 논현로 625, 비앤피빌딩 1층 (논현동)",서울특별시 강남구 논현동 175-22 비앤피빌딩,06117,2024-11-12,영업/정상
서울,밝은마음약국,02-6203-7770,"서울특별시 강남구 논현로 841, 제이비 미소 빌딩 1층 110호 (신사동)",서울특별시 강남구 신사동 583-3 제이비 미소 빌딩 110호,06031,2025-05-02,영업/정상
서울,도곡타워약국,02-529-2916,"서울특별시 강남구 언주로30길 21, B1층 101-24A호 (도곡동, 아카데미스위트)",서울특별시 강남구 도곡동 467-7 아카데미스위트,06292,2024-05-09,영업/정상
서울,100세건강약국,02-445-1460,"서울특별시 강남구 헌릉로571길 7, 강남레체 1층 101호 (세곡동)",서울특별시 강남구 세곡동 582 강남레체 1층 101호,06376,2022-08-16,영업/정상
서울,소화약국,02-3463-1500,서울특별시 강남구 남부순환로363길 17 (도곡동),서울특별시 강남구 도곡동 924-2,06268,2024-02-28,영업/정상
서울,햇빛약국,02-2024-7202,"서울특별시 강남구 자곡로 120, 세곡드림프라자 107호 (자곡동)",서울특별시 강남구 자곡동 638 세곡드림프라자,06373,2018-10-15,영업/정상
서울,테헤란건강약국,070-7755-1097,"서울특별시 강남구 선릉로86길 17, 102호 (대치동)",서울특별시 강남구 대치동 889-72 102호,06192,2013-11-19,영업/정상
서울,건영약국,02-541-7378,"서울특별시 강남구 선릉로 806, 지하1층 (청담동)",서울특별시 강남구 청담동 86 지하1층,06014,2018-06-21,영업/정상
서울,리본약국,02-543-9005,서울특별시 강남구 도산대로 138 (논현동),서울특별시 강남구 논현동 5-4,06039,2024-05-24,영업/정상
서울,곰돌이약국,02-3462-3888,"서울특별시 강남구 언주로7길 6, 117호 (개포동, 개포자이르네)",서울특별시 강남구 개포동 1283 개포자이르네,06310,2024-01-25,영업/정상
서울,아이조은약국,02-3445-9151,"서울특별시 강남구 삼성로 620, 블래스톤리조트 2층 (삼성동)",서울특별시 강남구 삼성동 70 블래스톤리조트,06085,2024-07-11,영업/정상
서울,샘약국,02-558-3347,"서울특별시 강남구 테헤란로 322, 한신인터밸리24 102호 (역삼동)",서울특별시 강남구 역삼동 707-34 한신인터밸리24 102호,06211,2022-10-05,영업/정상
서울,강남허브약국,02-3014-9272,"서울특별시 강남구 학동로 342, 에스케이 허브블루 109호 (논현동)",서울특별시 강남구 논현동 241-3 에스케이 허브블루 109호,06099,2020-04-03,영업/정상
서울,도심공항약국,02-6205-4906,"서울특별시 강남구 테헤란로87길 22, 한국도심공항터미널 2층 D-1호 (삼성동)",서울특별시 강남구 삼성동 159-6 한국도심공항터미널 2층 D-1호,06164,2020-07-20,영업/정상
서울,수라인 한약국,02-514-3118,"서울특별시 강남구 영동대로114길 56 (삼성동, 래미안 삼성1차)",서울특별시 강남구 삼성동 103-22 래미안 삼성1차 APT상가 101-2호,06082,2019-05-08,영업/정상
서울,청담비비약국,02-548-3433,"서울특별시 강남구 삼성로 752, 1층 (청담동, 새가정빌딩)",서울특별시 강남구 청담동 62-24 1층,06070,2017-07-21,영업/정상
서울,튼튼중앙약국,02-451-0530,"서울특별시 강남구 개포로 615, 석탑프라자 305-1호 (개포동)",서울특별시 강남구 개포동 12-4 석탑프라자,06335,2022-01-19,영업/정상
서울,일번지약국,02-567-2501,"서울특별시 강남구 강남대로84길 23, 한라클래식오피스텔 106호 (역삼동)",서울특별시 강남구 역삼동 824-11 한라클래식오피스텔,06233,2024-03-08,영업/정상
서울,진약국,02-3445-2525,"서울특별시 강남구 도산대로37길 6, 1층 (신사동)",서울특별시 강남구 신사동 629-38,06026,2019-07-12,영업/정상
서울,센느약국,02-501-2450,"서울특별시 강남구 봉은사로6길 54, 104호 (역삼동)",서울특별시 강남구 역삼동 621-10,06128,2018-10-08,영업/정상
서울,압구정원약국,02-548-6243,"서울특별시 강남구 논현로 842, 압구정빌딩 1층 (신사동)",서울특별시 강남구 신사동 599 압구정빌딩 1층,06025,2022-09-15,영업/정상
서울,한가족약국,02-569-8779,"서울특별시 강남구 남부순환로 2927, 대치 클래시아 1층 133호 (대치동)",서울특별시 강남구 대치동 622 대치 클래시아,06280,2023-11-29,영업/정상
서울,유한약국,02-547-1696,서울특별시 강남구 강남대로122길 47 (논현동),서울특별시 강남구 논현동 159-23,06114,2014-12-15,영업/정상
서울,신사수약국,02-548-8032,"서울특별시 강남구 압구정로28길 28, 1층 (신사동)",서울특별시 강남구 신사동 576-7,06030,2020-07-08,영업/정상
서울,열매약국,02-556-1266,"서울특별시 강남구 논현로94길 23, 1층 (역삼동)",서울특별시 강남구 역삼동 670-23,06140,2024-07-02,영업/정상
서울,동호약국,02-567-3935,"서울특별시 강남구 테헤란로114길 16, 동남빌딩 1층 (대치동)",서울특별시 강남구 대치동 997-11 동남빌딩,06175,2020-06-12,영업/정상
서울,도곡우리약국,02-529-8588,"서울특별시 강남구 선릉로 225, 도곡렉슬상가 2층 214-1호 (도곡동)",서울특별시 강남구 도곡동 527-3 도곡렉슬상가 2층 214-1호,06276,2019-08-30,영업/정상
서울,참약사스마일약국,02-574-2229,"서울특별시 강남구 언주로7길 6, 213호 (개포동, 개포자이르네)",서울특별시 강남구 개포동 1283 개포자이르네 213호,06310,2023-07-19,영업/정상
서울,강남온누리약국,02-566-6480,"서울특별시 강남구 선릉로 406, 102호 (대치동)",서울특별시 강남구 대치동 907 102호,06198,2026-08-27,영업/정상
서울,강남 옵티마 정약국,02-6952-7831,"서울특별시 강남구 강남대로 338, 1층 (역삼동)",서울특별시 강남구 역삼동 831-11 1층,06242,2025-02-28,영업/정상
서울,건강한세상행복한약국,02-245-0029,"서울특별시 강남구 강남대로 488 (논현동, 대남빌딩)",서울특별시 강남구 논현동 199 대남빌딩 1층,06120,2017-08-02,영업/정상
서울,에스온누리약국,02-547-7876,"서울특별시 강남구 압구정로 152, 극동타워 116, 117호 (신사동)","서울특별시 강남구 신사동 575 극동타워 116, 117호",06030,2020-10-21,영업/정상
서울,도곡명약국,02-6953-7755,"서울특별시 강남구 도곡로28길 8, 102,103호 (도곡동, 도곡1차 I PARK)",서울특별시 강남구 도곡동 543-7 도곡1차 I PARK,06272,2020-04-01,영업/정상
서울,강남프라자약국,02-514-4222,"서울특별시 강남구 학동로 323 (논현동, 한미빌딩)",서울특별시 강남구 논현동 117-2,06060,2004-10-12,영업/정상
서울,더블유스토어하이약국,070-7798-8275,"서울특별시 강남구 강남대로 364 (역삼동, 1층일부)",서울특별시 강남구 역삼동 826-21 1층일부,,2014-04-04,영업/정상
서울,수서이약국,02-3413-3336,"서울특별시 강남구 광평로 280, 로즈데일오피스텔 1층 104호 (수서동)",서울특별시 강남구 수서동 724 로즈데일오피스텔,06367,2024-09-12,영업/정상
서울,소호약국,02-352-1561,"서울특별시 강남구 논현로 848, 1층 (신사동)",서울특별시 강남구 신사동 603-2 1층,06022,2018-01-02,영업/정상
서울,생명샘약국,02-3444-6609,"서울특별시 강남구 학동로 433, 청담클리닉 빌딩 1층 (청담동)",서울특별시 강남구 청담동 46-19 청담클리닉 빌딩,06068,2024-03-15,영업/정상
서울,코코약국,02-573-6152,서울특별시 강남구 논현로28길 48 (도곡동),서울특별시 강남구 도곡동 422,,2004-05-15,영업/정상
서울,미소온누리약국,02-516-8999,"서울특별시 강남구 논현로168길 40, 레아트문클리닉 타워 103호 (신사동)",서울특별시 강남구 신사동 595-6 레아트문클리닉 타워 103호,06024,2022-06-30,영업/정상
서울,건강 온누리 약국,02-563-0854,"서울특별시 강남구 논현로 528 (역삼동, 온누리빌딩)",서울특별시 강남구 역삼동 667-16,06136,2005-01-05,영업/정상
서울,테헤란 한서약국,02-569-2775,서울특별시 강남구 테헤란로 206 (역삼동),서울특별시 강남구 역삼동 718-1,,2013-06-05,영업/정상
서울,강남셀리뉴약국,02-400-1640,"서울특별시 강남구 도산대로 513, 양원빌딩 1층 101호 (청담동)",서울특별시 강남구 청담동 124-5 양원빌딩,06012,2023-10-18,영업/정상
서울,정성약국,070-4187-8632,"서울특별시 강남구 언주로 314, 강남프라자 201호 (역삼동)",서울특별시 강남구 역삼동 761-18 강남프라자,06219,2024-03-14,영업/정상
서울,신사드림약국,02-548-1237,"서울특별시 강남구 압구정로 164, 아세아빌딩 1층 1호 (신사동)",서울특별시 강남구 신사동 580 아세아빌딩 1호,06030,2023-06-20,영업/정상
서울,새휘정약국,02-542-1910,"서울특별시 강남구 학동로101길 26, 청담 삼익상가 102호 (청담동)",서울특별시 강남구 청담동 134-20 청담 삼익상가 102호,06077,2023-11-13,영업/정상
서울,신사굿약국,02-541-9165,"서울특별시 강남구 도산대로 120, 청호빌딩 1층 (논현동)",서울특별시 강남구 논현동 3-2 청호빌딩 1층,06038,2022-07-18,영업/정상
서울,청담별빛약국,02-515-9354,"서울특별시 강남구 학동로 443, 정한빌딩 103호 (청담동)",서울특별시 강남구 청담동 47-5 정한빌딩 103호,06068,2019-01-29,영업/정상
서울,청담온누리약국,070-2736-6429,"서울특별시 강남구 학동로 521, 연앤네이쳐산부인과 1층 (청담동)",서울특별시 강남구 청담동 72-1,06072,2019-03-26,영업/정상
서울,신현대약국,02-516-3777,"서울특별시 강남구 압구정로 151, 상가제2동 1층 9호 (압구정동, 현대아파트)",서울특별시 강남구 압구정동 426 현대아파트,06001,2020-01-13,영업/정상
서울,약사랑약국,02-2039-9112,"서울특별시 강남구 테헤란로 339, 1층 (역삼동)",서울특별시 강남구 역삼동 705-30 1층,06150,2020-09-15,영업/정상
서울,청단엔약국,02-543-3303,"서울특별시 강남구 도산대로 330, 서림빌딩 1층 (논현동)",서울특별시 강남구 논현동 93-3 서림빌딩,06055,2024-06-11,영업/정상
서울,도곡메디칼약국,3462-9095,"서울특별시 강남구 도곡로 242 (도곡동,삼호상가 지하 103호)",서울특별시 강남구 도곡동 540 삼호상가 지하 103호,,2004-11-11,영업/정상
서울,치유약국,02-540-4369,"서울특별시 강남구 논현로 824, 동양빌딩 1층 (신사동)",서울특별시 강남구 신사동 591 동양빌딩,06025,2024-04-03,영업/정상
서울,청실약국,02-568-3597,"서울특별시 강남구 남부순환로 2917 (대치동,청실상가 113호)",서울특별시 강남구 대치동 626 청실상가 113호,,2004-03-31,영업/정상
서울,한티역약국,02-3453-9982,"서울특별시 강남구 도곡로 323, 다른빌딩 1층 (역삼동)",서울특별시 강남구 역삼동 765-25 다른빌딩,06218,2023-03-14,영업/정상
서울,수서역정민아약국,02-3412-7655,"서울특별시 강남구 광평로56길 8-13, 1층 101호 (수서동, 수서타워)",서울특별시 강남구 수서동 725-101 수서타워 1층,06367,2016-11-24,영업/정상
서울,에이타워약국,02-552-3800,"서울특별시 강남구 테헤란로 105, 1층 (역삼동)",서울특별시 강남구 역삼동 822-1,06134,2019-08-23,영업/정상
서울,자곡맑은약국,070-4413-0829,"서울특별시 강남구 자곡로 180, 강남유탑유블레스 106-1호 (자곡동)",서울특별시 강남구 자곡동 651 강남유탑유블레스 106-1호,06373,2022-09-29,영업/정상
서울,청담엘약국,02-512-0999,"서울특별시 강남구 학동로101길 11, 1층 105호 (청담동)",서울특별시 강남구 청담동 132-16,06075,2024-01-03,영업/정상
서울,수서역약국,02-3412-5533,"서울특별시 강남구 광평로 지하 270, 수서역 지하1층 (수서동)",서울특별시 강남구 수서동 728 수서역,06362,2018-10-01,영업/정상
서울,삼성정다운약국,02-459-9318,"서울특별시 강남구 일원로 37, 하나은행 일원중앙 1층 101호 (일원동)",서울특별시 강남구 일원동 684-1 하나은행 일원중앙,06343,2021-11-01,영업/정상
서울,햇살약국,02-406-5258,"서울특별시 송파구 위례성대로20길 31, 1층 (오금동)",,05657,2016-05-25,영업/정상
서울,녹십자약국,02-424-7434,"서울특별시 송파구 올림픽로 130, 1층 (잠실동)",,05558,2016-05-09,영업/정상
서울,마천푸른솔약국,070-4146-2440,서울특별시 송파구 거마로 60 (마천동),서울특별시 송파구 마천동 118-12 1층,05755,2013-09-09,영업/정상
서울,서울밝은약국,02-408-1223,"서울특별시 송파구 송파대로 111, 201동 115호 (문정동, 파크하비오)",서울특별시 송파구 문정동 618 파크하비오,05837,2024-07-31,영업/정상
서울,방이수약국,02-418-6987,"서울특별시 송파구 백제고분로 469, 1층 (방이동)",서울특별시 송파구 방이동 107-6,05546,2017-06-28,영업/정상
서울,하늘약국,02-412-1804,"서울특별시 송파구 백제고분로 276, 공익빌딩 202호 (석촌동)",서울특별시 송파구 석촌동 210 공익빌딩,05679,2021-05-20,영업/정상
서울,온맘약국,02-419-5878,"서울특별시 송파구 가락로 158, 1층 102호 (송파동)",서울특별시 송파구 송파동 103-30,05675,2022-08-03,영업/정상
서울,송파그랜드약국,02-426-0610,"서울특별시 송파구 문정로4길 14, 동산빌딩 1층 (문정동)",서울특별시 송파구 문정동 64 동산빌딩,05807,2021-04-26,영업/정상
서울,수약국,02-423-2664,"서울특별시 송파구 가락로 113, 104호 (석촌동, 금도빌딩)",,05687,2015-12-30,영업/정상
서울,온누리 옥산약국,02-400-8501,"서울특별시 송파구 동남로 141, 옥산빌딩 (가락동)",서울특별시 송파구 가락동 125-6 옥산빌딩,05827,2022-10-11,영업/정상
서울,웰빙팜건강프라자약국,02-417-0910,"서울특별시 송파구 백제고분로 216, 1층 (삼전동)",서울특별시 송파구 삼전동 48-11,05582,2021-05-18,영업/정상
서울,지용약국,02-415-2336,"서울특별시 송파구 백제고분로48길 27, 성우빌딩 (방이동)",서울특별시 송파구 방이동 142-4 성우빌딩,05633,2019-11-26,영업/정상
서울,메디팜양의약국,02-423-0683,"서울특별시 송파구 올림픽로 212, 2층 220호 (잠실동, 갤러리아팰리스)",서울특별시 송파구 잠실동 40 갤러리아팰리스,05553,2025-03-05,영업/정상
서울,누리약국,02-414-1566,"서울특별시 송파구 올림픽로 435, a동 5층 511호 (신천동, 파크리오)",서울특별시 송파구 신천동 17 파크리오,05507,2019-04-04,영업/정상
서울,온누리건강약국,02-404-9620,서울특별시 송파구 양재대로 1222 (방이동),,05648,2010-06-17,영업/정상
서울,시티약국,02-3431-4115,"서울특별시 송파구 올림픽로 116, 메디씨티 빌딩 1층 (잠실동)",서울특별시 송파구 잠실동 184-1 메디씨티 빌딩,05558,2018-11-19,영업/정상
서울,잠실365약국,02-6212-4773,"서울특별시 송파구 송파대로 521, 지하1층 8-2호 (잠실동)",서울특별시 송파구 잠실동 40-1,05554,2023-08-07,영업/정상
서울,수프라자약국,02-443-7727,"서울특별시 송파구 거마로 61, 1층 (마천동, 강동중앙의원)",서울특별시 송파구 마천동 35-1,05734,2017-07-12,영업/정상
서울,위드팜가까운지하철약국,02-413-9333,"서울특별시 송파구 올림픽로37길 130, 파크리오 124,125,126호 (신천동)",서울특별시 송파구 신천동 17-4 파크리오,05507,2024-07-05,영업/정상
서울,방이종로약국,02-3431-0440,서울특별시 송파구 마천로 29 (방이동),서울특별시 송파구 방이동 208-3,05639,2017-10-11,영업/정상
서울,르네약국,02-421-2110,"서울특별시 송파구 삼전로 66, SM76(순명빌딩) 1층 102호 (삼전동)",서울특별시 송파구 삼전동 7-6 SM76(순명빌딩),05606,2023-04-12,영업/정상
서울,차돌약국,02-422-1239,"서울특별시 송파구 석촌호수로 61, 트리지움 147호 (잠실동)",서울특별시 송파구 잠실동 35-2 트리지움,05555,2022-09-14,영업/정상
서울,이화제니약국,02-430-2001,"서울특별시 송파구 거마로 4, 굿플란트빌딩 102호 (거여동)",서울특별시 송파구 거여동 37-6 굿플란트빌딩,05768,2024-08-02,영업/정상
서울,프리마약국,02-412-1212,"서울특별시 송파구 올림픽로4길 48, 우성아파트 상가 109호 (잠실동)",서울특별시 송파구 잠실동 101-1 우성아파트 상가,05571,2021-04-26,영업/정상
서울,월드타워약국,3213-2828,"서울특별시 송파구 올림픽로 300, 롯데월드타워앤드롯데월드몰 지하1층 (신천동)",서울특별시 송파구 신천동 29 롯데월드타워앤드롯데월드몰 지하1층,05551,2018-12-13,영업/정상
서울,석촌드림약국,02-416-0284,"서울특별시 송파구 삼학사로 100, 그랜드 빌딩 101호 (석촌동)",서울특별시 송파구 석촌동 1 그랜드 빌딩,05612,2024-07-23,영업/정상
서울,문정건강약국,02-404-6190,"서울특별시 송파구 송파대로 98, 선도빌딩 1층 (문정동)",서울특별시 송파구 문정동 74-7 선도빌딩,05817,2024-10-17,영업/정상
서울,태평양약국,2202-0949,서울특별시 송파구 석촌호수로 100 (잠실동),,05566,2013-07-09,영업/정상
서울,송파동 동물약국,055-275-2735,"서울특별시 송파구 가락로 175, 1층 (송파동)",서울특별시 송파구 송파동 122-2,05664,2021-04-21,영업/정상
서울,참플러스약국,02-3432-0419,"서울특별시 송파구 백제고분로 463, 웅산빌딩 201호 (방이동)",서울특별시 송파구 방이동 108 웅산빌딩,05550,2023-05-26,영업/정상
서울,기쁜약국,02-402-3938,"서울특별시 송파구 동남로29길 8-10, 퍼스트 스퀘어 1층 108호 (오금동)",서울특별시 송파구 오금동 618-1 퍼스트 스퀘어,05721,2020-08-03,영업/정상
서울,그린스타약국,02-2202-7747,"서울특별시 송파구 오금로32길 35, 101호 (송파동, 한영해시안 아파트)",서울특별시 송파구 송파동 167-1 한영해시안 아파트,05673,2024-12-10,영업/정상
서울,서울약국,02-448-6201,"서울특별시 송파구 송이로31길 4, 공원빌딩 1층 (문정동)",서울특별시 송파구 문정동 116-6 공원빌딩,05798,2021-04-21,영업/정상
서울,삼전다정약국,02-421-7577,"서울특별시 송파구 삼전로 66, SM76(순명빌딩) (삼전동)",서울특별시 송파구 삼전동 7-6 SM76(순명빌딩),05606,2021-05-04,영업/정상
서울,윤약국,02-422-2884,"서울특별시 송파구 백제고분로 365, 1층 (석촌동)",서울특별시 송파구 석촌동 174-2,05616,2014-01-20,영업/정상
서울,참약국,02-6264-6184,"서울특별시 송파구 올림픽로35가길 9, 219호 (신천동, 잠실 푸르지오 월드마크)",서울특별시 송파구 신천동 11-4 잠실 푸르지오 월드마크 219호,05510,2018-03-14,영업/정상
서울,메디팜하나약국,02-2202-7109,"서울특별시 송파구 송파대로 365, 1층 (석촌동)",서울특별시 송파구 석촌동 296-17,05697,2015-02-27,영업/정상
서울,위례정약국,02-423-0683,"서울특별시 송파구 위례광장로 199, 성희프라자 109호 (장지동)",서울특별시 송파구 장지동 880-1 성희프라자,05849,2025-03-04,영업/정상
서울,더플러스약국,02-6012-4208,"서울특별시 송파구 백제고분로 252, SH타워 1층 103호 (삼전동)",서울특별시 송파구 삼전동 72-2 SH타워,05584,2024-12-04,영업/정상
서울,참행복한약국,3401-4177,서울특별시 송파구 송이로 76 (가락동),,05707,2013-05-28,영업/정상
서울,참약사 신한약국,02-415-9273,"서울특별시 송파구 백제고분로 258, 삼전원빌딩 103호 (삼전동)",서울특별시 송파구 삼전동 72-5 삼전원빌딩,05584,2024-07-01,영업/정상
서울,코끼리약국,02-420-2290,"서울특별시 송파구 석촌호수로 78, 1층 30호 (잠실동)",서울특별시 송파구 잠실동 208-7,05559,2020-12-31,영업/정상
서울,서울S약국,02-413-1001,"서울특별시 송파구 오금로 197, 대연빌딩 (방이동)",서울특별시 송파구 방이동 124-11 대연빌딩,05643,2020-10-08,영업/정상
서울,늘조은온누리약국,02-951-1640,"서울특별시 송파구 동남로18길 45, 용진빌딩 (가락동)",서울특별시 송파구 가락동 189-13 용진빌딩,05782,2021-05-07,영업/정상
서울,송파힘찬약국,02-406-2007,"서울특별시 송파구 송파대로 141, 르피에드 119호, 120호 (문정동)",서울특별시 송파구 문정동 652-3 르피에드 문정,05855,2023-02-07,영업/정상
서울,프라자약국,02-3012-0002,"서울특별시 송파구 양재대로 1222, 3층 22호 (방이동, 올림픽프라자)",,05648,2015-08-19,영업/정상
서울,문정약국,02-402-1424,서울특별시 송파구 동남로4길 25 (문정동),서울특별시 송파구 문정동 31,05803,2013-10-30,영업/정상
서울,동아약국,02-419-3141,"서울특별시 송파구 올림픽로 114, 서경빌딩 1층 일부호 (잠실동)",서울특별시 송파구 잠실동 184 서경빌딩,05558,2025-05-20,영업/정상
서울,나무약국,02-400-4909,"서울특별시 송파구 중대로 24, 111-1호 (문정동, 올림픽훼밀리타운)",서울특별시 송파구 문정동 150 올림픽훼밀리타운,05834,2023-09-06,영업/정상
서울,퍼스트송파약국,02-6012-5107,"서울특별시 송파구 오금로 300, 김해빌딩 1층 103호 (가락동)",서울특별시 송파구 가락동 2-9 김해빌딩,05700,2023-01-05,영업/정상
서울,송파사랑약국,02-421-3235,"서울특별시 송파구 오금로32길 35, 102호 (송파동, 한영해시안 아파트)",서울특별시 송파구 송파동 167-1 한영해시안 아파트,05673,2023-08-22,영업/정상
서울,메디팜대신M약국,02-448-1121,서울특별시 송파구 송이로 87 (가락동),서울특별시 송파구 가락동 48,05706,2014-07-18,영업/정상
서울,한사랑약국,02-415-0036,"서울특별시 송파구 백제고분로48길 17, 1층 (방이동)",서울특별시 송파구 방이동 146-9,05632,2025-05-22,영업/정상
서울,이룸약국,02-400-5339,"서울특별시 송파구 중대로 118, 에이치빌딩 103호 (가락동)",서울특별시 송파구 가락동 112-9 에이치빌딩,05829,2023-10-19,영업/정상
서울,삼성수약국,02-2152-7577,"서울특별시 송파구 올림픽로35길 123, 203호 (신천동, 향군타워)",서울특별시 송파구 신천동 7-29,05510,2014-07-04,영업/정상
서울,중앙프라자약국,02-3401-3818,"서울특별시 송파구 마천로57길 4, 1층 (마천동)",서울특별시 송파구 마천동 307-27,05759,2021-05-25,영업/정상
서울,월드중앙약국,02-423-3016,"서울특별시 송파구 올림픽로35길 112, 장미비상가 101,102호 (신천동)",서울특별시 송파구 신천동 7 장미아파트 101~2호,05504,2022-05-31,영업/정상
서울,새독일약국,02-3432-0332,"서울특별시 송파구 오금로 176, 지인빌딩 1층 (송파동)",서울특별시 송파구 송파동 141-7 지인빌딩,05663,2013-08-14,영업/정상
서울,시그니처약국,02-3213-2887,"서울특별시 송파구 올림픽로 300, 롯데월드타워앤드롯데월드몰 지하1층 (신천동)",서울특별시 송파구 신천동 29 롯데월드타워앤드롯데월드몰,05551,2020-07-22,영업/정상
서울,문정이화약국,02-2283-1153,"서울특별시 송파구 법원로 114, 엠스테이트 C동 214호 (문정동)",서울특별시 송파구 문정동 643-1 엠스테이트 C동 214호,05854,2018-02-19,영업/정상
서울,잠실착한약국,02-424-1346,"서울특별시 송파구 올림픽로 지하 265, 잠실역2호선 216동 101호 (신천동)",서울특별시 송파구 신천동 8 잠실역2호선,05510,2021-02-22,영업/정상
서울,맥스약국,02-4164-5920,"서울특별시 송파구 올림픽로 336, 대우유토피아오피스텔 지하1층 B09호 (방이동)",서울특별시 송파구 방이동 22 대우유토피아오피스텔 지하B09호,05542,2023-10-27,영업/정상
서울,트램온누리약국,02-403-0020,"서울특별시 송파구 위례광장로 136, E동 205호 (장지동, 위례아이파크)",,05852,2016-11-03,영업/정상
서울,이화힐약국,070-7592-6889,"서울특별시 송파구 오금로 543, 1층 (거여동)",서울특별시 송파구 거여동 35,05768,2022-08-04,영업/정상
서울,매일여는달빛동물약국,02-6472-3651,"서울특별시 송파구 위례북로1길 22, 106호 (거여동)",서울특별시 송파구 거여동 639,05775,2025-03-31,영업/정상
서울,키즈플러스약국,02-411-0187,"서울특별시 송파구 올림픽로 240, 롯데월드 웰빙센터동 A-104호 (잠실동)",서울특별시 송파구 잠실동 40-1 롯데월드 웰빙센터동 A-104호,05554,2018-04-09,영업/정상
서울,일번약국,02-473-0056,"서울특별시 송파구 토성로 21, 1층 (풍납동)",서울특별시 송파구 풍납동 269-30,05534,2024-11-08,영업/정상
서울,고은약국,02-2603-6297,"서울특별시 송파구 송이로32길 37, 201동 1층 04호 (문정동, 문정푸르지오아파트)",서울특별시 송파구 문정동 19 문정푸르지오아파트,05797,2021-04-20,영업/정상
서울,송파정약국,02-431-7887,"서울특별시 송파구 충민로2길 28, 105호 (장지동, 대진프라자 )",서울특별시 송파구 장지동 841-4 대진프라자 105호,05816,2014-05-28,영업/정상
서울,지앤미약국,02-402-0612,"서울특별시 송파구 동남로 215, 1층 (가락동, 동원빌딩)",서울특별시 송파구 가락동 164-23,05820,2014-04-04,영업/정상
서울,맥스약국,02-416-5920,"서울특별시 송파구 올림픽로 336, 대우유토피아오피스텔 지하B09호 (방이동)",서울특별시 송파구 방이동 22 대우유토피아오피스텔,05542,2024-08-07,영업/정상
서울,하루약국,02-6952-7597,"서울특별시 송파구 동남로 200, 1층 102호 (가락동)",서울특별시 송파구 가락동 193-5,05784,2025-01-09,영업/정상
서울,드림캐슬약국,070-7576-2226,"서울특별시 송파구 중대로 126, 1층 101호 (가락동)",서울특별시 송파구 가락동 112-4,05829,2024-09-10,영업/정상
서울,세계로 약국,02-402-0067,서울특별시 송파구 거마로 66 (마천동),서울특별시 송파구 마천동 111-6,05755,2019-05-22,영업/정상
서울,다남약국,02-2202-5941,서울특별시 송파구 백제고분로 261 (삼전동),서울특별시 송파구 삼전동 133-9,05603,2023-06-05,영업/정상
서울,엘스약국,02-424-2111,"서울특별시 송파구 올림픽로 119, 잠실파인애플상가 1층 B14~15호 (잠실동)",서울특별시 송파구 잠실동 19-9 잠실파인애플상가,05501,2022-09-26,영업/정상
서울,한마음약국,02-404-8075,"서울특별시 송파구 중대로 24, 131호 (문정동, 올림픽훼밀리타운)",서울특별시 송파구 문정동 150 올림픽훼밀리타운,05834,2021-06-28,영업/정상
서울,밝은약국,02-422-0317,"서울특별시 송파구 올림픽로 119, 3층 3A04호 (잠실동, 잠실파인애플상가)",서울특별시 송파구 잠실동 19-9,05501,2017-09-07,영업/정상
서울,참한약국,2047-1970,"서울특별시 송파구 충민로 52, 지하1층 BF1086호 (문정동, 가든파이브웍스)",,05839,2016-12-09,영업/정상
서울,남일누리약국,02-419-8875,"서울특별시 송파구 올림픽로35길 10, 파크리오 309호 (신천동)",서울특별시 송파구 신천동 20-6 파크리오 309호,05507,2025-07-08,영업/정상
서울,석촌한빛약국,02-6339-9595,"서울특별시 송파구 송파대로 447, 1층 101호 (석촌동)",서울특별시 송파구 석촌동 174-15,05616,2025-06-25,영업/정상
서울,피나팜맑은약국,02-881-5594,"서울특별시 송파구 송파대로 201, 송파 테라타워2 B동 144호 (문정동)",서울특별시 송파구 문정동 642 송파 테라타워2 B동 144호,05854,2018-04-13,영업/정상
서울,아산약국,02-483-7561,"서울특별시 송파구 토성로 26, 강진빌딩 1층 (풍납동)",서울특별시 송파구 풍납동 259-8 강진빌딩,05536,2023-01-12,영업/정상
서울,왕약국,2202-5941,서울특별시 송파구 백제고분로 261 (삼전동),서울특별시 송파구 삼전동 133-9,05603,2013-08-06,영업/정상
서울,누가신약국,02-424-6930,"서울특별시 송파구 송파대로 383, 1층 3호 (석촌동)",서울특별시 송파구 석촌동 296-9,05697,2017-07-10,영업/정상
서울,숲약국,02-2299-9199,서울특별시 송파구 석촌호수로 68 (잠실동),,05559,2015-09-17,영업/정상
서울,더바른동물약국,02-478-0852,"서울특별시 강동구 구천면로 241, 1층 (천호동)",서울특별시 강동구 천호동 397-25,05326,2026-06-16,영업/정상
서울,눈사랑온누리약국,02-488-6763,"서울특별시 강동구 풍성로37길 41, 1층 (성내동)",서울특별시 강동구 성내동 139-4,05387,2026-05-11,영업/정상
서울,코알라약국,02-555-3877,"서울특별시 강동구 성내로8길 22, 1층 101호 (성내동, 다성 이즈빌)",서울특별시 강동구 성내동 551-4 다성 이즈빌,05399,2026-03-05,영업/정상
서울,오월애약국,02-477-3931,"서울특별시 강동구 천호대로 1107, 102호 (길동, 강동역에스케이허브)",서울특별시 강동구 길동 445-1,05355,2016-11-04,영업/정상
서울,코끼리약국,02-442-4872,"서울특별시 강동구 고덕로 266, 고덕역 대명벨리온 1층 110호 (명일동)",서울특별시 강동구 명일동 46-3 고덕역 대명벨리온 110호,05269,2021-07-28,영업/정상
서울,시민당약국,02-476-8100,서울특별시 강동구 양재대로 1479(길동),서울특별시 강동구 길동 378-11,05342,2013-06-11,영업/정상
서울,메디칼약국,02-3426-5384,"서울특별시 강동구 상암로 31, 이에스타워 (암사동)",서울특별시 강동구 암사동 502-22 이에스타워,05241,2004-03-16,영업/정상
서울,드림약국,02-6953-0708,"서울특별시 강동구 올림픽로 786, 103호 (암사동)",서울특별시 강동구 암사동 501,05264,2024-09-27,영업/정상
서울,온누리삼선약국,02-427-0033,서울특별시 강동구 동남로81길 50 (고덕동),서울특별시 강동구 고덕동 643-5,05227,2013-06-28,영업/정상
서울,돌고래약국,02-6941-0067,"서울특별시 강동구 성안로 187, 가온타워 지하 2층 (천호동)",서울특별시 강동구 천호동 121-29 가온타워,05332,2024-09-25,영업/정상
서울,아이파크약국,02-481-9588,"서울특별시 강동구 동남로79길 26, 101호 (고덕동, 고덕아이파크)",,05232,2017-03-10,영업/정상
서울,산들약국,02-3428-1231,"서울특별시 강동구 고덕로 131 (암사동, 강동롯데캐슬퍼스트아파트)",서울특별시 강동구 암사동 414-2,05236,2015-08-28,영업/정상
서울,혜민약국,02-487-0292,서울특별시 강동구 천중로51길 56(길동),서울특별시 강동구 길동 331-2,05301,2013-09-11,영업/정상
서울,강동정문약국,02-423-3005,"서울특별시 강동구 진황도로 74 (천호동, 하이브)",,05339,2016-03-21,영업/정상
서울,베스트약국,02-474-2447,"서울특별시 강동구 양재대로 1325, 둔촌메디컬센타 (성내동)",서울특별시 강동구 성내동 439-15 둔촌메디컬센타,05405,2013-08-01,영업/정상
서울,강동동물약국,02-472-8244,"서울특별시 강동구 구천면로 245, 광호빌딩 (천호동)",서울특별시 강동구 천호동 397-3 광호빌딩,05326,2013-05-21,영업/정상
서울,정감약국,02-472-0368,"서울특별시 강동구 올림픽로 653, 우장빌딩 1층 109호 (천호동)",서울특별시 강동구 천호동 431-5 우장빌딩 109호,05248,2023-01-31,영업/정상
서울,모아약국,050-7139-3382,"서울특별시 강동구 천호대로 1033, 강동빌딩 2층 (천호동)",서울특별시 강동구 천호동 453-15 강동빌딩,05335,2022-02-19,영업/정상
서울,종로광명약국,02-426-0787,서울특별시 강동구 구천면로 664 (상일동),서울특별시 강동구 상일동 223,05282,2020-11-25,영업/정상
서울,대학약국,02-426-2200,서울특별시 강동구 동남로 889 (명일동),서울특별시 강동구 명일동 47-19,05269,2019-02-15,영업/정상
서울,동아약국,02-485-4195,"서울특별시 강동구 천호대로 997, 신라빌딩 (천호동)",서울특별시 강동구 천호동 456 신라빌딩,05248,2004-10-26,영업/정상
서울,튼튼온누리약국,02-486-1380,"서울특별시 강동구 올림픽로 746, 진안빌딩 1층 (천호동)",서울특별시 강동구 천호동 315 진안빌딩,05323,2021-12-28,영업/정상
서울,라라약국,02-473-4272,"서울특별시 강동구 성내로 69, 1층 (성내동)",서울특별시 강동구 성내동 542-3,05396,2019-12-13,영업/정상
서울,강동이레약국,02-429-7197,"서울특별시 강동구 양재대로103길 5, 1층 (성내동)",서울특별시 강동구 성내동 380-16,05375,2023-10-16,영업/정상
서울,가까운단골약국,02-441-8855,"서울특별시 강동구 동남로 891, 102호 (명일동)",서울특별시 강동구 명일동 47-18,05269,2024-11-04,영업/정상
서울,친절한오렌지약국,02-441-1120,서울특별시 강동구 양재대로130길 10(명일동),서울특별시 강동구 명일동 353-14,05296,2013-08-16,영업/정상
서울,정성약국,02-429-7087,"서울특별시 강동구 고덕로 385, 고덕그라시움(제4상가) 1층 107호 (고덕동)",서울특별시 강동구 고덕동 694 고덕그라시움(제4상가),05223,2024-03-20,영업/정상
서울,암사제일약국,02-3427-5855,"서울특별시 강동구 올림픽로98길 15, LS지산빌딩 1층 101,102호 (암사동)",서울특별시 강동구 암사동 500-23 LS지산빌딩,05263,2021-07-13,영업/정상
서울,가까운사랑약국,02-428-4428,"서울특별시 강동구 양재대로 1576, 삼익빌딩 1층 (명일동)",서울특별시 강동구 명일동 346-1 삼익빌딩,05296,2022-08-12,영업/정상
서울,명일약국,02-3427-2283,"서울특별시 강동구 양재대로 1626, 202호 (명일동)",서울특별시 강동구 명일동 324-1,05292,2025-03-18,영업/정상
서울,담주미즈약국,02-474-9114,"서울특별시 강동구 천호대로159길 3, 1층 (천호동)",서울특별시 강동구 천호동 453-12,05335,2021-02-05,영업/정상
서울,선사약국,02-442-8418,"서울특별시 강동구 올림픽로 800, 1층 (암사동)",서울특별시 강동구 암사동 500,05263,2025-04-21,영업/정상
서울,다정약국,02-471-0313,서울특별시 강동구 양재대로 1377 (성내동),서울특별시 강동구 성내동 415-8,05376,2018-11-28,영업/정상
서울,강동프라자약국,031-514-7735,"서울특별시 강동구 올림픽로 624, 강동메디컬센터 1층 (성내동)",서울특별시 강동구 성내동 78-1 강동메디컬센터,05378,2023-02-06,영업/정상
서울,강동호원약국,02-488-1512,"서울특별시 강동구 성내로 66, 채원자연통합병원빌딩 (성내동)",서울특별시 강동구 성내동 548-5 채원자연통합병원빌딩,05399,2019-09-27,영업/정상
서울,늘온누리약국,02-441-4442,"서울특별시 강동구 상일로12길 89 (강일동, 리엔타운)",서울특별시 강동구 강일동 732 리엔타운 101호,05285,2019-01-16,영업/정상
서울,양지약국,02-473-9779,"서울특별시 강동구 진황도로61길 56, 둔촌동 동 (둔촌동)",서울특별시 강동구 둔촌동 99-7 양지약국,05369,2019-09-25,영업/정상
서울,산들약국,02-3428-1231,"서울특별시 강동구 고덕로 133, 강동롯데캐슬퍼스트아파트 115호 (암사동)",서울특별시 강동구 암사동 414-18 강동롯데캐슬퍼스트아파트 115호,05236,2022-05-24,영업/정상
서울,튼튼약국,02-426-2799,"서울특별시 강동구 아리수로93나길 50, MK프라자 109호 (강일동)",서울특별시 강동구 강일동 76-7 MK프라자 109호,05415,2021-01-04,영업/정상
서울,한사랑약국,02-532-6848,"서울특별시 강동구 양재대로89길 16, 214호 (성내동, 파크프라자)",서울특별시 강동구 성내동 428-2 파크프라자,05404,2024-02-22,영업/정상
서울,나은약국,02-6257-7905,"서울특별시 강동구 양재대로 1620, 명일빌딩 101호 (명일동)",서울특별시 강동구 명일동 324-13 명일빌딩,05292,2022-09-15,영업/정상
서울,지안약국,031-722-2319,"서울특별시 강동구 양재대로 1360, 포레온스테이션5 3067호 (둔촌동)",서울특별시 강동구 둔촌동 170-1 포레온스테이션5,05409,2025-02-18,영업/정상
서울,강남약국,02-486-7823,"서울특별시 강동구 양재대로 1355, 오스카빌딩 (성내동)",서울특별시 강동구 성내동 428-5 오스카빌딩,05404,2023-06-27,영업/정상
서울,스타약국,02-470-7904,"서울특별시 강동구 천호대로 1087, 2층 203호 (천호동, 진넥스빌Ⅲ)",서울특별시 강동구 천호동 447-15 진넥스빌Ⅲ 203호,05339,2021-06-07,영업/정상
서울,현대제이드약국,02-484-1511,"서울특별시 강동구 강동대로 155, 102호 (성내동)",서울특별시 강동구 성내동 460-1,05400,2018-10-31,영업/정상
서울,명일마트종로약국,02-428-7845,"서울특별시 강동구 고덕로 276, 신세계이마트명일점 지하1층 (명일동)",서울특별시 강동구 명일동 46-4 신세계이마트명일점,05269,2021-04-08,영업/정상
서울,우리약국,02-470-5990,"서울특별시 강동구 구천면로 250, 신성빌딩 (천호동)",서울특별시 강동구 천호동 393-43 신성빌딩,05330,2019-04-19,영업/정상
서울,늘푸른약국,02-576-5222,"서울특별시 강동구 풍성로 214, 102호 (성내동, 동양빌딩)",서울특별시 강동구 성내동 416-8,05404,2017-05-11,영업/정상
서울,윤약국,02-487-6694,"서울특별시 강동구 양재대로 1365, 심포니타워 110호 (성내동)",서울특별시 강동구 성내동 416-6 심포니타워 110호,05404,2022-03-03,영업/정상
서울,소리약국,031-581-7761,"서울특별시 강동구 구천면로 192, 천호역 한강 푸르지오시티 110호 (천호동)",서울특별시 강동구 천호동 425-3 천호역 한강 푸르지오시티,05328,2024-03-19,영업/정상
서울,우주약국,02-481-5050,"서울특별시 강동구 양재대로 1571, B2층 (천호동, 천호복합 상업시설)",서울특별시 강동구 천호동 42,05314,2015-07-16,영업/정상
서울,신경희약국,031-707-2470,"서울특별시 강동구 동남로71길 32, 환타지아 105호 (명일동)",서울특별시 강동구 명일동 48-13 환타지아,05269,2024-07-09,영업/정상
서울,건강플러스약국,02-427-8056,"서울특별시 강동구 아리수로93길 27, 강일타워 108호 (강일동)",서울특별시 강동구 강일동 675-1 강일타워,05211,2018-03-16,영업/정상
서울,봄날약국,02-6285-3691,"서울특별시 강동구 고덕로 380, 고덕아르테온아파트(상가2동) 2층 206호 (상일동)",서울특별시 강동구 상일동 121 고덕아르테온아파트(상가2동) 206호,05274,2020-03-25,영업/정상
서울,강동아람약국,02-473-4959,서울특별시 강동구 천호대로 1124 (성내동),서울특별시 강동구 성내동 244-3,05373,2025-11-06,영업/정상
서울,수빈온누리약국,02-471-2276,"서울특별시 강동구 풍성로 116, 성안마을청구아파트 상가동 (성내동)",서울특별시 강동구 성내동 295 성안마을청구아파트상가,05393,2004-03-19,영업/정상
서울,미리암약국,02-3427-3108,"서울특별시 강동구 동남로81길 100, 청강빌딩 (고덕동)",서울특별시 강동구 고덕동 646 청강빌딩,05227,2013-07-02,영업/정상
서울,천호365약국,02-6956-7851,"서울특별시 강동구 올림픽로78길 60, B층 101-11호 (천호동, 강동 밀레니얼 중흥S-클래스)",서울특별시 강동구 천호동 423-200 강동 밀레니얼 중흥S-클래스,05326,2025-04-07,영업/정상
서울,둔촌오륜약국,02-488-1114,"서울특별시 강동구 양재대로 1300, 104,105호 (둔촌동, 올림픽파크포레온)",서울특별시 강동구 둔촌동 174-1 올림픽파크포레온,05410,2025-05-29,영업/정상
서울,강동동물약국,02-427-5757,"서울특별시 강동구 동남로 889, 102호 (명일동)",서울특별시 강동구 명일동 47-19,05269,2019-06-24,영업/정상
서울,아산자성약국,02-2039-1325,"서울특별시 강동구 올림픽로78길 60, 2층 221호 (천호동, 강동 밀레니얼 중흥S-클래스)",서울특별시 강동구 천호동 423-200 강동 밀레니얼 중흥S-클래스,05326,2025-02-10,영업/정상
서울,리엔약국,02-441-9377,"서울특별시 강동구 상일로 74, 상가2동 2층 203호 (상일동, 고덕리엔파크3단지아파트)",서울특별시 강동구 상일동 490 고덕리엔파크3단지아파트 상가2동 203호,05287,2021-08-09,영업/정상
서울,강동365약국,02-429-0365,"서울특별시 강동구 양재대로 1574, 101호 (명일동)",서울특별시 강동구 명일동 346-7,05296,2025-03-13,영업/정상
서울,굿모닝약국,02-472-8775,서울특별시 강동구 풍성로 178 (성내동),,05395,2014-06-20,영업/정상
서울,천호새빛약국,02-6213-3200,"서울특별시 강동구 천호대로 1006, 브라운스톤천호 205호 (성내동)",서울특별시 강동구 성내동 64-13 브라운스톤천호,05378,2024-06-10,영업/정상
서울,허브온누리약국,02-470-5264,"서울특별시 강동구 천호대로 1092 (성내동, 에스케이허브진)",서울특별시 강동구 성내동 194,05381,2017-05-11,영업/정상
서울,스타온누리약국,02-427-7588,"서울특별시 강동구 아리수로50길 50, 405,406,407호 (고덕동, 래미안힐스테이트고덕)","서울특별시 강동구 고덕동 688 래미안힐스테이트고덕 405,406,407호",05229,2017-03-16,영업/정상
서울,휴베이스 캐슬약국,02-442-9980,"서울특별시 강동구 고덕로 133, 125호 (암사동, 강동롯데캐슬퍼스트아파트 상가)",서울특별시 강동구 암사동 414-18 강동롯데캐슬퍼스트아파트 상가 125호,05236,2017-06-08,영업/정상
서울,행복약국,02-478-2111,"서울특별시 강동구 천호대로 1113, 기연빌딩 1층 (길동)",서울특별시 강동구 길동 453 기연빌딩,05355,2023-04-26,영업/정상
서울,동물약국,02-474-2447,"서울특별시 강동구 양재대로 1325, 둔촌메디컬센타 104호 (성내동)",서울특별시 강동구 성내동 439-15 둔촌메디컬센타 104호,05405,2005-10-06,영업/정상
서울,천사약국,02-482-8484,"서울특별시 강동구 구천면로 297, 강동아트타워 (천호동)",서울특별시 강동구 천호동 293-10 강동아트타워,05320,2004-03-04,영업/정상
서울,호호호약국,02-2135-5897,"서울특별시 강동구 양재대로 1360, 포레온스테이션5 2층 26,27호 (둔촌동)",서울특별시 강동구 둔촌동 170-1 포레온스테이션5,05409,2025-03-12,영업/정상
서울,그린팜약국,02-477-9710,"서울특별시 강동구 올림픽로 665, 대일빌딩 1층 (천호동)",서울특별시 강동구 천호동 432-2 대일빌딩,05248,2021-01-11,영업/정상
서울,강남참약국,02-429-4009,"서울특별시 강동구 구천면로 662, 1층 (상일동)",서울특별시 강동구 상일동 207-1,05282,2020-01-07,영업/정상
서울,다나약국,02-427-8277,"서울특별시 강동구 동남로75길 19, 명일빌딩 1층 (명일동)",서울특별시 강동구 명일동 47-4 명일빌딩,05269,2025-01-20,영업/정상
서울,가까운사랑약국,02-428-4428,"서울특별시 강동구 양재대로 1576, 삼익빌딩 1층 (명일동)",서울특별시 강동구 명일동 346-1 삼익빌딩 1층,05296,2020-01-10,영업/정상
서울,강동새경희 약국,02-3428-0100,서울특별시 강동구 동남로73길 13 (명일동),서울특별시 강동구 명일동 48-4,05269,2019-03-25,영업/정상
서울,둔촌365약국,080-7745-3650,"서울특별시 강동구 양재대로 1313, 1층 3호 (성내동)",서울특별시 강동구 성내동 440-2,05408,2025-08-04,영업/정상
서울,강동메디온약국,02-475-0067,"서울특별시 강동구 양재대로 1461, SC MEDI TOWER 1층 2호 (길동)",서울특별시 강동구 길동 412-10 SC MEDI TOWER,05353,2024-05-10,영업/정상
서울,강일 동물약국,02-442-8788,"서울특별시 강동구 아리수로93나길 38, 아이메디컬 107,108호 (강일동)",서울특별시 강동구 강일동 76-2 아이메디컬,05415,2022-06-29,영업/정상
서울,행복나무약국,02-487-8880,"서울특별시 강동구 천호대로157길 54, 1층 (천호동)",서울특별시 강동구 천호동 408-12,05335,2024-07-09,영업/정상
서울,길동보룡약국,02-477-4114,서울특별시 강동구 양재대로 1478 (길동),서울특별시 강동구 길동 390-1 1층,05351,2013-06-05,영업/정상
서울,강동 솔약국,02-474-2696,"서울특별시 강동구 양재대로 1473, 희헌타워 1층 102호 (길동)",서울특별시 강동구 길동 389-7 희헌타워 102호호,05353,2020-04-08,영업/정상
서울,천호역자몽약국,02-6484-6119,"서울특별시 강동구 천호대로 지하997, 천호역 547-121호 (천호동)",서울특별시 강동구 천호동 455 천호역,05248,2023-04-13,영업/정상
서울,참좋은온누리약국,02-478-3905,"서울특별시 강동구 성안로 156, 우주빌딩 1층 (길동)",서울특별시 강동구 길동 416-6 우주빌딩,05354,2025-05-09,영업/정상
서울,라온약국,02-476-1918,"서울특별시 강동구 성안로 155, 106호 (천호동, 강동역두산위브센티움)",서울특별시 강동구 천호동 155-5 강동역두산위브센티움,05338,2019-06-07,영업/정상
서울,아주약국,02-482-3232,"서울특별시 강동구 천중로 233(길동, 길동빌)",서울특별시 강동구 길동 343-5 길동빌,05304,2013-09-11,영업/정상
서울,고려약국,02-447-5257,서울특별시 강동구 천호대로 1125(길동),서울특별시 강동구 길동 457-2,05355,2013-08-06,영업/정상
서울,햇살약국,02-441-7716,"서울특별시 강동구 동남로71길 32, 103호 (명일동, 환타지아)",서울특별시 강동구 명일동 48-13 103호,05269,2017-06-26,영업/정상
서울,더조은약국,02-428-2588,"서울특별시 강동구 상암로 41, 120,120-1호 (암사동, 암사동양덱스빌)",서울특별시 강동구 암사동 501-4 암사동양덱스빌,05264,2025-06-18,영업/정상
서울,굿모닝약국,02-473-7375,"서울특별시 강동구 풍성로 178, 강동메디컬센터 1층 (성내동)",서울특별시 강동구 성내동 420-41 강동메디컬센터,05395,2018-03-26,영업/정상
서울,길약국,02-470-7533,서울특별시 강동구 천호대로177길 10 (길동),서울특별시 강동구 길동 459,05355,2024-07-04,영업/정상
서울,암사현대약국,02-481-1395,서울특별시 강동구 올림픽로 777 (암사동),서울특별시 강동구 암사동 502-18,05241,2018-05-17,영업/정상
서울,경희수약국,02-441-7001,"서울특별시 강동구 동남로 881, 서희스타힐스 103호 (명일동)",서울특별시 강동구 명일동 48-7 서희스타힐스 103호,05269,2020-04-13,영업/정상
서울,웰빙365약국,02-2135-2121,"서울특별시 강동구 아리수로93나길 76, 104호 (강일동)",서울특별시 강동구 강일동 70-15,05415,2023-08-07,영업/정상
서울,암사역동물약국,02-488-6763,"서울특별시 강동구 상암로 44, 101호 (천호동, 유정빌딩)",,05318,2015-08-26,영업/정상
서울,강동한우리약국,02-481-3237,서울특별시 강동구 올림픽로 778(암사동),서울특별시 강동구 암사동 501-2,05264,2014-06-10,영업/정상
서울,강동보건약국,02-488-4100,"서울특별시 강동구 성내로 40, 동흔빌딩 (성내동)",서울특별시 강동구 성내동 550-4 동흔빌딩,05399,2021-05-14,영업/정상
서울,둔촌 동물약국,02-470-1313,"서울특별시 강동구 진황도로 190, 104호 (둔촌동)",서울특별시 강동구 둔촌동 75-6 104호,05370,2021-03-08,영업/정상
서울,파란약국,02-484-2479,"서울특별시 강동구 양재대로 1325, 둔촌메디컬센타 106호 (성내동)",서울특별시 강동구 성내동 439-15 둔촌메디컬센타,05405,2005-06-16,영업/정상
서울,강동성실약국,02-478-7001,"서울특별시 강동구 진황도로 81, 강동투웨니퍼스트 1층 101호 (길동)",서울특별시 강동구 길동 416-15 강동투웨니퍼스트 101호,05354,2020-11-25,영업/정상
서울,2층루마약국,070-4779-0088,"서울특별시 강동구 양재대로 1360, 포레온스테이션5 2층 47,48호 (둔촌동)",서울특별시 강동구 둔촌동 170-1 포레온스테이션5,05409,2025-05-15,영업/정상
서울,강빛약국,02-6949-5111,"서울특별시 강동구 아리수로93나길 26, 성산타워 109,110호 (강일동)",서울특별시 강동구 강일동 76-11 성산타워,05415,2021-12-08,영업/정상
서울,옵티마기쁨약국,02-442-1260,"서울특별시 강동구 올림픽로 787, 태성프라자 102호 (암사동)",서울특별시 강동구 암사동 503-23 태성프라자 102호,05241,2020-09-03,영업/정상
서울,고덕튼튼약국,02-428-1333,"서울특별시 강동구 구천면로 658, 1층 (상일동)",서울특별시 강동구 상일동 192-1,05282,2024-04-22,영업/정상
서울,나음온누리약국,02-488-0803,"서울특별시 강동구 올림픽로 620, 예투빌딩 1층 (성내동)",서울특별시 강동구 성내동 78-11 예투빌딩,05378,2020-06-03,영업/정상
서울,포레온누리약국,02-6081-8275,"서울특별시 강동구 양재대로 1300, 306호 (둔촌동, 올림픽파크포레온)",서울특별시 강동구 둔촌동 174-1 올림픽파크포레온,05410,2025-07-10,영업/정상
서울,명일열린메디컬약국,02-484-8882,"서울특별시 강동구 양재대로 1625, 숨결TOWER 1층 (천호동)",서울특별시 강동구 천호동 24-2 숨결TOWER,05306,2022-11-18,영업/정상
서울,다나약국,02-427-8277,"서울특별시 강동구 동남로75길 19, 명일빌딩 1층 1호 (명일동)",서울특별시 강동구 명일동 47-4 명일빌딩,05269,2024-04-15,영업/정상
서울,참약사레몬약국,02-2138-3381,"서울특별시 강동구 고덕비즈밸리로 38, 105호 (고덕동)",서울특별시 강동구 고덕동 348-2,05203,2025-02-04,영업/정상
서울,수약국,02-426-1761,"서울특별시 강동구 올림픽로 774, 1층 (암사동)",서울특별시 강동구 암사동 501-3,05264,2024-08-13,영업/정상
서울,열린동물약국,02-477-5756,"서울특별시 강동구 상암로 104(천호동, 중앙클레식하우스)",서울특별시 강동구 천호동 293-17 중앙클레식하우스,05320,2016-03-31,영업/정상
서울,경희1번약국,02-6467-1820,"서울특별시 강동구 동남로 889, 명일빌딩 101호 (명일동)",서울특별시 강동구 명일동 47-19 명일빌딩 101호,05269,2022-07-11,영업/정상
서울,태양약국,02-3427-0652,"서울특별시 강동구 양재대로 1637, 105호 (명일동)",서울특별시 강동구 명일동 312-58 105호,05257,2022-05-27,영업/정상
서울,고덕경희온누리약국,02-429-5885,"서울특별시 강동구 고덕로 256, 명성프라자 101호 (명일동)",서울특별시 강동구 명일동 46-1 명성프라자 101호,05269,2022-03-15,영업/정상
인천,썬약국,032-752-1017,"인천광역시 영종구 하늘중앙로195번길 14, 이은스퀘어 125호 (중산동)",인천광역시 영종구 중산동 1884-1 이은스퀘어 125호,22397,2019-09-27,영업/정상
인천,영종길온누리약국,032-752-9571,"인천광역시 영종구 하늘달빛로 94, 대지스타타워 113호 (중산동)",인천광역시 영종구 중산동 1875-3,22402,2021-03-15,영업/정상
인천,영종제일태평양약국,032-751-2200,"인천광역시 영종구 하늘중앙로 193, 조양타워 108, 109호 (중산동)",인천광역시 영종구 중산동 1882-1,22397,2023-01-27,영업/정상
인천,영종도 동물약국,032-752-7562,"인천광역시 영종구 자연대로 47, 대지스타타워2 111호 (중산동)",인천광역시 영종구 중산동 1873-3,22402,2023-06-02,영업/정상
인천,하늘중앙로약국,032-752-8120,"인천광역시 영종구 하늘중앙로225번길 11, 107호 (중산동)",인천광역시 영종구 중산동 1877-1,22402,2024-11-05,영업/정상
인천,천사약국,032-765-0922,"인천광역시 중구 인중로 134, 동인천이마트 2층 (신생동)",인천광역시 중구 신생동 38 동인천이마트,22324,2020-04-20,영업/정상
인천,메디팜인하약국,032-889-1580,"인천광역시 중구 인항로 34, 현대상가 (신흥동3가)",인천광역시 중구 신흥동3가 7-326 현대상가,22333,2021-12-24,영업/정상
인천,신포프라자온누리약국,032-765-8653,"인천광역시 중구 우현로 41, 신포프라자약국,현대의원,풀잎문화센터 1층 (신포동)","인천광역시 중구 신포동 15-9 신포프라자약국,현대의원,풀잎문화센터",22322,2023-12-04,영업/정상
인천,신세계약국,032-765-5826,"인천광역시 중구 참외전로 134-1, 신세계약국,거상인력 1층 (인현동)","인천광역시 중구 인현동 23-1 신세계약국,거상인력",22318,2026-04-10,영업/정상
인천,보듬동물약국,070-4217-7084,"인천광역시 영종구 영종대로 118, 뉴에어포트오피스텔 1층 102호 (운서동)",인천광역시 영종구 운서동 2806-1 뉴에어포트오피스텔,22371,2013-06-17,영업/정상
인천,해마루약국,032-752-5275,"인천광역시 영종구 하늘별빛로 75, 108호, 107-2호 (중산동, 로얄페스타)",인천광역시 영종구 중산동 1882-10,22377,2014-10-31,영업/정상
인천,새봄약국,032-751-4710,"인천광역시 영종구 하늘별빛로 71, 1층 (중산동, 타임프라자)",인천광역시 영종구 중산동 1882-12,22377,2015-11-10,영업/정상
인천,하늘약국,032-777-2812,"인천광역시 영종구 운남로 167, 허브빌딩 101호 (운남동)",인천광역시 영종구 운남동 1524 허브빌딩,22372,2019-07-23,영업/정상
인천,신포프라자온누리약국,032-765-8653,"인천광역시 제물포구 우현로 41, 신포프라자약국,현대의원,풀잎문화센터 1층 (신포동)","인천광역시 제물포구 신포동 15-9 신포프라자약국,현대의원,풀잎문화센터",22322,2023-12-04,영업/정상
인천,신세계약국,032-765-5826,"인천광역시 제물포구 참외전로 134-1, 신세계약국,거상인력 1층 (인현동)","인천광역시 제물포구 인현동 23-1 신세계약국,거상인력",22318,2026-04-10,영업/정상
인천,동안생약국,070-8870-9166,"인천광역시 제물포구 화도진로 109, 화도진그린빌 상가 103호 (화수동)",인천광역시 제물포구 화수동 321 화도진그린빌 상가,22510,2020-03-11,영업/정상
인천,종로모범약국,032-773-7842,"인천광역시 제물포구 송현로 47, 1층 (송현동)",인천광역시 제물포구 송현동 56-194,22546,2020-10-14,영업/정상
인천,천사약국,032-765-0922,"인천광역시 제물포구 인중로 134, 동인천이마트 2층 (신생동)",인천광역시 제물포구 신생동 38 동인천이마트,22324,2020-04-20,영업/정상
인천,희망약국,032-761-5336,"인천광역시 제물포구 송림로 84, 1층 (송림동)",인천광역시 제물포구 송림동 58-1,22556,2021-07-02,영업/정상
인천,메디팜인하약국,032-889-1580,"인천광역시 제물포구 인항로 34, 현대상가 (신흥동3가)",인천광역시 제물포구 신흥동3가 7-326 현대상가,22333,2021-12-24,영업/정상
인천,열린약국,032-773-3382,"인천광역시 제물포구 송림로 113, 105호 (송림동, 송영빌딩)",인천광역시 제물포구 송림동 49-13 송영빌딩 105호,22545,2015-09-04,영업/정상
인천,대한약국,032-762-2421,인천광역시 제물포구 송림로 81 (송림동),인천광역시 제물포구 송림동 55-17,22543,2016-01-26,영업/정상
인천,백제약국,032-872-1686,"인천광역시 미추홀구 수봉로 31, 1층 (숭의동)",인천광역시 미추홀구 숭의동 29-24,22164,2022-02-24,영업/정상
인천,용현독일약국,032-882-8899,"인천광역시 미추홀구 독정이로 7, 1층 (용현동, 청도하이텔)",인천광역시 미추홀구 용현동 490-79 청도하이텔,22179,2020-11-17,영업/정상
인천,라성약국,032-831-6065,인천광역시 미추홀구 미추홀대로722번길 8 (주안동),인천광역시 미추홀구 주안동 161-1,22135,2013-05-24,영업/정상
인천,학익프라자약국,032-865-7755,"인천광역시 미추홀구 매소홀로 355, 117호 (학익동, 학익프라자)",,22202,2013-07-10,영업/정상
인천,주안원약국,032-434-1123,"인천광역시 미추홀구 미추홀대로 716, 메인프라자 1층 105호 (주안동)",인천광역시 미추홀구 주안동 166-1 메인프라자,22135,2025-11-11,영업/정상
인천,명문당약국,032-864-6569,인천광역시 미추홀구 인주대로 191-1 (용현동),인천광역시 미추홀구 용현동 129-21,22180,2013-07-16,영업/정상
인천,건강제일약국,032-866-7025,"인천광역시 미추홀구 미추홀대로698번길 6, 1층 (주안동)",인천광역시 미추홀구 주안동 185-2,22140,2023-02-22,영업/정상
인천,파란약국,032-867-7559,인천광역시 미추홀구 석정로 437 (주안동),인천광역시 미추홀구 주안동 19-23,22124,2019-07-18,영업/정상
인천,주안약국,032-422-4279,"인천광역시 미추홀구 미추홀대로 704, 1층 (주안동)",인천광역시 미추홀구 주안동 174-4,22140,2022-08-29,영업/정상
인천,화생당약국,032-887-1005,인천광역시 미추홀구 길파로 30 (주안동),인천광역시 미추홀구 주안동 16-69,22125,2021-05-04,영업/정상
인천,서울약국,032-887-7841,인천광역시 미추홀구 독정이로 25-1 (용현동),인천광역시 미추홀구 용현동 492-187,22179,2023-06-27,영업/정상
인천,석바위약국,032-427-7867,인천광역시 미추홀구 경원대로 862 (주안동),인천광역시 미추홀구 주안동 939-35,22144,2018-06-26,영업/정상
인천,신기시장약국,032-863-0522,"인천광역시 미추홀구 인하로 275, 101호 (주안동)",인천광역시 미추홀구 주안동 1462-18,22215,2018-07-27,영업/정상
인천,인하365약국,031-907-7365,"인천광역시 미추홀구 독배로317번길 15, 104호 (용현동)",인천광역시 미추홀구 용현동 665-9,22188,2026-04-10,영업/정상
인천,큰나무약국,032-873-8087,"인천광역시 미추홀구 매소홀로 442, 인천 향교 회관 (학익동)",인천광역시 미추홀구 학익동 677-1 인천 향교 회관,22226,2021-12-03,영업/정상
인천,주안동서약국,032-429-4767,인천광역시 미추홀구 미추홀대로 700(주안동),인천광역시 미추홀구 주안동 175-5,22140,2023-02-22,영업/정상
인천,108호 초록약국,032-889-2664,"인천광역시 미추홀구 독배로 395, 와이지메디컬센터 (용현동)",인천광역시 미추홀구 용현동 0 와이지메디컬센터,22184,2026-06-17,영업/정상
인천,시민온누리약국,032-505-3600,"인천광역시 미추홀구 미추홀대로 688, 1층 101호 (주안동)",인천광역시 미추홀구 주안동 186-11,22140,2018-07-12,영업/정상
인천,넘버원약국,032-889-1414,인천광역시 미추홀구 소성로 133 (학익동),인천광역시 미추홀구 학익동 260-47,22210,2013-08-05,영업/정상
인천,용현우리약국,032-888-8876,"인천광역시 미추홀구 독배로 420-1, 1층 102호 (용현동)",인천광역시 미추홀구 용현동 459-30,22179,2021-11-17,영업/정상
인천,마니또안약국,032-868-3841,인천광역시 미추홀구 수봉로 55 (숭의동),인천광역시 미추홀구 숭의동 22-24,22167,2013-08-05,영업/정상
인천,공단시장약국,032-866-2165,인천광역시 미추홀구 길파로 16 (주안동),인천광역시 미추홀구 주안동 15-45,22125,2023-05-17,영업/정상
인천,굿모닝약국,032-517-0626,"인천광역시 미추홀구 소성로 333, 1층 (문학동)",인천광역시 미추홀구 문학동 385-2,22235,2018-02-13,영업/정상
인천,참사랑약국,032-872-2884,인천광역시 미추홀구 인하로 276 (주안동),인천광역시 미추홀구 주안동 1315-11,22216,2013-06-12,영업/정상
인천,인하후문약국,032-225-0103,"인천광역시 미추홀구 인하로 73-1, 1층 우측호 (용현동)",인천광역시 미추홀구 용현동 191-4,22207,2023-06-01,영업/정상
인천,삼정약국,032-884-4674,인천광역시 미추홀구 경인로 128-1 (숭의동),인천광역시 미추홀구 숭의동 58-10,22164,2013-07-18,영업/정상
인천,제일건강약국,032-873-7776,"인천광역시 미추홀구 경인로 291, 1층 (도화동)",인천광역시 미추홀구 도화동 391-13,22139,2022-09-14,영업/정상
인천,주안열린약국,070-8657-1237,"인천광역시 미추홀구 미추홀대로 610, 1층 110,111호 (주안동)",인천광역시 미추홀구 주안동 1469-1,22151,2023-06-08,영업/정상
인천,문학모범약국,032-424-3120,"인천광역시 미추홀구 매소홀로 578, 1층 (문학동)",인천광역시 미추홀구 문학동 380-1,22235,2023-02-14,영업/정상
인천,메디칼약국,032-873-8783,인천광역시 미추홀구 인하로 251 (주안동),인천광역시 미추홀구 주안동 1436-21,22214,2013-06-11,영업/정상
인천,희망약국,032-876-3700,인천광역시 미추홀구 미추홀대로 573 (주안동),인천광역시 미추홀구 주안동 1462-15,22215,2013-05-31,영업/정상
인천,동신온누리약국,032-432-3144,"인천광역시 미추홀구 소성로 93, 1층 (학익동)",인천광역시 미추홀구 학익동 420-18,22211,2023-06-15,영업/정상
인천,건강효약국,032-881-5050,"인천광역시 미추홀구 인주대로132번길 12, 1층 (용현동)",인천광역시 미추홀구 용현동 450-65,22183,2023-06-15,영업/정상
인천,인천주안동물약국,032-422-1117,"인천광역시 미추홀구 인주대로 489, 1층 (주안동)",인천광역시 미추홀구 주안동 1561-22,22147,2019-04-30,영업/정상
인천,도움약국,032-881-0999,"인천광역시 미추홀구 낙섬중로 138, 미추홀프라자 101호 (용현동)",인천광역시 미추홀구 용현동 0 미추홀프라자,22176,2023-06-15,영업/정상
인천,주안시민약국,032-423-5085,"인천광역시 미추홀구 경인로 399-1, 훈산빌딩 1층 (주안동)",인천광역시 미추홀구 주안동 79-8 훈산빌딩,22140,2021-11-10,영업/정상
인천,햇님약국,032-872-2582,"인천광역시 미추홀구 숙골로 114, 우리타워 103호 (도화동)",인천광역시 미추홀구 도화동 1005-6 우리타워,22114,2019-10-11,영업/정상
인천,건강프라자약국,032-429-7888,인천광역시 미추홀구 경인로 431-1(주안동),인천광역시 미추홀구 주안동 1007-1,22141,2022-05-06,영업/정상
인천,드림호약국,032-888-6123,"인천광역시 미추홀구 용정공원로83번길 59, 드림빌딩 1층 102호 (용현동)",인천광역시 미추홀구 용현동 665-14 드림빌딩 102호,22188,2025-06-18,영업/정상
인천,주안허브약국,032-863-1253,"인천광역시 미추홀구 주안로 지하 86, 주안역 지하도상가 239,240호 (주안동)",인천광역시 미추홀구 주안동 235 주안역 지하도상가,22136,2018-01-11,영업/정상
인천,구월동물약국,032-439-6200,인천광역시 미추홀구 경원대로652번길 31 (관교동),인천광역시 미추홀구 관교동 493-6,22243,2014-06-27,영업/정상
인천,바른아산약국,032-423-3555,"인천광역시 미추홀구 인하로299번길 3, 일정빌딩 1층 (주안동)",인천광역시 미추홀구 주안동 1464-48 일정빌딩,22227,2023-05-24,영업/정상
인천,뉴아인약국,032-424-6027,"인천광역시 미추홀구 경인로 372, 1014호 (주안동, 포레나 미추홀)",인천광역시 미추홀구 주안동 0 포레나 미추홀,22148,2023-11-09,영업/정상
인천,신우리들약국,032-886-9005,"인천광역시 미추홀구 매소홀로 63, 107호 (용현동)",인천광역시 미추홀구 용현동 627-410,22190,2021-06-15,영업/정상
인천,현대메디칼약국,032-889-1891,"인천광역시 미추홀구 낙섬서로 4, 현대메디켈센타 (용현동)",인천광역시 미추홀구 용현동 627-287 현대메디켈센타,22190,2022-10-06,영업/정상
인천,365열린온누리약국,032-891-0012,"인천광역시 미추홀구 낙섬중로 105, 유원빌딩 1층 101호 (용현동)",인천광역시 미추홀구 용현동 568-1 유원빌딩,22175,2021-08-23,영업/정상
인천,코뿔소약국,070-8820-8881,"인천광역시 미추홀구 경인로 372, 1018호 (주안동, 포레나 미추홀)",인천광역시 미추홀구 주안동 0 포레나 미추홀,22148,2023-01-05,영업/정상
인천,디에이치(DH)메디컬약국,032-874-0405,"인천광역시 미추홀구 석정로 271, 기아자동차 1층 (도화동)",인천광역시 미추홀구 도화동 104-8 기아자동차,22116,2023-01-18,영업/정상
인천,송도이음약국,032-832-5641,"인천광역시 연수구 아트센터대로97번길 15, 1101동 2703호 (송도동, 더샵 그린워크2차)",인천광역시 연수구 송도동 17-3 더샵 그린워크2차 1101동 2703호,22002,2023-05-02,영업/정상
인천,송도우정약국,032-858-0222,"인천광역시 연수구 랜드마크로 68, 301동 269호 (송도동, 랜드마크시티센트럴더샵)",인천광역시 연수구 송도동 311 랜드마크시티센트럴더샵 301동 269호,22018,2020-10-28,영업/정상
인천,동인천약국,032-814-4101,"인천광역시 연수구 학나래로45번길 3, 104호 (선학동, 뉴서울아파트상가)",인천광역시 연수구 선학동 362 뉴서울아파트상가 104호,21911,2013-07-22,영업/정상
인천,동의당약국,032-834-8274,"인천광역시 연수구 한진로 23, 1층 (옥련동, 로얄프라자 )",인천광역시 연수구 옥련동 462-19 로얄프라자 1층호,21949,2013-07-15,영업/정상
인천,호수약국,02-2066-6361,"인천광역시 연수구 아트센터대로 87, 커낼워크D4 WINTER 402동 153호 (송도동)",인천광역시 연수구 송도동 17-1 커낼워크D4 WINTER,22002,2024-12-30,영업/정상
인천,플러스약국,070-4141-8628,"인천광역시 연수구 신송로 166, 플러스원프라자 107호 (송도동)",인천광역시 연수구 송도동 20-14 플러스원프라자,22001,2019-03-06,영업/정상
인천,건강백세 동물약국,032-813-2273,"인천광역시 연수구 학나래로6번길 6, 서천빌딩 (선학동)",인천광역시 연수구 선학동 412-8 서천빌딩,21911,2022-01-26,영업/정상
인천,화이팅약국,032-243-2813,"인천광역시 연수구 송도미래로11번길 27, 스마트스퀘어 B동 216호 (송도동)",인천광역시 연수구 송도동 203-5 스마트스퀘어,21988,2026-02-23,영업/정상
인천,메가타운약국 송도점,070-4164-5596,"인천광역시 연수구 송도과학로16번길 33-4, 송도 트리플스트리트 지하1층 B119,B120호 (송도동)",인천광역시 연수구 송도동 176-5 송도 트리플스트리트,21984,2026-06-26,영업/정상
인천,초록약국,032-815-0240,"인천광역시 연수구 송도과학로27번길 27, 204-c동 2층 c240호 (송도동, 송도아메리칸타운더샵)",인천광역시 연수구 송도동 155-1 송도아메리칸타운더샵 204-c동 c240호,21982,2026-07-16,영업/정상
인천,한솔프라자약국,032-833-5166,인천광역시 연수구 독배로 41 (옥련동),인천광역시 연수구 옥련동 194-5,21957,2013-06-17,영업/정상
인천,동서약국,032-715-5569,"인천광역시 연수구 신송로 122, 송도프라자 1층 108호 (송도동)",인천광역시 연수구 송도동 2-6 송도프라자 108호,21994,2026-07-22,영업/정상
인천,하나약국,032-815-0153,"인천광역시 연수구 먼우금로188번길 12, 이리옴3빌딩 106,107,108호 (연수동)",인천광역시 연수구 연수동 599-1 이리옴3빌딩,21927,2026-06-19,영업/정상
인천,크리스탈약국,032-831-5031,"인천광역시 연수구 랜드마크로360번길 40, 304동 108호 (송도동, 송도자이크리스탈오션)",인천광역시 연수구 송도동 396-7 송도자이크리스탈오션,22025,2024-10-08,영업/정상
인천,센트럴파크약국,032-831-7507,"인천광역시 연수구 컨벤시아대로130번길 14, 송도 메디컬타워 108, 109호 (송도동)",인천광역시 연수구 송도동 22-19 송도 메디컬타워,22003,2024-10-10,영업/정상
인천,타임365약국,032-858-3655,"인천광역시 연수구 하모니로 158, 송도타임스페이스 A동 116,117,118호 (송도동)","인천광역시 연수구 송도동 8-21 송도타임스페이스 A동 116,117,118호",21998,2021-08-30,영업/정상
인천,랜드마크약국,032-859-0206,"인천광역시 연수구 랜드마크로 68, 301동 206호 (송도동, 랜드마크시티센트럴더샵)",인천광역시 연수구 송도동 311 랜드마크시티센트럴더샵 301동 206호,22018,2021-01-25,영업/정상
인천,둥지약국,032-818-5549,인천광역시 연수구 용담로 42 (청학동),인천광역시 연수구 청학동 468-1,21917,2013-06-05,영업/정상
인천,송도건강온누리약국,032-858-7791,"인천광역시 연수구 컨벤시아대로 69, 408호 (송도동)",인천광역시 연수구 송도동 3-1 408호,21995,2013-06-17,영업/정상
인천,미래팜약국,032-833-4350,"인천광역시 연수구 독배로 42, 해창빌딩 (옥련동)",인천광역시 연수구 옥련동 462-10 해창빌딩,21949,2021-03-08,영업/정상
인천,건강나라약국,032-858-9012,"인천광역시 연수구 독배로40번길 11, 108호 (옥련동, 효명프라자 )",인천광역시 연수구 옥련동 462-9 효명프라자 108호,21949,2013-07-15,영업/정상
인천,나무약국,032-833-9878,"인천광역시 연수구 아트센터대로 87, 커낼워크D4 WINTER 402동 222호 (송도동)",인천광역시 연수구 송도동 17-1 커낼워크D4 WINTER,22002,2025-08-20,영업/정상
인천,대산프라자약국,032-816-4531,"인천광역시 연수구 앵고개로246번길 10, 대산프라자 107호 (동춘동)",인천광역시 연수구 동춘동 937-1 대산프라자,21972,2024-11-28,영업/정상
인천,신연수약국,032-818-5120,"인천광역시 연수구 원인재로 286, 대림아파트(상가) 101호 (연수동)",인천광역시 연수구 연수동 532 대림아파트,21937,2024-12-06,영업/정상
인천,자애약국,032-812-1019,"인천광역시 연수구 원인재로 315, 상가동 106호 (연수동, 주공아파트)",인천광역시 연수구 연수동 533 상가동 106호,21936,2017-04-10,영업/정상
인천,참다온약국,032-831-5085,"인천광역시 연수구 하모니로178번길 22, 송도GTX센트럴타워 115호, 115-1호, 116호 (송도동)","인천광역시 연수구 송도동 10-7 송도GTX센트럴타워 115호, 115-1호, 116호",22011,2022-03-03,영업/정상
인천,쾌차약국,032-833-3288,"인천광역시 연수구 신송로 161, 송도 하이츠 115호 (송도동)",인천광역시 연수구 송도동 21-14 송도 하이츠 115호,22002,2021-08-27,영업/정상
인천,센타약국,032-851-0672,"인천광역시 연수구 신송로 121, 송도센타프라자 406호 (송도동)",인천광역시 연수구 송도동 3-4 송도센타프라자 406호,21995,2021-07-15,영업/정상
인천,예쁜나무약국,032-710-3220,"인천광역시 연수구 랜드마크로 20, 215호 (송도동, 호반써밋 송도)",인천광역시 연수구 송도동 312-4 호반써밋 송도 215호,22019,2023-05-02,영업/정상
인천,연수바른약국,032-811-8899,"인천광역시 연수구 학나래로 12, 1층 (선학동)",인천광역시 연수구 선학동 382-6 1층,21911,2021-02-18,영업/정상
인천,스마트약국,032-248-2488,"인천광역시 연수구 송도미래로 30, 송도 BRC 스마트밸리 지식산업센터 2층 4호 (송도동)",인천광역시 연수구 송도동 214 송도 BRC 스마트밸리 지식산업센터,21990,2020-03-03,영업/정상
인천,연세약국,032-811-1687,"인천광역시 연수구 송도과학로51번길 136, 104동 1호 (송도동, 송도캐슬&해모로아파트 단지상가)",인천광역시 연수구 송도동 161-3,21982,2014-05-21,영업/정상
인천,연수건강옵티마약국,032-821-7770,"인천광역시 연수구 청능대로 103, 1층 (연수동, BYC 빌딩)",인천광역시 연수구 연수동 599,21927,2013-06-12,영업/정상
인천,송도골드약국,032-858-0565,"인천광역시 연수구 신송로 157-9, 105호 (송도동)",인천광역시 연수구 송도동 21-40 105호,22002,2022-04-19,영업/정상
인천,새봄약국,032-817-2722,"인천광역시 연수구 청능대로 210, 지하1층 X8,YK호 (동춘동)",인천광역시 연수구 동춘동 926 스퀘어원,21975,2017-11-17,영업/정상
인천,효성메디칼약국,032-811-7997,"인천광역시 연수구 청능대로 93, 102호 (청학동, 두손빌딩)",인천광역시 연수구 청학동 503-4 두손빌딩 102호,21926,2013-09-09,영업/정상
인천,송도센트럴약국,032-822-1718,"인천광역시 연수구 송도국제대로 261, 상가동 114호 (송도동, 송도 더샵 센트럴시티)",인천광역시 연수구 송도동 190-4 송도 더샵 센트럴시티,21986,2019-03-04,영업/정상
인천,수약국,031-386-5403,"인천광역시 연수구 센트럴로 232, E동 172호 (송도동, 더샵센트럴파크1)",인천광역시 연수구 송도동 23-3 더샵센트럴파크1 E동 172호,22003,2021-07-23,영업/정상
인천,참약국,032-819-0115,인천광역시 연수구 청학로16번길 3 (청학동),인천광역시 연수구 청학동 529-11,21904,2013-08-22,영업/정상
인천,플러스약국,070-4141-8628,"인천광역시 연수구 신송로 166, 플러스원프라자 107호 (송도동)",인천광역시 연수구 송도동 20-14 플러스원프라자,22001,2019-03-06,영업/정상
인천,송도중앙약국,032-851-3771,"인천광역시 연수구 인천타워대로54번길 13, 103호 (송도동, 해승메디피아)",인천광역시 연수구 송도동 9-18 해승메디피아 103호,22000,2013-07-31,영업/정상
인천,다정약국,032-833-1377,"인천광역시 연수구 독배로40번길 47, 제일빌딩 1층 105호 (옥련동)",인천광역시 연수구 옥련동 462-20,21949,2024-02-22,영업/정상
인천,퍼스트약국,032-832-5975,"인천광역시 연수구 컨벤시아대로230번길 42, 송도아라플라자 102-1호 (송도동)",인천광역시 연수구 송도동 98-2 송도아라플라자 102-1호,22009,2021-04-08,영업/정상
인천,테라스파란문약국,032-833-6209,"인천광역시 연수구 센트럴로 415, 힐스테이트 송도 더테라스 판매시설 S동 148호 (송도동)",인천광역시 연수구 송도동 316 힐스테이트 송도 더테라스 판매시설 S동 148호,22020,2023-06-01,영업/정상
인천,강봉윤약국,032-811-2023,"인천광역시 연수구 원인재로 315, 110호 (연수동, 주공1단지아파트상가)",인천광역시 연수구 연수동 533 주공1단지아파트상가 110호,21936,2013-06-12,영업/정상
인천,메디플러스약국,032-812-2582,"인천광역시 연수구 송도국제대로 165, 홈플러스 복합쇼핑몰(송도점) 지하1층 (송도동)",인천광역시 연수구 송도동 168-3 홈플러스 복합쇼핑몰(송도점),21984,2019-08-06,영업/정상
인천,연수태평양약국,032-811-7582,인천광역시 연수구 먼우금로188번길 12 (연수동),인천광역시 연수구 연수동 599-1,21927,2013-09-03,영업/정상
인천,희망약국,032-822-0994,"인천광역시 연수구 청명로 5, 1층 (청학동)",인천광역시 연수구 청학동 487-5 1층,21917,2020-12-16,영업/정상
인천,한울약국,032-818-5578,인천광역시 연수구 새말로 32 (연수동),인천광역시 연수구 연수동 557,21919,2013-08-27,영업/정상
인천,별온누리약국,032-832-9933,"인천광역시 연수구 하모니로 158, 송도타임스페이스 A동 110~112호 (송도동)",인천광역시 연수구 송도동 8-21 송도타임스페이스 A동 110 ~112호,21998,2021-03-04,영업/정상
인천,감성약국,032-831-7579,"인천광역시 연수구 랜드마크로 68, 301동 254호 (송도동, 랜드마크시티센트럴더샵)",인천광역시 연수구 송도동 311 랜드마크시티센트럴더샵 301동 254호,22018,2021-02-18,영업/정상
인천,송도더푸른약국,032-859-3200,"인천광역시 연수구 해돋이로151번길 4, 103호 (송도동)",인천광역시 연수구 송도동 22-9 103호,22003,2023-08-08,영업/정상
인천,송도온누리약국,032-833-6606,"인천광역시 연수구 컨벤시아대로230번길 54, A136,137호 (송도동)",인천광역시 연수구 송도동 98-1,22009,2023-08-22,영업/정상
인천,새로이약국,032-859-8834,"인천광역시 연수구 인천타워대로132번길 34, 103호 (송도동)",인천광역시 연수구 송도동 8-2 103호,21998,2022-09-02,영업/정상
인천,헬스원약국,032-832-9907,"인천광역시 연수구 센트럴로 160, 140,141호 (송도동, 송도센트럴파크푸르지오)",인천광역시 연수구 송도동 23-5 송도센트럴파크푸르지오 140호,22003,2013-06-30,영업/정상
인천,캠퍼스메이플약국,032-511-6369,"인천광역시 연수구 송도과학로27번길 55, A동 107호 (송도동, 롯데캐슬 캠퍼스타운)",인천광역시 연수구 송도동 149 롯데캐슬 캠퍼스타운 A동 107호,21982,2017-06-27,영업/정상
인천,365일공구약국,032-859-0109,"인천광역시 연수구 컨벤시아대로130번길 20, 1층 109호 (송도동)",인천광역시 연수구 송도동 22-17 109호,22003,2026-07-29,영업/정상
인천,맑은샘온누리약국,032-834-4005,"인천광역시 연수구 하모니로177번길 49, 형지글로벌 패션복합센터 202호 (송도동)",인천광역시 연수구 송도동 11-2 형지글로벌 패션복합센터 202호,22013,2022-07-11,영업/정상
인천,가까운약국,032-423-5025,"인천광역시 남동구 소래역로 38, 젠트라움논현 1층 107호 (논현동)",인천광역시 남동구 논현동 677-5 젠트라움논현 1층 107호,21673,2024-09-27,영업/정상
인천,힐링팜약국,070-7533-3178,"인천광역시 남동구 미래로 6, 101호 (구월동)",인천광역시 남동구 구월동 1146,21556,2020-10-27,영업/정상
인천,간석열린약국,032-851-4012,"인천광역시 남동구 남동대로 889-1, 지앤태강프라자 1층 (간석동)",인천광역시 남동구 간석동 283-5 지앤태강프라자,21550,2018-01-29,영업/정상
인천,논현조은약국,032-422-7743,"인천광역시 남동구 논고개로 80, 나로프라자 1층 104호 (논현동)",인천광역시 남동구 논현동 733-5 나로프라자 104호,21667,2018-02-20,영업/정상
인천,논현종로약국,032-437-0680,"인천광역시 남동구 청능대로 583 (논현동, 중앙프라자 논현종로약국)",인천광역시 남동구 논현동 631-9 중앙프라자 논현종로약국,21653,2017-10-20,영업/정상
인천,구월중앙약국,070-4833-2688,"인천광역시 남동구 예술로 230, 청진네오스빌 1층 101호 (구월동)",인천광역시 남동구 구월동 1135-1 청진네오스빌 101호,21557,2023-11-01,영업/정상
인천,백세약국,032-471-0999,"인천광역시 남동구 석산로 202, 1층 105~106호 (구월동)",인천광역시 남동구 구월동 1625 1층 105~106호,21548,2023-10-20,영업/정상
인천,한빛약국,032-433-9870,"인천광역시 남동구 성말로13번길 15, 메인프라자 125호 (구월동)",인천광역시 남동구 구월동 1457-1 메인프라자 125호,21573,2020-03-05,영업/정상
인천,에코메트로약국,032-426-6789,"인천광역시 남동구 에코중앙로156번길 5-23, 1층 102호 (논현동)",인천광역시 남동구 논현동 772-5 102호,21684,2024-07-09,영업/정상
인천,훼미리약국,032-462-0045,인천광역시 남동구 독점로3번길 26 (구월동),인천광역시 남동구 구월동 1197-5,21565,2019-07-31,영업/정상
인천,아름다운약국,032-423-0707,인천광역시 남동구 용천로 157 (간석동),인천광역시 남동구 간석동 122-2,21544,2018-05-01,영업/정상
인천,가장큰태평양약국,032-424-2005,"인천광역시 남동구 논현로 69, 하늘마을휴먼시아3단지 상가비동 105~108호 (논현동)",인천광역시 남동구 논현동 635-1 하늘마을휴먼시아3단지 상가비동 105~8호,21650,2024-07-29,영업/정상
인천,새솔약국,032-461-1315,"인천광역시 남동구 장승남로 38, 반달프라자 102호 (만수동)",인천광역시 남동구 만수동 1041-1 반달프라자 102호,21596,2023-04-18,영업/정상
인천,온누리명성약국,032-462-4032,"인천광역시 남동구 만수로 43, 1층 (만수동)",인천광역시 남동구 만수동 72-55 1층 일부,21524,2025-01-07,영업/정상
인천,담방사거리약국,070-8648-0404,"인천광역시 남동구 장승남로 61, 인일프라자 1층 107호 (만수동)",인천광역시 남동구 만수동 1030 인일프라자,21593,2022-04-05,영업/정상
인천,한사랑약국,032-424-7890,"인천광역시 남동구 주안로 231, 1층 일부호 (간석동)",인천광역시 남동구 간석동 395-2 1층 일부호,21506,2025-01-15,영업/정상
인천,휴먼시아약국,032-425-2060,"인천광역시 남동구 앵고개로847번길 64, 골든프라자 103호 (논현동)",인천광역시 남동구 논현동 744-1 골든프라자 103호,21679,2025-07-21,영업/정상
인천,구월우리약국,032-279-6897,"인천광역시 남동구 인하로507번길 18, 1층 103호 (구월동)",인천광역시 남동구 구월동 1474-2 1층 103호,21574,2020-02-14,영업/정상
인천,살맛나는 온누리 약국,032-503-4998,"인천광역시 남동구 만수서로 52, 쓰리제이프라자 104호 (만수동)",인천광역시 남동구 만수동 1117-1 쓰리제이프라자 104호,21524,2018-08-08,영업/정상
인천,아빠약국,032-467-3338,"인천광역시 남동구 만수서로 62, 102호 (만수동)",인천광역시 남동구 만수동 1118-2 102호,21524,2024-02-05,영업/정상
인천,이파마시동물약국,070-7563-4801,인천광역시 남동구 백범로 275 (간석동),인천광역시 남동구 간석동 913-21,21546,2013-06-14,영업/정상
인천,동호튼튼약국,032-473-1007,"인천광역시 남동구 용천로 70, 동호프라자 1층 (구월동)",인천광역시 남동구 구월동 25 동호프라자 1층,21562,2023-05-12,영업/정상
인천,매일여는온누리약국,032-435-1777,"인천광역시 남동구 예술로 198, CGV 홈플러스 지하2층 (구월동)",인천광역시 남동구 구월동 1130 CGV 홈플러스,21558,2024-02-13,영업/정상
인천,남동약국,032-815-0777,"인천광역시 남동구 은청로 4-7, 남동공단산업용품상가 A동 1층 150호 (고잔동)",인천광역시 남동구 고잔동 630 남동공단산업용품상가 A동 1층 150호,21633,2025-09-01,영업/정상
인천,고은 동물약국,032-471-8248,"인천광역시 남동구 구월말로 117, 1층 (만수동)",인천광역시 남동구 만수동 898-7 1층,21542,2018-05-25,영업/정상
인천,샛별약국,032-466-0190,"인천광역시 남동구 담방로 45, 희망프라자 (만수동)",인천광역시 남동구 만수동 1020-2 희망프라자,21594,2022-09-23,영업/정상
인천,별약국,032-426-1100,"인천광역시 남동구 인하로507번길 24, 1층 (구월동)",인천광역시 남동구 구월동 1474 1층,21574,2023-04-28,영업/정상
인천,스타약국,032-472-3326,"인천광역시 남동구 서창남순환로216번길 12, 월드타워 102호 (서창동)",인천광역시 남동구 서창동 703-1 월드타워,21617,2024-01-31,영업/정상
인천,영약국,032-471-5001,"인천광역시 남동구 인하로 616, 105호 (구월동)",인천광역시 남동구 구월동 1519 커뮤니티프라자(복컴1) 105호,21586,2017-11-02,영업/정상
인천,논현스타약국,032-277-1711,"인천광역시 남동구 논고개로 93, 보미리즌텔 1층 110호 (논현동)",인천광역시 남동구 논현동 649-4 보미리즌텔 110호,21679,2024-04-26,영업/정상
인천,천사약국,070-4634-1837,"인천광역시 남동구 서창남순환로 2, 105,106호 (서창동)","인천광역시 남동구 서창동 663-1 105,106호",21610,2023-10-26,영업/정상
인천,우주약국,032-710-0401,"인천광역시 남동구 용천로 68, (주)발해인터내셔날 1층 일부(101)호 (구월동)",인천광역시 남동구 구월동 26 (주)발해인터내셔날 1층 101호,21562,2024-11-08,영업/정상
인천,수약국,032-434-4555,인천광역시 남동구 구월로 75-1 (간석동),인천광역시 남동구 간석동 510-31,21552,2019-04-01,영업/정상
인천,봄빛약국,032-462-7873,"인천광역시 남동구 구월남로 190, 퍼스트프라자 104호 (구월동)",인천광역시 남동구 구월동 1200-2 퍼스트프라자,21565,2024-12-24,영업/정상
인천,논현모두약국,032-434-9201,"인천광역시 남동구 논고개로 86, 101호 (논현동, 모아프라자)",인천광역시 남동구 논현동 733-3 모아프라자 101호,21667,2017-03-27,영업/정상
인천,제일약국,032-467-9780,"인천광역시 남동구 구월로 223, 108호 (구월동,위너스프라자)",인천광역시 남동구 구월동 1241-16 위너스프라자 108호,,2009-01-02,영업/정상
인천,남동온누리약국,032-466-8802,"인천광역시 남동구 장승남로33번길 9, 대동아파트상가 110동 1층 107,108호 (만수동)","인천광역시 남동구 만수동 1018 대동아파트상가 110동 107,8호",21594,2025-01-03,영업/정상
인천,위케어만수약국,032-464-7707,"인천광역시 남동구 장승로 41, 1층 102호 (만수동)",인천광역시 남동구 만수동 1087-6 1층 102호,21591,2023-01-04,영업/정상
인천,호구포온누리약국,032-442-0233,"인천광역시 남동구 호구포로 220, 명진프라자 106호 (논현동)",인천광역시 남동구 논현동 636-3 명진프라자 106호,21655,2024-07-29,영업/정상
인천,구월솔약국,032-463-3777,"인천광역시 남동구 구월남로 174, 그랜드프라자 1층 114호 (구월동)",인천광역시 남동구 구월동 1199-1 그랜드프라자 1층 114호,21565,2023-09-25,영업/정상
인천,미소약국,032-468-7323,"인천광역시 남동구 서창남순환로215번길 48, 102호 (서창동)",인천광역시 남동구 서창동 686-1 102호,21614,2017-12-11,영업/정상
인천,기린약국,032-466-2825,"인천광역시 남동구 인하로 607, 모아프라자 105호 (구월동)",인천광역시 남동구 구월동 1512-2 모아프라자 105호,21584,2020-01-07,영업/정상
인천,동인당약국,032-275-8275,"인천광역시 부평구 체육관로 30, 삼산동 이리옴프라자 103호 (삼산동)",인천광역시 부평구 삼산동 459-1 삼산동 이리옴프라자 103호,21344,2019-01-18,영업/정상
인천,부개동물약국,032-361-9989,"인천광역시 부평구 부흥로 414, 모아빌딩 103-1호 (부개동)",인천광역시 부평구 부개동 502-3 모아빌딩 103-1호,21398,2023-01-17,영업/정상
인천,든든약국,032-501-1134,"인천광역시 부평구 부평대로 67, 1층 101호 (부평동)",인천광역시 부평구 부평동 529-82 1층 101호,21388,2024-04-30,영업/정상
인천,별빛약국,032-505-8465,"인천광역시 부평구 시장로 48, 101호 (부평동)",인천광역시 부평구 부평동 150-24 101호,21392,2025-11-13,영업/정상
인천,새진약국,032-529-6185,"인천광역시 부평구 길주로 510, 한산빌딩 1층 (청천동)",인천광역시 부평구 청천동 302 한산빌딩 1층,21364,2021-11-05,영업/정상
인천,부평판도라약국,032-458-7595,"인천광역시 부평구 경인로 947, 109~110호 (부평동)",인천광역시 부평구 부평동 694-14,21407,2017-05-04,영업/정상
인천,진선약국,032-504-5557,"인천광역시 부평구 부평대로32번길 1, 1층 102호 (부평동)",인천광역시 부평구 부평동 212-51 1층 102호,21393,2023-07-11,영업/정상
인천,동암동물약국,032-434-1025,"인천광역시 부평구 동암광장로14번길 4, 스타플랙스 102호 (십정동)",인천광역시 부평구 십정동 402-66 스타플랙스 102호,21445,2021-06-07,영업/정상
인천,스마일약국,032-716-6506,"인천광역시 부평구 길주남로 158, 부개프라자 103호 (부개동)",인천광역시 부평구 부개동 498-7 부개프라자 103호,21348,2023-08-04,영업/정상
인천,동민약국,032-502-6418,"인천광역시 부평구 부흥로 408, 태영빌딩 1층 (부개동)",인천광역시 부평구 부개동 502-1 태영빌딩 1층,21398,2022-04-11,영업/정상
인천,한마음약국,032-362-0158,"인천광역시 부평구 길주남로 159, 새롬프라자14차 101호 (부개동)",인천광역시 부평구 부개동 496-21 새롬프라자14차 101호,21345,2024-08-30,영업/정상
인천,밝은약국,032-266-9072,"인천광역시 부평구 경원대로 1373, 북인천우체국 1층 (부평동)",인천광역시 부평구 부평동 546-62 북인천우체국 1층,21389,2023-11-22,영업/정상
인천,분수대약국,032-514-5317,"인천광역시 부평구 광장로 16, 부평민자역사 지하2층 39, 40호 (부평동)","인천광역시 부평구 부평동 738-21 부평민자역사 지하2층 39, 40호",21404,2021-08-27,영업/정상
인천,벧엘약국,032-422-6617,"인천광역시 부평구 경인로701번길 58, 동암빌딩 (십정동)",인천광역시 부평구 십정동 497-2 동암빌딩,21438,2018-03-13,영업/정상
인천,미약국,032-502-4977,"인천광역시 부평구 광장로 4, 1층 (부평동)",인천광역시 부평구 부평동 534-1 1층,21404,2023-10-06,영업/정상
인천,봄빛가득약국,032-422-2104,"인천광역시 부평구 열우물로 90, F동 312호 (십정동, 더샵부평센트럴시티)",인천광역시 부평구 십정동 630 더샵부평센트럴시티 F동 312호,21443,2024-07-30,영업/정상
인천,부평드림약국,032-330-8776,인천광역시 부평구 장제로 82 (부평동),인천광역시 부평구 부평동 513-1,21399,2018-06-07,영업/정상
인천,부개하늘약국,032-506-3334,"인천광역시 부평구 부일로 85, 1층 102호 (부개동)",인천광역시 부평구 부개동 209 1층 102호,21401,2023-07-27,영업/정상
인천,믿음약국,032-505-3553,인천광역시 부평구 마장로 396-1 (청천동),인천광역시 부평구 청천동 179-14,21312,2018-01-10,영업/정상
인천,365열린약국,032-504-3650,"인천광역시 부평구 부일로 87, 송신빌딩 1층 (부개동)",인천광역시 부평구 부개동 210 송신빌딩 1층,21401,2023-02-03,영업/정상
인천,부평온누리약국,032-506-1101,"인천광역시 부평구 부평대로 90, A동 101호 (부평동)",인천광역시 부평구 부평동 440-5 여산빌딩 A동 101호,21359,2022-04-04,영업/정상
인천,일호약국,032-524-5822,인천광역시 부평구 경원대로1403번길 4(부평동),인천광역시 부평구 부평동 159-8,21395,2022-11-28,영업/정상
인천,부평종로약국,032-514-7038,"인천광역시 부평구 세월천로 46, 1층 (청천동)",인천광역시 부평구 청천동 179-16 1층,21312,2022-01-17,영업/정상
인천,온새미로약국,032-515-5327,"인천광역시 부평구 부평대로 21, 금남빌딩 1층 102호 (부평동)",인천광역시 부평구 부평동 549-5 금남빌딩 1층 102호,21389,2023-10-10,영업/정상
인천,한솔약국,032-547-6901,"인천광역시 부평구 세월천로 67 (산곡동, 명성빌딩)",인천광역시 부평구 산곡동 38-29,21309,2017-05-26,영업/정상
인천,참좋은약국,032-526-7582,"인천광역시 부평구 마장로 383, 정진빌딩 1층 3호 (산곡동)",인천광역시 부평구 산곡동 2-10 정진빌딩 1층 3호,21309,2023-10-26,영업/정상
인천,삼산미소약국,032-502-7576,"인천광역시 부평구 길주로 643, 명윤빌딩 101호 (삼산동)",인천광역시 부평구 삼산동 464-5 명윤빌딩 101호,21344,2022-07-18,영업/정상
인천,신세계약국,032-502-4570,"인천광역시 부평구 경인로1118번길 14-7, 1층 (일신동)",인천광역시 부평구 일신동 107 1층,21419,2022-04-21,영업/정상
인천,부개바른약국,032-523-3370,"인천광역시 부평구 경인로1104번길 18, 1층 (부개동)",인천광역시 부평구 부개동 328-8 1층,21419,2023-03-03,영업/정상
인천,부평도담약국,070-7547-9127,"인천광역시 부평구 경원대로 1246, 동심빌딩 1층 (산곡동)",인천광역시 부평구 산곡동 310-107 동심빌딩 1층,21405,2023-09-19,영업/정상
인천,동암온누리약국,032-438-0607,"인천광역시 부평구 열우물로 90, F동 111호 (십정동, 더샵부평센트럴시티)",인천광역시 부평구 십정동 289-8 더샵부평센트럴시티 F동 111호,21443,2021-12-28,영업/정상
인천,한아름온누리약국,032-524-5800,"인천광역시 부평구 세월천로 16, 상가동 101호 (청천동)",인천광역시 부평구 청천동 176 푸르지오아파트 상가동 101호,21312,2015-05-29,영업/정상
인천,부평해약국,032-501-0730,"인천광역시 부평구 산청로 97, 단지내상가 4동 1층 403,404호 (청천동, e편한세상부평그랑힐스)","인천광역시 부평구 청천동 36-3 e편한세상부평그랑힐스 단지내상가 4동 1층 403, 404호",21303,2024-02-05,영업/정상
인천,미래약국,032-527-8250,인천광역시 부평구 부평대로17번길 2 (부평동),인천광역시 부평구 부평동 549-8,21389,2025-07-17,영업/정상
인천,성심약국,032-508-5679,"인천광역시 부평구 부평문화로130번길 48, 1층 (부평동)",인천광역시 부평구 부평동 509-14 1층,21399,2024-04-22,영업/정상
인천,풍산원약국,032-512-6622,"인천광역시 부평구 마장로 446, 1층 (청천동)",인천광역시 부평구 청천동 11-34 1층,21311,2023-10-24,영업/정상
인천,호호약국,032-330-8858,"인천광역시 부평구 부평대로51번길 7, 제이·원 부평메디피아 1층 101호 (부평동)",인천광역시 부평구 부평동 543-20 제이·원 부평메디피아 1층 101호,21388,2022-06-29,영업/정상
인천,나래약국,032-523-2553,"인천광역시 부평구 부평문화로 43, 1층 (부평동)",인천광역시 부평구 부평동 542-41,21388,2017-11-08,영업/정상
인천,부평건강약국,032-505-1326,"인천광역시 부평구 주부토로 112, 삼진빌딩 1층 (부평동)",인천광역시 부평구 부평동 890-3 삼진빌딩 1층,21355,2023-03-27,영업/정상
인천,나눔약국,032-512-5040,"인천광역시 부평구 길주로 633, 삼산메디캐슬 104~105호 (삼산동)",인천광역시 부평구 삼산동 464-1 삼산메디캐슬 104~105호,21344,2022-11-14,영업/정상
인천,고래약국,020-8703-2720,인천광역시 부평구 마장로324번길 8-19 (산곡동),인천광역시 부평구 산곡동 100-98,21362,2024-10-21,영업/정상
인천,큰길약국,032-505-2770,"인천광역시 부평구 부평대로 37-2, 1층 (부평동)",인천광역시 부평구 부평동 543-34 1층,21388,2023-06-07,영업/정상
인천,나라약국,032-245-0051,"인천광역시 부평구 주부토로 82, 1층 일부호 (부평동)",인천광역시 부평구 부평동 13-38 1층 일부호,21356,2026-09-01,영업/정상
인천,동의그린약국,032-518-3858,인천광역시 부평구 영성로 34 (삼산동),인천광역시 부평구 삼산동 86-7,21321,2020-11-24,영업/정상
인천,청호약국,032-330-0123,"인천광역시 부평구 체육관로 24, 청호빌딩 1층 103호 (삼산동)",인천광역시 부평구 삼산동 462-5 청호빌딩 1층 103호,21344,2021-12-24,영업/정상
인천,희망약국,032-330-7525,"인천광역시 부평구 마장로 296, 3층 (산곡동)",인천광역시 부평구 산곡동 159-52 3층,21362,2024-05-21,영업/정상
인천,손약국,032-528-6582,"인천광역시 부평구 경원대로 1414, 삼미빌딩 1층 (부평동)",인천광역시 부평구 부평동 185-41 삼미빌딩,21404,2018-10-08,영업/정상
인천,수보당약국,032-503-5050,"인천광역시 부평구 부평대로 24, 103호 (부평동, 가나빌딩)",인천광역시 부평구 부평동 199-20 103호,21394,2017-03-07,영업/정상
인천,부평평화약국,032-710-9415,"인천광역시 부평구 시장로 32, 103호 (부평동)",인천광역시 부평구 부평동 152-13 103호,21395,2022-10-11,영업/정상
인천,하하약국,032-433-8575,"인천광역시 부평구 열우물로 51, 동화메디칼 1층 (십정동)",인천광역시 부평구 십정동 403-8 동화메디칼,21452,2024-06-14,영업/정상
인천,다정한약국,032-526-5047,"인천광역시 부평구 수변로 74, 1층 102호 (부개동, 삼성아파트)",인천광역시 부평구 부개동 191-15 삼성아파트 1층 102호,21402,2023-03-21,영업/정상
인천,동암수약국,032-721-6234,"인천광역시 부평구 아트센터로 40, 1층 (십정동)",인천광역시 부평구 십정동 478-4 1층,21437,2023-08-08,영업/정상
인천,아이사랑약국,032-529-4980,"인천광역시 부평구 동수천로 112, 성덕빌딩 1층 (부개동)",인천광역시 부평구 부개동 108-3 성덕빌딩 1층,21398,2024-04-30,영업/정상
인천,새종로약국,032-524-8882,"인천광역시 부평구 부평문화로 87, 106,107,108호 (부평동)","인천광역시 부평구 부평동 210-3 106,107,108호",21393,2024-08-30,영업/정상
인천,다온약국,032-715-8109,"인천광역시 부평구 길주남로 35, 도형빌딩 1층 4호 (부평동)",인천광역시 부평구 부평동 890-4 도형빌딩 1층 4호,21355,2022-06-22,영업/정상
인천,솔미약국,032-511-9772,"인천광역시 부평구 장제로 178, 1층 (부평동)",인천광역시 부평구 부평동 98-91 1층,21352,2021-09-02,영업/정상
인천,동암조은약국,032-426-1555,"인천광역시 부평구 열우물로87번길 16, 1층 (십정동)",인천광역시 부평구 십정동 281-31 1층,21451,2022-12-20,영업/정상
인천,대명약국,032-543-0224,"인천광역시 계양구 효서로 233, 109호 (작전동)",인천광역시 계양구 작전동 865-37,21110,2020-12-31,영업/정상
인천,푸른나무약국,032-545-0041,"인천광역시 계양구 계양대로 202, 1층 (계산동)",인천광역시 계양구 계산동 944-34 1층,21049,2025-08-01,영업/정상
인천,중앙약국,032-546-4111,"인천광역시 계양구 병방로 17, 제일빌딩 (병방동)",인천광역시 계양구 병방동 136-6 제일빌딩,21028,2023-10-10,영업/정상
인천,이조약국,032-547-4999,인천광역시 계양구 안남로 565 (효성동),인천광역시 계양구 효성동 51-2,,2004-06-29,영업/정상
인천,비타민온누리약국,032-545-0102,"인천광역시 계양구 새벌로 112, 마스터즈 115호 (효성동)",인천광역시 계양구 효성동 198-1 마스터즈 115호,21111,2018-04-26,영업/정상
인천,새싹약국,032-555-4925,인천광역시 계양구 양지로 133 (귤현동),인천광역시 계양구 귤현동 501-11,21016,2018-04-16,영업/정상
인천,보배약국,070-4090-3156,"인천광역시 계양구 봉오대로 659, 1층 일부호 (작전동)",인천광역시 계양구 작전동 864-32 1층 일부호,21047,2022-09-28,영업/정상
인천,으뜸약국,032-548-8071,,인천광역시 계양구 효성동 225-2,,2004-03-23,영업/정상
인천,365약국,032-547-0365,"인천광역시 계양구 오조산로 1, 거승프라자 107호 (작전동)",인천광역시 계양구 작전동 911-7 거승프라자 107호,21080,2019-11-20,영업/정상
인천,연세스마트약국,032-721-7231,"인천광역시 계양구 마장로 549, 영진빌딩 1층 106호 (효성동)",인천광역시 계양구 효성동 506-19 영진빌딩,21104,2024-01-04,영업/정상
인천,보약국,032-556-0419,"인천광역시 계양구 주부토로 517, 도우프라자 101호 (계산동)",인천광역시 계양구 계산동 948-5 도우프라자 101호,21050,2021-05-04,영업/정상
인천,도담약국,032-541-5401,"인천광역시 계양구 장제로 910, 101호 (병방동)",인천광역시 계양구 병방동 132-7 101호,21028,2022-06-02,영업/정상
인천,작전메디칼약국,032-551-4500,인천광역시 계양구 계양대로 85 (작전동),인천광역시 계양구 작전동 864-30,21047,2018-05-09,영업/정상
인천,경기프라자약국,032-542-8462,인천광역시 계양구 아나지로417번길 20 (작전동),인천광역시 계양구 작전동 614-5,21126,2017-12-12,영업/정상
인천,인천제일큰약국,032-543-5433,"인천광역시 계양구 장제로 789, 동림빌딩 1층 (계산동)",인천광역시 계양구 계산동 1066-4,21058,2024-05-17,영업/정상
인천,종합메디칼약국,032-511-6435,"인천광역시 계양구 효서로 380, 신현대타운 (작전동)",인천광역시 계양구 작전동 594-7 신현대타운 108호,21126,2023-07-10,영업/정상
인천,계산365약국,032-555-3850,"인천광역시 계양구 계양대로 214, 에이스타운 106호 (계산동)",인천광역시 계양구 계산동 944 에이스타운 106호,21049,2021-07-22,영업/정상
인천,계양역365약국,032-545-2001,"인천광역시 계양구 다남로 24, 계양역 8호 (귤현동)",인천광역시 계양구 귤현동 451-264 계양역 8호,21015,2024-06-26,영업/정상
인천,백세약국,032-543-0575,인천광역시 계양구 장제로 672 (작전동),인천광역시 계양구 작전동 149-1,21127,2017-11-01,영업/정상
인천,신세계온누리약국,032-548-6045,인천광역시 계양구 계산로111번길 8 (계산동),인천광역시 계양구 계산동 966-1,,2004-04-14,영업/정상
인천,나눔온누리약국,032-543-7515,"인천광역시 계양구 동양로 101, 명일프라자 1층 104호 (동양동)",인천광역시 계양구 동양동 580 명일프라자 104호,21012,2024-05-08,영업/정상
인천,하늘약국,032-545-7675,인천광역시 계양구 장제로 907(병방동),인천광역시 계양구 병방동 317-3,21027,2021-07-14,영업/정상
인천,만수무강약국,032-544-3358,"인천광역시 계양구 장제로 676, 오케이병원 1층 102호 (작전동)",인천광역시 계양구 작전동 136 오케이병원 102호,21124,2021-06-24,영업/정상
인천,아름다운 약국,032-546-7870,"인천광역시 계양구 새벌로 126, 104호 (효성동)",인천광역시 계양구 효성동 275 104호,21110,2019-07-22,영업/정상
인천,인천우리약국,032-555-7377,"인천광역시 계양구 봉오대로 613, 로얄빌딩 102호 (효성동)",인천광역시 계양구 효성동 286-2 102호,21096,2024-06-28,영업/정상
인천,판도라계양메디칼약국,032-542-3858,"인천광역시 계양구 오조산로7번길 6-14, 101호 (작전동, 람세스빌2)",인천광역시 계양구 작전동 910-11 101호,21080,2017-06-02,영업/정상
인천,센타약국,032-552-1168,인천광역시 계양구 계산새로 93 (용종동),인천광역시 계양구 용종동 211-4,,2004-03-22,영업/정상
인천,굿모닝약국,032-556-6688,"인천광역시 계양구 장제로 912, 하정빌딩 (병방동)",인천광역시 계양구 병방동 132-1,21028,2021-05-04,영업/정상
인천,청운약국,032-555-8400,인천광역시 계양구 계양대로 96 (작전동),인천광역시 계양구 작전동 863,21091,2004-04-14,영업/정상
인천,행복한온누리약국,032-556-9721,인천광역시 계양구 오조산로 53 (계산동),인천광역시 계양구 계산동 1080-2,,2004-06-29,영업/정상
인천,인천동물약국,070-4045-8275,인천광역시 계양구 계양대로 206 (계산동),인천광역시 계양구 계산동 944-29,21049,2013-02-25,영업/정상
인천,지원메디칼약국,032-554-1577,인천광역시 계양구 장제로 919 (병방동),인천광역시 계양구 병방동 423,21027,2017-06-23,영업/정상
인천,나음약국,032-555-8582,"인천광역시 계양구 오조산공원로 26, 104호 (용종동)",인천광역시 계양구 용종동 209-1 104호,21065,2020-10-05,영업/정상
인천,연세약국,032-562-5620,"인천광역시 서해구 승학로 577, 장은프라자 111호 (검암동)",인천광역시 서해구 검암동 508-1 장은프라자,22704,2025-02-18,영업/정상
인천,루원하늘약국,032-575-7234,"인천광역시 서해구 서곶로 45, 상가동 B068호 (가정동, 루원 린스트라우스 더 린시티)",인천광역시 서해구 가정동 0 루원 린스트라우스 더 린시티,22776,2025-11-07,영업/정상
인천,휴베이스 은약국,032-565-0177,"인천광역시 서해구 심곡로100번길 30, 해성빌딩 1층 (심곡동)",인천광역시 서해구 심곡동 205-13 해성빌딩,22711,2025-11-14,영업/정상
인천,굿모닝온누리약국,032-579-7571,"인천광역시 서해구 가정로 364-1, 창대빌딩 1층 (가정동)",인천광역시 서해구 가정동 516 창대빌딩,22783,2026-01-29,영업/정상
인천,녹십자약국,032-566-8600,"인천광역시 서해구 서곶로 293, 1층 (심곡동)",인천광역시 서해구 심곡동 248,22727,2026-03-17,영업/정상
인천,루원진약국,032-569-4880,"인천광역시 서해구 염곡로464번길 15, 쓰리엠타워 106호 (가정동)",인천광역시 서해구 가정동 619-7,22883,2022-01-24,영업/정상
인천,차약국,032-719-4379,"인천광역시 서해구 가정로 369, 서경 플러스 존 1층 (신현동)",인천광역시 서해구 신현동 272-1 서경 플러스 존,22778,2022-03-07,영업/정상
인천,가좌마트약국,032-571-6555,"인천광역시 서해구 가정로151번길 11, 홈플러스 가좌점 2층 (가좌동)",인천광역시 서해구 가좌동 118 홈플러스 가좌점,22832,2022-06-22,영업/정상
인천,SK성모약국,032-577-4251,"인천광역시 서해구 가정로 437, 301동 B117호 (가정동, 루원시티 SK Leaders' VIEW)",인천광역시 서해구 가정동 0 루원시티 SK Leaders' VIEW,22775,2022-07-04,영업/정상
인천,청라바른약국,032-566-8277,"인천광역시 서해구 청라한내로161번길 3-5, 102호 (청라동)",인천광역시 서해구 청라동 57-2,22752,2022-09-01,영업/정상
인천,보람약국,032-577-3733,"인천광역시 서해구 원적로 120, 인성프라자 103호 (가좌동)",인천광역시 서해구 가좌동 75-1 인성프라자,22807,2022-09-01,영업/정상
인천,성누가약국,032-565-5250,"인천광역시 서해구 탁옥로 55, SM스카이빌 (심곡동)",인천광역시 서해구 심곡동 247-10 SM스카이빌,22726,2023-02-22,영업/정상
인천,맑은약국,032-581-0580,인천광역시 서해구 명가골로 37 (석남동),인천광역시 서해구 석남동 456-1,22784,2023-06-01,영업/정상
인천,성심메디팜약국,032-575-5556,"인천광역시 서해구 원적로 100, 가좌로얄프라자 (가좌동)",인천광역시 서해구 가좌동 30-49 가좌로얄프라자,22810,2024-10-10,영업/정상
인천,메디팜약수약국,032-574-6815,인천광역시 서해구 서달로123번길 3 (석남동),인천광역시 서해구 석남동 488,22802,2024-02-26,영업/정상
인천,탄탄약국,02-6318-6949,"인천광역시 서해구 가정로308번길 2, 101호 (석남동)",인천광역시 서해구 석남동 457-12,22784,2024-09-09,영업/정상
인천,마음편한동물약국,032-561-0524,"인천광역시 서해구 청라루비로 95 (경서동, 경연프라자)",인천광역시 서해구 경서동 950-10,22760,2016-04-18,영업/정상
인천,연희연세약국,032-566-9380,인천광역시 서해구 서곶로369번길 24 (연희동),인천광역시 서해구 연희동 682-17,22720,2016-06-07,영업/정상
인천,청라 유명 약국,032-563-0605,"인천광역시 서해구 청라라임로 65 (연희동, 라임타워)",인천광역시 서해구 연희동 799-9,22736,2016-07-20,영업/정상
인천,성민대학약국,032-571-2812,인천광역시 서해구 길주로75번길 35 (석남동),인천광역시 서해구 석남동 523-3,22789,2016-11-08,영업/정상
인천,우리약국,032-579-8150,인천광역시 서해구 서달로 159 (석남동),인천광역시 서해구 석남동 470-10,22800,2017-01-05,영업/정상
인천,도담약국,032-564-4333,"인천광역시 서해구 청라루비로 93, 105호 (경서동, 루비타워)",인천광역시 서해구 경서동 950-9 105호,22760,2017-04-03,영업/정상
인천,청라비젼약국,032-569-1057,"인천광역시 서해구 중봉대로 594 (연희동, 청라비전프라자)",인천광역시 서해구 연희동 799-15,22736,2017-04-27,영업/정상
인천,경서메디칼약국,032-562-4001,"인천광역시 서해구 도요지로 22, 103호 (경서동, 대영프라자)",인천광역시 서해구 경서동,22692,2017-06-07,영업/정상
인천,블루팜약국,032-263-5116,"인천광역시 서해구 중봉대로 610, 105호 (청라동)",인천광역시 서해구 청라동 162-2,22736,2020-01-20,영업/정상
인천,새솔약국,032-582-3969,"인천광역시 서해구 가정로 280, 102호 (석남동)",인천광역시 서해구 석남동 509,22790,2020-10-26,영업/정상
인천,청라늘푸른약국,032-563-1257,"인천광역시 서해구 청라라임로 100, 103호 (청라동)",인천광역시 서해구 청라동 127-3,22735,2021-03-08,영업/정상
인천,3층 조은약국,032-567-5080,"인천광역시 서해구 청라한내로72번길 23, 312호 (청라동)",인천광역시 서해구 청라동 97-4,22758,2021-04-22,영업/정상
인천,이야기약국,032-563-8875,"인천광역시 서해구 청라커낼로 252, A동 145호 (청라동, 청라 롯데캐슬)",인천광역시 서해구 청라동 159-1 청라 롯데캐슬 A동 145호,22762,2021-06-24,영업/정상
인천,을지약국,032-576-1119,"인천광역시 서해구 장고개로 279, 101호 (가좌동)",인천광역시 서해구 가좌동 246-2 101호,,2006-05-22,영업/정상
인천,늘건강온누리 약국,032-569-2306,인천광역시 서해구 승학로 491 (검암동),인천광역시 서해구 검암동 599-5,,2013-08-29,영업/정상
인천,정든약국,032-581-9916,"인천광역시 서해구 가정로 124 (가정동, 정든약국)",인천광역시 서해구 가정동,22775,2017-07-04,영업/정상
인천,가정온누리약국,032-566-7809,"인천광역시 서해구 청중로 486 (가정동, 부일프라자)",인천광역시 서해구 가정동,22858,2017-09-28,영업/정상
인천,동안약국,070-7768-6776,"인천광역시 서해구 승학로 567, 제일빌딩 101호 (검암동)",인천광역시 서해구 검암동 507-8 제일빌딩,22704,2018-04-19,영업/정상
인천,행복온누리약국,032-567-0523,"인천광역시 서해구 솔빛로 24, 101, 102호 (청라동)",인천광역시 서해구 청라동 104-8,22766,2018-10-19,영업/정상
인천,서광약국,032-572-6635,"인천광역시 서해구 원적로 100, 가좌로얄프라자 (가좌동)",인천광역시 서해구 가좌동 30-49 가좌로얄프라자,22810,2019-04-02,영업/정상
인천,티아모라이프메디 까사약국,070-4324-2664,"인천광역시 서해구 청라커낼로288번길 36, 청라 더리브 티아모 까사 122-130호 (청라동)",인천광역시 서해구 청라동 157-11 청라 더리브 티아모 까사,22762,2026-07-28,영업/정상
인천,마트약국,070-4120-1403,"인천광역시 서해구 청라커낼로 252, A동 140호 (경서동, 롯데캐슬)",인천광역시 서해구 경서동 958-1 롯데캐슬,22762,2014-03-18,영업/정상
인천,옥신 옥누리 약국,032-577-8963,인천광역시 서해구 고래울로 29 (가좌동),인천광역시 서해구 가좌동 353-3,22813,2014-05-21,영업/정상
인천,경서약국,032-562-4001,인천광역시 서해구 경서로69번길 12 (경서동),인천광역시 서해구 경서동 728-2,22692,2015-04-01,영업/정상
인천,천사동물약국,032-579-8735,인천광역시 서해구 가정로 363 (신현동),인천광역시 서해구 신현동 283-1,22782,2015-04-23,영업/정상
인천,용한약국,032-561-0501,인천광역시 서해구 옥빛로 4 (경서동),인천광역시 서해구 경서동 976-55,22765,2015-05-27,영업/정상
인천,복지온누리약국,032-568-5538,인천광역시 서해구 탁옥로 37 (심곡동),인천광역시 서해구 심곡동 246,22726,2015-06-19,영업/정상
인천,베리굿약국,070-8884-8776,인천광역시 서해구 율도로 89 (신현동),인천광역시 서해구 신현동 294-3,22782,2015-07-06,영업/정상
인천,한결약국,032-584-0457,인천광역시 서해구 고래울로 4 (가좌동),인천광역시 서해구 가좌동 310-10,22821,2015-07-10,영업/정상
인천,한사랑약국,032-568-5711,인천광역시 서해구 서곶로 281 (심곡동),인천광역시 서해구 심곡동 248-4,22727,2015-07-10,영업/정상
인천,열린 약국,032-579-4242,인천광역시 서해구 가정로 364 (가정동),인천광역시 서해구 가정동 516-8,22783,2015-07-10,영업/정상
인천,불로스타약국,032-566-2624,"인천광역시 검단구 검단로 759, 스타빌딩 1층 103호 (불로동)",인천광역시 검단구 불로동 774-9,22620,2021-10-20,영업/정상
인천,검단아라태평양약국,032-561-7766,"인천광역시 검단구 이음대로 378, 로뎀타워 109,110,111호 (원당동)",인천광역시 검단구 원당동 0 로뎀타워,22866,2022-03-30,영업/정상
인천,검단참사랑약국,032-563-1407,"인천광역시 검단구 이음대로 388, ABM타워 112~113호 (원당동)",인천광역시 검단구 원당동 1041-3 ABM타워,22866,2024-01-05,영업/정상
인천,검단센트럴약국,070-4848-4866,"인천광역시 검단구 이음3로 149, 위너스 프라자 104호 (당하동)",인천광역시 검단구 당하동 1246-8 위너스 프라자,22869,2026-03-09,영업/정상
인천,코끼리온누리동물약국,032-223-1933,"인천광역시 검단구 고산후로 285, 현해타워2 B06동 07호 (불로동)",인천광역시 검단구 불로동 999-7 현해타워2,22888,2026-04-22,영업/정상
인천,검단탑열린약국,032-566-0182,인천광역시 검단구 청마로 17 (당하동),인천광역시 검단구 당하동 1079-9,22675,2014-10-20,영업/정상
인천,서울약국,032-564-0030,인천광역시 검단구 검단로 836 (불로동),인천광역시 검단구 불로동 308,22628,2014-10-31,영업/정상
인천,함께약국,032-567-3828,인천광역시 검단구 서곶로 823 (당하동),인천광역시 검단구 당하동 1082-9,22675,2015-06-19,영업/정상
인천,검단튼튼약국,032-569-7535,인천광역시 검단구 청마로19번길 20 (당하동),인천광역시 검단구 당하동 1082-2,22675,2016-04-04,영업/정상
인천,당하메디칼약국,032-566-0771,"인천광역시 검단구 청마로 163 (당하동, 당하메디칼센타)",인천광역시 검단구 당하동 1097-12,22677,2016-04-04,영업/정상
인천,검단프라자약국,032-565-1654,,인천광역시 검단구 마전동 697-6,,2004-04-08,영업/정상
인천,참사랑약국,032-563-8810,인천광역시 검단구 검단로 836 (불로동),"인천광역시 검단구 불로동 308 중앙상가동 212호, 213호",22628,2014-07-03,영업/정상
인천,마전동물약국,032-438-8866,인천광역시 검단구 마전로5번길 22-1(마전동),인천광역시 검단구 마전동 1125-18,22602,2022-07-25,영업/정상
인천,인천아라약국,032-565-1513,"인천광역시 검단구 서로3로 104, 신화디벨로퍼 102호 (당하동)",인천광역시 검단구 당하동 1246-6 신화디벨로퍼,22869,2023-10-06,영업/정상
인천,검단보령약국,032-565-0022,"인천광역시 검단구 원당대로 1039, 태경타워 105,106호 (원당동)",인천광역시 검단구 원당동 1035-3 태경타워,22865,2023-11-01,영업/정상
인천,즐거운 약국,032-574-1651,"인천광역시 검단구 원당대로 581 (마전동, 롯데마트)",인천광역시 검단구 마전동 1031-1,22637,2016-10-10,영업/정상
인천,열린온누리약국,070-8828-9179,인천광역시 검단구 단봉로 97-7 (오류동),인천광역시 검단구 오류동 0,22657,2016-11-08,영업/정상
인천,보성메디컬약국,032-567-0167,"인천광역시 검단구 완정로 179, 102,103호 (왕길동, 제이원검단메디컬프라자)",인천광역시 검단구 왕길동,22616,2017-09-27,영업/정상
인천,원당연세약국,032-569-2773,"인천광역시 검단구 원당대로 866 (당하동, 세브란스빌딩)",인천광역시 검단구 당하동 1028-13 세브란스빌딩,22682,2018-05-08,영업/정상
인천,메디팜우리들약국,032-561-0978,"인천광역시 검단구 완정로 187, 마전메디칼센타 101호 (왕길동)",인천광역시 검단구 왕길동 638-1 마전메디칼센타,22616,2018-08-27,영업/정상
인천,새봄약국,032-934-1514,"인천광역시 강화군 강화읍 동문안길 9-1, 청원빌딩 105호",인천광역시 강화군 강화읍 관청리 488-2 청원빌딩 105호,23031,2024-03-04,영업/정상
인천,하하약국,032-932-7090,"인천광역시 강화군 강화읍 강화대로 395, 준프라자 빌딩 1층 104호",인천광역시 강화군 강화읍 신문리 685-3 준프라자 빌딩,23035,2022-01-14,영업/정상
인천,부흥생명약국,032-932-5918,인천광역시 강화군 내가면 강화서로 223,인천광역시 강화군 내가면 고천리 914-5,23018,2023-04-19,영업/정상
인천,평생약국,032-933-6511,인천광역시 강화군 강화읍 강화대로 440,인천광역시 강화군 강화읍 관청리 543-8 서울철물소산설비,23032,2024-04-09,영업/정상
인천,서울약국,032-933-2280,인천광역시 강화군 강화읍 강화대로404번길 4,인천광역시 강화군 강화읍 관청리 175-6,23031,2023-06-13,영업/정상
인천,강화종로약국,031-932-0497,인천광역시 강화군 강화읍 강화대로 387,,23035,2013-07-12,영업/정상
경기,광교약국,031-244-4124,"경기도 수원시 장안구 연무로 42-1, 광교약국 1층 (연무동)",경기도 수원시 장안구 연무동 230-32 광교약국,16216,2026-06-19,영업/정상
경기,스마트약국,031-294-0119,"경기도 수원시 권선구 금곡로 100, 107호 (금곡동)",경기도 수원시 권선구 금곡동 1082 107호,16385,2026-06-09,영업/정상
경기,메디팜다솜약국,031-206-2020,"경기도 수원시 영통구 봉영로 1767, 한솔프라자 107호 (영통동)",경기도 수원시 영통구 영통동 945-4 한솔프라자 107호,16712,2026-06-04,영업/정상
경기,한림약국,031-203-1441,경기도 수원시 영통구 봉영로1770번길 21 (영통동),경기도 수원시 영통구 영통동 1054-3 한국신명상가 122호,16713,2004-04-23,영업/정상
경기,레몬약국,031-246-7575,"경기도 수원시 팔달구 덕영대로 905, 아이메카 상가 지하1층 B10-1호 (매산로1가)",경기도 수원시 팔달구 매산로1가 11-12 아이메카 상가 B10-1호,16455,2026-02-25,영업/정상
경기,하늘온누리약국,031-222-0652,"경기도 수원시 권선구 곡반정로 160, 라퍼스트 3층 309호 (곡반정동)",경기도 수원시 권선구 곡반정동 653 라퍼스트 309호,16668,2024-05-30,영업/정상
경기,밝은온누리약국,031-212-3424,"경기도 수원시 영통구 광교중앙로248번길 7-2, 원희캐슬 광교 A동 1층 114호 (하동)",경기도 수원시 영통구 하동 989 원희캐슬 광교 A동 114호,16512,2025-01-20,영업/정상
경기,팔선약국,031-901-3549,"경기도 수원시 팔달구 고매로 1, 106호 (고등동, 엘리시아)",경기도 수원시 팔달구 고등동 116 엘리시아 106호,16454,2024-03-29,영업/정상
경기,한마음약국,031-217-7591,경기도 수원시 팔달구 팔달문로 156-1 (우만동),경기도 수원시 팔달구 우만동 552,,2009-08-25,영업/정상
경기,플래티넘약국,031-298-4533,"경기도 수원시 권선구 삼천병마로1566번길 11, 103,104호 (오목천동)",경기도 수원시 권선구 오목천동 0,16636,2023-04-04,영업/정상
경기,빈센트약국,031-231-9221,경기도 수원시 팔달구 중부대로 128 (인계동),경기도 수원시 팔달구 인계동 952-1,16471,2015-07-23,영업/정상
경기,동문솔약국,031-608-0524,"경기도 수원시 영통구 광교중앙로 55, 지하2층 106호 (원천동)",경기도 수원시 영통구 원천동 556,16500,2018-06-21,영업/정상
경기,드림약국,070-4124-9569,"경기도 수원시 영통구 광교중앙로 254, 303호 (하동, 드림타워3)",경기도 수원시 영통구 하동 983-1,16512,2017-07-12,영업/정상
경기,중앙약국,031-255-6416,경기도 수원시 팔달구 정조로 782-1 (팔달로2가),경기도 수원시 팔달구 팔달로2가 67-3,16257,2025-11-26,영업/정상
경기,오렌지약국,031-268-9004,"경기도 수원시 장안구 송원로 81, 메가플러스2차 405호 (조원동)",경기도 수원시 장안구 조원동 898-1 메가플러스2차 405호,16295,2025-11-21,영업/정상
경기,봄빛약국,031-309-9478,"경기도 수원시 권선구 금곡로102번길 48, 1층 104호 (금곡동)",경기도 수원시 권선구 금곡동 1083-2 104호,16385,2016-07-18,영업/정상
경기,역전약국,031-245-3521,"경기도 수원시 팔달구 덕영대로 899, 세진브론즈빌 2층 211호 (매산로1가)",경기도 수원시 팔달구 매산로1가 11-9 세진브론즈빌 2층 211호,16455,2021-07-07,영업/정상
경기,우리약국,070-7817-1545,경기도 수원시 팔달구 장다리로 282-7 (인계동),경기도 수원시 팔달구 인계동 958-3,16481,2025-07-23,영업/정상
경기,광교조은약국,031-216-8722,"경기도 수원시 영통구 센트럴타운로 98, 106호 (이의동, 경현빌딩)",경기도 수원시 영통구 이의동 1325-4,16505,2016-12-09,영업/정상
경기,새우주약국,031-243-2821,"경기도 수원시 장안구 수성로261번길 6, 1층 (정자동, 연세소아과의원)",경기도 수원시 장안구 정자동 76-1,16314,2017-10-17,영업/정상
경기,호수약국,031-212-7579,"경기도 수원시 영통구 도청로17번길 10, 104호 (이의동, 성희프라자)",경기도 수원시 영통구 이의동 1340 성희프라자 104호,16509,2015-09-25,영업/정상
경기,사랑방약국,031-244-5966,"경기도 수원시 장안구 장안로 76, 일봉빌딩 1층 102호 (정자동)",경기도 수원시 장안구 정자동 79-1 일봉빌딩,16313,2024-12-06,영업/정상
경기,황골온누리약국,031-202-7106,"경기도 수원시 영통구 영통로 509, 103호 (영통동)",경기도 수원시 영통구 영통동 954-4 103호,16706,2026-07-24,영업/정상
경기,온누리미소약국,031-243-1123,"경기도 수원시 팔달구 덕영대로 905, 아이메카 상가 102호 (매산로1가)",경기도 수원시 팔달구 매산로1가 11-12 아이메카 상가 102호,16455,2024-05-22,영업/정상
경기,플러스약국,031-295-5549,"경기도 수원시 장안구 서부로2105번길 29 (율전동, 우정상가)",경기도 수원시 장안구 율전동 408-16,16362,2017-01-04,영업/정상
경기,메디칼수약국,031-852-7566,"경기도 수원시 영통구 반달로 105, 101호 (영통동)",경기도 수원시 영통구 영통동 1011-3,16705,2017-02-16,영업/정상
경기,미래온누리약국,031-235-4622,"경기도 수원시 권선구 세류로34번길 6, 1층 (세류동)",경기도 수원시 권선구 세류동 339-1,16593,2025-07-11,영업/정상
경기,바로나약국,02-983-5437,"경기도 수원시 팔달구 권광로 173, 남경빌딩 1층 (인계동)",경기도 수원시 팔달구 인계동 1046-1 남경빌딩,16490,2021-05-17,영업/정상
경기,남수원큰사랑약국,031-239-9783,경기도 수원시 권선구 덕영대로1201번길 8 (권선동),경기도 수원시 권선구 권선동 1193,16584,2021-06-15,영업/정상
경기,앤약국,031-222-0740,경기도 수원시 팔달구 권광로 195 (인계동),경기도 수원시 팔달구 인계동 1038-4 1층,16489,2010-11-23,영업/정상
경기,옵티마연세약국,031-223-1688,"경기도 수원시 팔달구 권광로 163 (인계동, 보성빌딩)",경기도 수원시 팔달구 인계동 1046-18,16490,2017-01-16,영업/정상
경기,한길약국,031-211-7714,"경기도 수원시 영통구 동수원로 432 (매탄동, 동남아파트)",경기도 수원시 영통구 매탄동 810-2,16537,2017-02-02,영업/정상
경기,센타약국,031-296-0064,"경기도 수원시 권선구 삼천병마로1598번길 32, 108,109호호 (오목천동)",,16635,2015-03-31,영업/정상
경기,플러스약국,031-898-8172,경기도 수원시 권선구 권광로139번길 11 (권선동),,16571,2015-03-09,영업/정상
경기,큰사랑약국,031-243-7577,"경기도 수원시 장안구 수성로245번길 66-4, 1층 (정자동)",경기도 수원시 장안구 정자동 43-22,16317,2024-05-16,영업/정상
경기,인화약국,031-222-7979,"경기도 수원시 권선구 권광로 77 (권선동, 중앙교회비전센터)",경기도 수원시 권선구 권선동 1042-9,16568,2016-10-26,영업/정상
경기,새한아름약국,031-294-4999,"경기도 수원시 권선구 탑동로 9, 1층 (탑동)",경기도 수원시 권선구 탑동 841-3,16606,2021-02-04,영업/정상
경기,호매실하늘약국,031-291-0563,"경기도 수원시 권선구 금호로 60, 1층 3호 (호매실동)",,16395,2013-08-14,영업/정상
경기,행복나눔약국,031-294-0052,경기도 수원시 권선구 삼천병마로 1581 (오목천동),경기도 수원시 권선구 오목천동 472-16,16634,2016-10-18,영업/정상
경기,자영 약국,031-246-5194,"경기도 수원시 장안구 경수대로973번길 13-4, 자영약국 (송죽동)",경기도 수원시 장안구 송죽동 496 자영약국,16304,2020-02-26,영업/정상
경기,바른약국,031-457-7518,"경기도 수원시 권선구 탑동로3번길 13, 102호 (탑동)",경기도 수원시 권선구 탑동 835-4,16606,2021-05-24,영업/정상
경기,서호온누리약국,031-203-2324,"경기도 수원시 영통구 영통로 195, 골든스퀘어 1층 (망포동)",경기도 수원시 영통구 망포동 322-3 골든스퀘어,16689,2021-06-22,영업/정상
경기,메디팜하늘약국,031-296-6975,경기도 수원시 권선구 호매실로104번길 24-61 (호매실동),경기도 수원시 권선구 호매실동 1132-6,16630,2015-02-02,영업/정상
경기,웰빙약국,031-213-5682,"경기도 수원시 영통구 대학로 109, 107호 (이의동, 골드클래스프라자)",,16224,2015-03-31,영업/정상
경기,하나약국,031-296-0965,"경기도 수원시 장안구 서부로2197번길 47-1, 105호 (율전동)",경기도 수원시 장안구 율전동 102-2 105호,16357,2018-08-31,영업/정상
경기,달빛온누리약국,031-214-9530,"경기도 수원시 팔달구 아주로 3, 대학빌딩 105호 (우만동)",경기도 수원시 팔달구 우만동 81-2 대학빌딩 105호,16498,2024-03-19,영업/정상
경기,사랑약국,031-256-1324,"경기도 수원시 팔달구 갓매산로 51, 105호 (매산로2가, 에스알프라자23차)",경기도 수원시 팔달구 매산로2가 27,16455,2015-10-29,영업/정상
경기,여리약국,031-225-7320,"경기도 수원시 영통구 삼성로 210, 1층 105호 (매탄동)",경기도 수원시 영통구 매탄동 383-8 105호,16676,2024-03-18,영업/정상
경기,그린약국,031-241-7574,"경기도 수원시 장안구 수성로258번길 3, 메가플러스 (영화동)",경기도 수원시 장안구 영화동 398-1 메가플러스 105호,16274,2021-03-03,영업/정상
경기,1·2·3약국,031-211-3955,"경기도 수원시 영통구 월드컵로 153, 1,2층 (원천동)",경기도 수원시 영통구 원천동 65-2,16501,2021-01-11,영업/정상
경기,태평약국,031-206-6172,"경기도 수원시 팔달구 정조로 784-1, 1층 (팔달로2가)",경기도 수원시 팔달구 팔달로2가 73-1,16257,2024-06-14,영업/정상
경기,종합약국,031-245-6213,"경기도 수원시 장안구 파장로82번길 16 (파장동, 동영빌딩)",경기도 수원시 장안구 파장동 580,16349,2016-03-07,영업/정상
경기,온누리새소망약국,031-217-6571,"경기도 수원시 영통구 효원로 381, 새롬프라자16차 1층 103호 (매탄동)",경기도 수원시 영통구 매탄동 1267-1 새롬프라자16차 103호,16545,2023-10-23,영업/정상
경기,청하약국,031-204-3363,"경기도 수원시 영통구 태장로 33, 어반스퀘어 112,113호 (망포동)","경기도 수원시 영통구 망포동 233-8 어반스퀘어 112,113호",16685,2026-08-11,영업/정상
경기,매산온누리약국,031-267-1020,"경기도 수원시 팔달구 매산로 102, 매산타워 101호 (교동)",경기도 수원시 팔달구 교동 149-2 101호,16464,2023-10-17,영업/정상
경기,정다운약국,031-212-6655,경기도 수원시 영통구 중부대로 250-1 (매탄동),경기도 수원시 영통구 매탄동 153-31,16531,2025-01-10,영업/정상
경기,호매실역약국,031-278-7545,"경기도 수원시 권선구 금곡로 205, 해피라움 111호 (금곡동)",경기도 수원시 권선구 금곡동 1113-4 해피라움,16391,2019-04-10,영업/정상
경기,자연약국,031-236-0074,"경기도 수원시 권선구 덕영대로1201번길 34, 1층 (권선동)",경기도 수원시 권선구 권선동 1191-1,16584,2020-11-09,영업/정상
경기,풀내음약국,031-258-0919,"경기도 수원시 장안구 경수대로 940, 1층 103호 (조원동, 일호골든타워)",경기도 수원시 장안구 조원동 894 103호,16295,2016-06-09,영업/정상
경기,광교약국,02-583-8215,"경기도 수원시 영통구 광교호수공원로 277, B2층 28,29호 (원천동, 중흥 S-클래스)",경기도 수원시 영통구 원천동 589 중흥 S-클래스,16517,2019-09-24,영업/정상
경기,신통약국,031-257-3106,경기도 수원시 팔달구 정조로 874 (북수동),경기도 수원시 팔달구 북수동 166,16253,2017-07-04,영업/정상
경기,건강온누리약국,031-294-7998,"경기도 수원시 권선구 금곡로196번길 76, 서울JS프라자 1층 1~2호 (금곡동)",경기도 수원시 권선구 금곡동 1125 서울JS프라자,16393,2020-12-11,영업/정상
경기,씨티팜대학약국,031-211-4722,"경기도 수원시 영통구 중부대로 259, 1층 106호 (원천동)",경기도 수원시 영통구 원천동 79-10,16503,2018-03-21,영업/정상
경기,메디팜열린약국,031-233-4457,"경기도 수원시 팔달구 권광로 146, 벽산그랜드코아 108호 (인계동)",경기도 수원시 팔달구 인계동 1125-2 벽산그랜드코아 108호,16491,2013-07-18,영업/정상
경기,행복플러스약국,031-292-1924,"경기도 수원시 권선구 금곡로 236, 홈플러스 1층 (금곡동)",경기도 수원시 권선구 금곡동 1116 홈플러스,16393,2018-10-04,영업/정상
경기,민준약국,031-246-1288,"경기도 수원시 팔달구 팔달문로163번길 49, 1층 (우만동)",경기도 수원시 팔달구 우만동 514-5 1층,16237,2023-10-25,영업/정상
경기,대장푸른약국,031-717-0650,"경기도 성남시 분당구 판교대장로 84, 105호 (대장동)",경기도 성남시 분당구 대장동 202-12 105호,13544,2022-05-31,영업/정상
경기,유자약국,031-748-0221,"경기도 성남시 수정구 공원로 322, 2층 225호 (신흥동, 신동아파라디움)",경기도 성남시 수정구 신흥동 2465-7 신동아파라디움 225호,13272,2013-07-24,영업/정상
경기,중원종로약국,031-752-7843,경기도 성남시 중원구 둔촌대로 163 (성남동),경기도 성남시 중원구 성남동 3790,13372,2013-08-01,영업/정상
경기,새모란21세기약국,031-758-1940,"경기도 성남시 중원구 성남대로1148번길 2, 소평빌딩 1층 101,102,103호 (성남동)",경기도 성남시 중원구 성남동 3492 소평빌딩,13365,2019-09-24,영업/정상
경기,휴베이스봄약국,031-711-0995,"경기도 성남시 분당구 내정로 172, 상지상가빌딩 1층 102호 (수내동)",경기도 성남시 분당구 수내동 58-2 상지상가빌딩,13599,2020-12-30,영업/정상
경기,천사온누리약국,070-4203-7234,"경기도 성남시 수정구 위례동로 141, 106호 (창곡동, 우성메디피아)",경기도 성남시 수정구 창곡동 513-3,13642,2017-06-20,영업/정상
경기,가가가나안 백제약국,031-701-3005,경기도 성남시 분당구 서현로180번길 19 (서현동),경기도 성남시 분당구 서현동 256,13590,2013-08-26,영업/정상
경기,분당새봄약국,031-701-3007,"경기도 성남시 분당구 중앙공원로40번길 4, 202-2호 (서현동)",경기도 성남시 분당구 서현동 93 202-2호,13589,2013-11-04,영업/정상
경기,분당햇살약국,031-707-0365,"경기도 성남시 분당구 성남대로 912, 분당BYC빌딩 (야탑동)",경기도 성남시 분당구 야탑동 367-1 분당BYC빌딩,13506,2020-09-24,영업/정상
경기,십자약국,031-716-9006,경기도 성남시 분당구 느티로87번길 13 (정자동),경기도 성남시 분당구 정자동 59-7,13610,2014-02-19,영업/정상
경기,조약국,031-745-3311,경기도 성남시 중원구 은이로 24 (은행동),경기도 성남시 중원구 은행동 1433-2,13156,2020-01-08,영업/정상
경기,새금빛약국,031-747-7633,"경기도 성남시 중원구 광명로 332, 만년빌딩 1층 (금광동)",경기도 성남시 중원구 금광동 1354 만년빌딩 1층,13182,2022-07-22,영업/정상
경기,새금빛약국,031-747-7633,"경기도 성남시 중원구 광명로 332, 만년빌딩 1층 (금광동)",경기도 성남시 중원구 금광동 1354 만년빌딩,13182,2025-05-30,영업/정상
경기,전승완약국,031-734-6041,"경기도 성남시 중원구 광명로 372, 1층 (금광동)",경기도 성남시 중원구 금광동 1798,13182,2013-08-26,영업/정상
경기,신신약국,031-743-3748,경기도 성남시 중원구 산성대로 496 (은행동),경기도 성남시 중원구 은행동 1634,13157,2013-08-29,영업/정상
경기,열린온누리약국,031-756-3600,"경기도 성남시 수정구 수정로 174, 1층 (신흥동, 효산빌딩)",경기도 성남시 수정구 신흥동 5521,13338,2017-06-26,영업/정상
경기,마이팜약국,031-742-7202,"경기도 성남시 중원구 산성대로476번길 6-1, 1층 (금광동)",경기도 성남시 중원구 금광동 4846,13161,2021-04-21,영업/정상
경기,성남온누리약국,031-721-1547,"경기도 성남시 수정구 수정로 115, 만홍빌딩 102호 (태평동)",경기도 성남시 수정구 태평동 3679-1 만홍빌딩,13305,2020-02-19,영업/정상
경기,웰츠약국,070-4256-8810,"경기도 성남시 분당구 분당내곡로 159, A동 115호 (삼평동)",경기도 성남시 분당구 삼평동 658,13524,2020-04-10,영업/정상
경기,중앙시장약국,031-722-5332,"경기도 성남시 수정구 수정로 108, 1층 (수진동)",경기도 성남시 수정구 수진동 54 1층,13327,2022-04-07,영업/정상
경기,우리약국,031-753-9421,경기도 성남시 수정구 수정로 161 (태평동),경기도 성남시 수정구 태평동 3425-2,13292,2004-06-21,영업/정상
경기,삼보당약국,031-701-4927,"경기도 성남시 분당구 분당로263번길 24, 101호 (분당동, 건영아파트11차 종합상가)",경기도 성남시 분당구 분당동 66 건영아파트11차종합상가 101호,13583,2013-08-29,영업/정상
경기,버즈약국,031-717-5675,"경기도 성남시 분당구 궁내로40번길 39, 104호 (궁내동)",경기도 성남시 분당구 궁내동 251 104호,13550,2022-03-16,영업/정상
경기,판교이화자연약국,8016-8285,경기도 성남시 분당구 판교역로192번길 16 (삼평동),경기도 성남시 분당구 삼평동 662,13524,2015-01-07,영업/정상
경기,삼부약국,031-722-4573,경기도 성남시 수정구 성남대로1221번길 11 (수진동),경기도 성남시 수정구 수진동 4567-10,13313,2013-08-28,영업/정상
경기,야탑스마일약국,031-622-0101,"경기도 성남시 분당구 야탑로81번길 10, 분당아미고타워 305-1호 (야탑동)",경기도 성남시 분당구 야탑동 358-3 분당아미고타워 305-1호,13497,2023-02-09,영업/정상
경기,메디컬중앙약국,031-752-1531,경기도 성남시 중원구 광명로 17 (성남동),경기도 성남시 중원구 성남동 3187,13355,2013-08-26,영업/정상
경기,셀메드 드림약국,031-719-1069,"경기도 성남시 분당구 돌마로356번길 3, 그랜드빌딩 4층 (수내동)",경기도 성남시 분당구 수내동 79-1 그랜드빌딩 4동,13600,2021-05-20,영업/정상
경기,분당수약국,031-719-6600,"경기도 성남시 분당구 정자로 13, 108호 (정자동, 월드비터)",경기도 성남시 분당구 정자동 155-2 월드비터 108호,13558,2013-08-28,영업/정상
경기,럭스온누리약국,8016-1303,"경기도 성남시 분당구 대왕판교로606번길 39, 105호 (삼평동, 럭스타워)",경기도 성남시 분당구 삼평동 651-105,13524,2016-10-21,영업/정상
경기,성남다사랑약국,031-752-7900,"경기도 성남시 수정구 수정로171번길 7-1, 우일프라자 1층 (태평동)",경기도 성남시 수정구 태평동 3406 우일프라자,13292,2020-01-03,영업/정상
경기,새분당서울약국,031-714-7975,"경기도 성남시 분당구 돌마로 75, 106호 (금곡동, 미금프라자)",경기도 성남시 분당구 금곡동 154 미금프라자 106호,13618,2013-08-26,영업/정상
경기,중앙약국,031-733-8579,경기도 성남시 중원구 산성대로472번길 8-1 (금광동),경기도 성남시 중원구 금광동 4835,13161,2013-08-27,영업/정상
경기,웰빙약국,031-717-8778,"경기도 성남시 분당구 백현로 97, 1층 108호 (수내동, 다운타운)",경기도 성남시 분당구 수내동 22-3 다운타운1층 108호,13595,2013-08-26,영업/정상
경기,사랑메디칼약국,031-701-2592,"경기도 성남시 분당구 장미로 198 (야탑동, 아델파크빌 B106-1, 2)",경기도 성남시 분당구 야탑동 219-1,13503,2013-07-18,영업/정상
경기,판교기린약국,070-4232-6326,"경기도 성남시 분당구 운중로 242, 107호 (판교동)",경기도 성남시 분당구 판교동 625,13484,2014-05-20,영업/정상
경기,온누리 길약국,031-717-0065,"경기도 성남시 분당구 돌마로 67, 금산젬월드 115호 (금곡동)",경기도 성남시 분당구 금곡동 157 금산젬월드 115호,13618,2018-05-28,영업/정상
경기,우주약국,031-717-1015,"경기도 성남시 분당구 내정로 170, 303호 (수내동, 동신파크빌딩)",경기도 성남시 분당구 수내동,13599,2013-06-24,영업/정상
경기,봇들약국,031-8017-3039,"경기도 성남시 분당구 판교로 376, 마크시티 퍼플 5층 (삼평동)",경기도 성남시 분당구 삼평동 719 마크시티 퍼플,13492,2018-06-15,영업/정상
경기,모란중앙약국,031-757-3188,경기도 성남시 중원구 성남대로 1149 (성남동),경기도 성남시 중원구 성남동 4159,13376,2013-07-18,영업/정상
경기,분당종로약국,031-717-6117,"경기도 성남시 분당구 돌마로 87, 골드프라자 101~104호 (금곡동)",경기도 성남시 분당구 금곡동 151 골드프라자,13618,2024-04-15,영업/정상
경기,위례광장약국,031-723-7488,"경기도 성남시 수정구 위례광장로 9-9, 위례우남역 퍼스트푸르지오시티 112호 (창곡동)",경기도 성남시 수정구 창곡동 0 위례우남역 퍼스트푸르지오시티 112호,13646,2018-09-14,영업/정상
경기,논골종로약국,02-459-9873,"경기도 성남시 수정구 논골로 1, 성우빌딩 1층 (단대동)",경기도 성남시 수정구 단대동 67-4 성우빌딩,13141,2024-11-21,영업/정상
경기,삼보약국,031-748-5750,경기도 성남시 중원구 산성대로 522 (은행동),경기도 성남시 중원구 은행동 1560,13157,2016-03-11,영업/정상
경기,태평로온누리약국,031-721-5790,"경기도 성남시 수정구 수정북로13번길 2, 105호 (태평동)",경기도 성남시 수정구 태평동 6417 105호,13310,2013-08-29,영업/정상
경기,옵티마나무약국,031-709-7279,"경기도 성남시 분당구 성남대로926번길 12, 금탑프라자 109호 (야탑동)",경기도 성남시 분당구 야탑동 361-3 금탑프라자 109호,13506,2018-08-07,영업/정상
경기,모란팜약국,031-721-2018,"경기도 성남시 중원구 광명로 5, 성남동메디칼센타 1층 104호 (성남동)",경기도 성남시 중원구 성남동 3208 성남동메디칼센타 104호,13355,2019-03-05,영업/정상
경기,중원건강약국,031-752-7843,"경기도 성남시 중원구 둔촌대로 163, 1층 (성남동)",경기도 성남시 중원구 성남동 3790 1층,13372,2022-03-14,영업/정상
경기,백두산약국,031-757-3083,"경기도 성남시 수정구 수정로 88, 1층 일부호 (수진동)",경기도 성남시 수정구 수진동 2962 1층 일부호,13316,2022-05-02,영업/정상
경기,조이온누리약국,031-707-9240,"경기도 성남시 분당구 서현로 184, 212호 (서현동)",경기도 성남시 분당구 서현동 251-3 엘지분당에클라트,13590,2017-11-21,영업/정상
경기,코끼리약국,031-755-9810,"경기도 성남시 수정구 수정로 112, 1층 (수진동, 충지빌딩)",경기도 성남시 수정구 수진동 51 충지빌딩1층,13327,2013-08-28,영업/정상
경기,바로약국,031-715-5463,"경기도 성남시 분당구 운중로 142, 판교메디칼타워 1층 106호 (운중동)",경기도 성남시 분당구 운중동 940 판교메디칼타워 106호,13466,2022-04-26,영업/정상
경기,분당약국,070-8839-0636,"경기도 성남시 분당구 불곡로 4, 리더스프라자 107호 (정자동)",경기도 성남시 분당구 정자동 219-3 리더스프라자 107호,13604,2019-12-02,영업/정상
경기,명약국,031-747-5333,경기도 성남시 중원구 산성대로372번길 3 (금광동),경기도 성남시 중원구 금광동 4363,13179,2014-02-07,영업/정상
경기,이화약국,031-734-1214,"경기도 성남시 중원구 산성대로 354, 1층 (중앙동, 태성빌딩)",경기도 성남시 중원구 중앙동 73 태성빌딩,13249,2013-08-29,영업/정상
경기,전주약국,031-734-6524,경기도 성남시 수정구 수정로 358 (산성동),경기도 성남시 수정구 산성동 849,13123,2021-06-28,영업/정상
경기,밝은온누리약국,031-732-0456,경기도 성남시 중원구 금상로 6 (상대원동),경기도 성남시 중원구 상대원동 2980-24,13231,2013-08-26,영업/정상
경기,온누리중앙약국,031-714-5507,경기도 성남시 분당구 돌마로366번길 42 (수내동),경기도 성남시 분당구 수내동 83-1,13600,2013-08-27,영업/정상
경기,위례진약국,031-754-5082,"경기도 성남시 수정구 위례광장로 322, 아이플렉스 1층 119호 (창곡동)",경기도 성남시 수정구 창곡동 508 아이플렉스 119호,13640,2019-10-23,영업/정상
경기,정약국,031-703-7818,"경기도 성남시 분당구 야탑로 243, 부건프라자 102호 (야탑동)",경기도 성남시 분당구 야탑동 174-6 부건프라자,13508,2020-01-07,영업/정상
경기,시티약국,031-622-7181,"경기도 성남시 분당구 판교역로 152, 3층 (백현동)",경기도 성남시 분당구 백현동 537,13529,2018-12-03,영업/정상
경기,우리약국,031-747-8002,"경기도 성남시 수정구 수정로 273 (신흥동, 수정빌딩)",,13259,2017-07-26,영업/정상
경기,자연약국,031-3219-1449,"경기도 성남시 중원구 제일로 37, 신명빌딩 1층 (성남동)",경기도 성남시 중원구 성남동 3788 신명빌딩,13368,2018-04-06,영업/정상
경기,탑마을오렌지약국,031-705-7634,"경기도 성남시 분당구 야탑로69번길 21, 영진다이비스상가 109,110,111호 (야탑동)",경기도 성남시 분당구 야탑동 353-1 영진다이비스상가,13497,2019-01-10,영업/정상
경기,아프지마오약국,031-719-7309,"경기도 성남시 분당구 불정로 134, 이마트 1층 (정자동)",경기도 성남시 분당구 정자동 211 이마트,13605,2023-11-30,영업/정상
경기,분당백화점약국,031-701-2231,"경기도 성남시 분당구 서현로210번길 17, 106호 (서현동, 광림프라자)",경기도 성남시 분당구 서현동 247-5 광림프라자 106호,13591,2012-11-26,영업/정상
경기,수내푸른약국,031-711-9988,"경기도 성남시 분당구 돌마로366번길 40, 푸른마을 아파트 A동 109호 (수내동)",경기도 성남시 분당구 수내동 74 푸른마을 아파트 A동 109호,13600,2019-07-03,영업/정상
경기,진영약국,031-711-5259,"경기도 성남시 분당구 내정로17번길 4-11, 금산프라자 1층 118호 (정자동)",경기도 성남시 분당구 정자동 128 금산프라자 118호,13612,2019-10-22,영업/정상
경기,임약국,031-716-3444,"경기도 성남시 분당구 성남대로 170, 301호 (금곡동, 한국프라자)",경기도 성남시 분당구 금곡동 159 한국프라자,13618,2014-06-10,영업/정상
경기,크란츠 온누리 약국,031-733-3321,"경기도 성남시 중원구 둔촌대로 388, 크란츠 테크노 203호 (상대원동)",경기도 성남시 중원구 상대원동 5442-1 크란츠 테크노 203호,13403,2023-03-10,영업/정상
경기,유니동물약국,031-731-3888,경기도 성남시 중원구 광명로 359 (금광동),경기도 성남시 중원구 금광동 3125,13176,2013-07-30,영업/정상
경기,성남참조은약국,031-307-0349,"경기도 성남시 수정구 수정로 175, 동일빌딩 1층 (태평동)",경기도 성남시 수정구 태평동 7288-6 동일빌딩,13290,2020-05-12,영업/정상
경기,탑마을약국,031-703-5773,"경기도 성남시 분당구 성남대로916번길 20, A동 108호 (야탑동, 노블리치상가)",경기도 성남시 분당구 야탑동 367-5 노블리치상가 A동 108호,13506,2013-08-29,영업/정상
경기,분당시민의약국,031-703-9374,"경기도 성남시 분당구 야탑로65번길 6, 대우빌딩 1층 B10호 (야탑동)",경기도 성남시 분당구 야탑동 354-5 대우빌딩,13497,2018-08-23,영업/정상
경기,365수정메디약국,031-758-3650,"경기도 성남시 수정구 수정로 128, 1층 일부호 (수진동)",경기도 성남시 수정구 수진동 18 1층 일부호,13327,2023-05-09,영업/정상
경기,조은약국,031-713-0073,"경기도 성남시 분당구 느티로 27, 106호 (정자동, 하나프라자빌딩 )",경기도 성남시 분당구 정자동 15-7 하나프라자빌딩 106호,13555,2013-08-26,영업/정상
경기,가자크린팜대학약국,031-712-4168,"경기도 성남시 분당구 금곡로 233, 상가동 101,102호 (금곡동, 청솔마을)","경기도 성남시 분당구 금곡동 132 청솔마을 상가동 102,102호",13617,2023-03-31,영업/정상
경기,그린탑약국,031-8016-5515,"경기도 성남시 분당구 성남대로 934, 102호 (야탑동, 궁전프라자)",경기도 성남시 분당구 야탑동 360-4 궁전프라자 102호,13506,2013-05-28,영업/정상
경기,건강백세약국,031-711-3204,"경기도 성남시 분당구 돌마로 43, 메디파크빌딩 1층 102호 (금곡동)",경기도 성남시 분당구 금곡동 168 메디파크빌딩 102호,13615,2019-03-17,영업/정상
경기,매일365약국,031-753-8563,"경기도 성남시 중원구 성남대로 1127, 한성빌딩 1층 (성남동)",경기도 성남시 중원구 성남동 4182 한성빌딩,13376,2026-02-13,영업/정상
경기,메디팜우정약국,031-8016-3793,경기도 성남시 분당구 서현로210번길 2 (서현동),경기도 성남시 분당구 서현동 245-3,13591,2013-08-07,영업/정상
경기,하나로약국,031-8017-7582,"경기도 성남시 분당구 황새울로360번길 28, 112호 (서현동)",경기도 성남시 분당구 서현동 247-4 112호,13591,2013-08-29,영업/정상
경기,풍림약국,031-783-6783,"경기도 성남시 분당구 서현로 170, 237호 (서현동, 풍림아이원)",경기도 성남시 분당구 서현동 255-1 풍림아이원 237호,13590,2004-06-21,영업/정상
경기,광장약국,031-628-6161,"경기도 성남시 분당구 대왕판교로 670, 유스페이스2 B동 122호 (삼평동)",경기도 성남시 분당구 삼평동 682 유스페이스2 B동 122호,13494,2022-05-24,영업/정상
경기,봇들약국,031-8017-3039,"경기도 성남시 분당구 판교로 376, 마크시티 퍼플 504(일부)호 (삼평동)",경기도 성남시 분당구 삼평동 719 마크시티 퍼플 504호 일부,13492,2022-11-20,영업/정상
경기,태영약국,031-732-5001,"경기도 성남시 수정구 산성대로 321, 신동아파라디움 상가 181~182호 (신흥동)",경기도 성남시 수정구 신흥동 2465-5,13272,2021-10-28,영업/정상
경기,약진보건약국,031-736-4222,"경기도 성남시 수정구 수정로 346, 백강빌딩 107호 (산성동)",경기도 성남시 수정구 산성동 1456 백강빌딩 107호,13127,2013-08-27,영업/정상
경기,밝은약국,031-744-9044,경기도 성남시 중원구 산성대로 348-1 (중앙동),경기도 성남시 중원구 중앙동 140,13248,2013-08-26,영업/정상
경기,에버메디크약국,031-714-1556,"경기도 성남시 분당구 대왕판교로 155-6, 1-3층 (금곡동)",경기도 성남시 분당구 금곡동 316-13,13552,2026-06-18,영업/정상
경기,서가종로온누리약국,031-756-9901,"경기도 성남시 수정구 수정로 68, 세종빌딩 1층 (수진동)",경기도 성남시 수정구 수진동 2996 세종빌딩,13316,2018-12-06,영업/정상
경기,판교수빈약국,070-8227-7582,"경기도 성남시 분당구 운중로 235, 103호 (판교동, 나래메디플러스)",경기도 성남시 분당구 판교동,13477,2013-11-07,영업/정상
경기,수인약국,031-734-0713,"경기도 성남시 중원구 광명로 347, 1층 (금광동, 형제빌딩)",경기도 성남시 중원구 금광동 3652 형제빌딩 1층,13177,2013-08-27,영업/정상
경기,옵티마우리들약국,031-704-3445,"경기도 성남시 분당구 운중로 140, 107호 (운중동, 메트로골드)",경기도 성남시 분당구 운중동 941 메트로골드 107호,13466,2013-08-26,영업/정상
경기,금오보령약국,031-852-7569,경기도 의정부시 청사로 41 (금오동),,11757,2013-08-26,영업/정상
경기,민락메디칼약국,031-853-1817,"경기도 의정부시 용민로 483, 보광프라자 107,108호 (민락동)",경기도 의정부시 민락동 902-4,11815,2020-02-13,영업/정상
경기,장암프라자 약국,031-826-5571,"경기도 의정부시 발곡로 34, 107호 (신곡동)",경기도 의정부시 신곡동 721-1,11730,2021-09-06,영업/정상
경기,햇살온누리약국,031-836-8251,"경기도 의정부시 체육로 298-13, 106호 (녹양동, 현대프라자)",경기도 의정부시 녹양동 412-3,11610,2017-07-21,영업/정상
경기,을지1번약국,031-928-4030,"경기도 의정부시 동일로 713, 1층 117호 (금오동)",경기도 의정부시 금오동 439,11749,2022-01-19,영업/정상
경기,은혜약국,031-876-7600,경기도 의정부시 진등로 1 (녹양동),경기도 의정부시 녹양동 387-8,11606,2023-09-03,영업/정상
경기,대일약국,031-844-2458,"경기도 의정부시 태평로 83, 대일빌딩 1층 (의정부동)",경기도 의정부시 의정부동 149-13,11695,2019-10-22,영업/정상
경기,세계로약국,031-871-8828,"경기도 의정부시 신흥로 81, 105호 (호원동, 쌍용스윗닷홈)",,11636,2016-02-23,영업/정상
경기,중앙약국,031-852-6657,"경기도 의정부시 민락로 210, 3층 (민락동)",,11814,2013-07-18,영업/정상
경기,성신약국,031-874-1779,"경기도 의정부시 회룡로 137, 103호 (호원동)",,11703,2013-05-23,영업/정상
경기,성모약국,031-873-2626,"경기도 의정부시 신흥로 251, 구성타워빌딩 101호 (의정부동)",경기도 의정부시 의정부동 431-24 구성타워빌딩,11674,2022-12-01,영업/정상
경기,햇살온누리약국,031-846-2199,"경기도 의정부시 상금로 33, 107동 (금오동, 이롬프라자)",경기도 의정부시 금오동 80-19,11764,2017-04-14,영업/정상
경기,영진약국,031-829-9927,"경기도 의정부시 동일로 456, 109호 (신곡동, 박사빌딩)",경기도 의정부시 신곡동 726-1 109호,11738,2017-05-22,영업/정상
경기,솔약국,031-928-6266,"경기도 의정부시 오목로 11, 1층 (용현동)",경기도 의정부시 용현동 221-1,11791,2022-02-03,영업/정상
경기,진온누리약국,031-855-8208,"경기도 의정부시 시민로 80, 센트럴타워 102호 (의정부동)",경기도 의정부시 의정부동 494 센트럴타워,11651,2021-06-18,영업/정상
경기,이정약국,031-712-3475,경기도 의정부시 천보로 56 (민락동),경기도 의정부시 민락동 805-3,11813,2023-12-18,영업/정상
경기,센터약국,031-842-3600,"경기도 의정부시 행복로 32, 1층 (의정부동)",경기도 의정부시 의정부동 155-24,11692,2020-10-15,영업/정상
경기,신세계약국,031-852-2212,"경기도 의정부시 청사로 37, 109호 (금오동, 신세계프라자)",경기도 의정부시 금오동 473-3 신세계프라자 109호,11757,2013-07-18,영업/정상
경기,탑메디칼약국,031-935-4020,"경기도 의정부시 오목로 33, 탑석프라자 1층 113호 (용현동)",경기도 의정부시 용현동 39-9,11791,2025-08-07,영업/정상
경기,봄빛약국,031-855-6379,"경기도 의정부시 평화로 630, 플러스빌딩 1층 106호 (의정부동)",경기도 의정부시 의정부동 228-26 플러스빌딩,11686,2025-04-18,영업/정상
경기,센트럴동물약국,031-870-1999,"경기도 의정부시 시민로 80, 센트럴타워 113호 (의정부동)",경기도 의정부시 의정부동 494 센트럴타워,11651,2013-05-20,영업/정상
경기,맥스프라자약국,031-877-1592,"경기도 의정부시 동일로 101, 1층 (장암동)",경기도 의정부시 장암동 237-9,11726,2026-07-08,영업/정상
경기,의정부으뜸동물약국,031-841-1942,"경기도 의정부시 평화로 635 (의정부동, 미림프라자 105호)",경기도 의정부시 의정부동 235-17 미림프라자 105호,11686,2013-07-18,영업/정상
경기,제중약국,031-848-2621,"경기도 의정부시 태평로 71, 1층 (의정부동)",경기도 의정부시 의정부동 147-27,11695,2021-09-27,영업/정상
경기,의정부동물약국,031-846-8859,경기도 의정부시 동일로 660 (금오동),,11750,2013-04-26,영업/정상
경기,의정부녹양동물약국,031-876-3137,경기도 의정부시 체육로 306-28 (녹양동),경기도 의정부시 녹양동 412-8,11610,2014-07-24,영업/정상
경기,대일약국,031-844-2458,경기도 의정부시 태평로 83 (의정부동),경기도 의정부시 의정부동 149-18,11695,2017-12-11,영업/정상
경기,녹양태평양약국,031-879-9030,"경기도 의정부시 비우로 67, 태경빌딩 1층 (녹양동)",경기도 의정부시 녹양동 83-13 태경빌딩,11612,2022-07-13,영업/정상
경기,송림약국,031-853-7980,"경기도 의정부시 오목로 215, 102호 (민락동)",경기도 의정부시 민락동 843-3,11813,2017-05-08,영업/정상
경기,송약국,031-846-5215,"경기도 의정부시 호국로1310번길 46, 1층 (의정부동)",경기도 의정부시 의정부동 182-12,11692,2018-03-23,영업/정상
경기,민락온누리약국,031-851-8517,"경기도 의정부시 오목로225번길 162 (민락동, 씨티프라자 108호)",,11813,2015-12-30,영업/정상
경기,건강한약국,031-848-7085,경기도 의정부시 추동로 9 (신곡동),경기도 의정부시 신곡동 673 휴먼시티 310호,11740,2013-06-28,영업/정상
경기,현대약국,031-851-6327,"경기도 의정부시 청사로 45, 플래티넘프라자 108호 (금오동)",경기도 의정부시 금오동 473-1 플래티넘프라자 108호,11757,2026-07-08,영업/정상
경기,하나약국,031-829-0966,"경기도 의정부시 태평로 6, 1층 (의정부동)",경기도 의정부시 의정부동 99-2,11698,2022-08-31,영업/정상
경기,플러스약국,031-850-8231,"경기도 의정부시 청사로 38, 삼성홈플러스 2층 (금오동)",경기도 의정부시 금오동 475-1 삼성홈플러스,11757,2018-04-17,영업/정상
경기,밝은약국,031-838-2288,"경기도 의정부시 태평로 78, 1층 (의정부동)",,11694,2013-08-06,영업/정상
경기,늘푸른약국,031-872-5020,경기도 의정부시 의정로 191 (가능동),경기도 의정부시 가능동 672-41,11675,2016-04-12,영업/정상
경기,상원약국,031-874-8007,"경기도 의정부시 시민로 지하 100, 의정부지하상가 동부아열동 114호 (의정부동)",경기도 의정부시 의정부동 99-6 의정부지하상가,11696,2020-03-03,영업/정상
경기,이화사랑약국,031-873-3579,"경기도 의정부시 평화로 228, 로뎀프라자 108호 (호원동)",경기도 의정부시 호원동 455 로뎀프라자 108호,11710,2019-10-22,영업/정상
경기,주차편한자연약국,031-393-0944,"경기도 의정부시 동일로711번길 15, 자연빌딩 1층 (금오동)",경기도 의정부시 금오동 435-3 자연빌딩,11749,2022-06-14,영업/정상
경기,용현비타민약국,031-851-9356,경기도 의정부시 용민로 1 (용현동),경기도 의정부시 용현동 408-5,11784,2023-06-28,영업/정상
경기,호원 프라자약국,031-874-0301,"경기도 의정부시 평화로 232, 1층 (호원동)",,11710,2015-01-23,영업/정상
경기,의정부호원동물약국,031-829-8569,"경기도 의정부시 호동로 67 (호원동, 화성프라자 106호)",경기도 의정부시 호원동 326-6 화성프라자 106호,11631,2013-07-16,영업/정상
경기,센트럴약국,031-870-1999,"경기도 의정부시 시민로 80, 센트럴타워 1층 106호 (의정부동)",경기도 의정부시 의정부동 494 센트럴타워 106호,11651,2026-03-04,영업/정상
경기,연세약국,031-842-1700,"경기도 의정부시 태평로 108, 1층 (의정부동)",경기도 의정부시 의정부동 25-16,11693,2026-06-18,영업/정상
경기,팜벤져스약국,031-821-0378,"경기도 의정부시 잔돌길 22, 2층 (산곡동)",경기도 의정부시 산곡동 668,11819,2026-03-18,영업/정상
경기,영진약국,031-829-9927,"경기도 의정부시 동일로 456, 박사빌딩 1층 109호 (신곡동)",경기도 의정부시 신곡동 726-1 박사빌딩 109호,11738,2026-04-20,영업/정상
경기,탑스타약국,031-851-1235,"경기도 의정부시 오목로35번길 10, 제상가2동 101~102호 (용현동, 용현그랜드아파트)",경기도 의정부시 용현동 38 용현그랜드아파트,11789,2025-06-30,영업/정상
경기,사거리약국,070-7814-8857,"경기도 의정부시 가능로 131, 1층 (의정부동)",경기도 의정부시 의정부동 228-11,11686,2019-10-01,영업/정상
경기,별빛온누리약국,031-871-7234,"경기도 의정부시 호동로 67, 화성프라자 1층 111호, 112호 (호원동)",경기도 의정부시 호원동 326-6 화성프라자,11631,2026-01-08,영업/정상
경기,엄마손약국,031-851-3445,"경기도 의정부시 용현로159번길 12 (민락동, 거성빌딩 106호)",,11805,2016-02-18,영업/정상
경기,성모대학온누리약국,031-840-7575,"경기도 의정부시 금오로 121-9, 1층 (금오동)",,11765,2016-07-25,영업/정상
경기,국제약국,031-846-2280,경기도 의정부시 평화로 562 (의정부동),경기도 의정부시 의정부동 200-3,11692,2017-04-12,영업/정상
경기,제중약국,031-845-2621,경기도 의정부시 태평로 71 (의정부동),경기도 의정부시 의정부동 147-27,11695,2013-07-18,영업/정상
경기,누가온누리약국,031-874-9927,경기도 의정부시 비우로 90-1 (녹양동),경기도 의정부시 녹양동 325-7 12통2반,11613,2016-06-08,영업/정상
경기,민락 길 약국,070-8837-3785,경기도 의정부시 오목로205번길 1 (민락동),경기도 의정부시 민락동 804,11813,2017-04-14,영업/정상
경기,새경희약국,031-847-2515,"경기도 의정부시 금오로 9, 1층 (금오동)",,11762,2013-07-05,영업/정상
경기,하늘약국,031-852-3369,"경기도 의정부시 충의로 55, 1층 (용현동)",경기도 의정부시 용현동 14 1층,11789,2013-05-23,영업/정상
경기,수퍼약국,031-846-3475,경기도 의정부시 태평로 64 (의정부동),경기도 의정부시 의정부동 145-1,11694,2017-12-15,영업/정상
경기,대성약국,031-836-0093,"경기도 의정부시 체육로 306-24, 105호 (녹양동)",,11610,2013-06-26,영업/정상
경기,의정부약국,031-874-7888,"경기도 의정부시 시민로 83, 광장타워 1층 110호 (의정부동)",경기도 의정부시 의정부동 442-12 광장타워 1층 110호,11670,2021-08-23,영업/정상
경기,형제약국,031-868-9092,"경기도 의정부시 용민로 407, 한덕프라자 105호 (낙양동)",경기도 의정부시 낙양동 743-3 한덕프라자 105호,11815,2024-11-29,영업/정상
경기,보룡동물약국,031-845-5567,경기도 의정부시 시민로131번길 66(의정부동),경기도 의정부시 의정부동 159-17,11695,2021-10-26,영업/정상
경기,철인약국,070-3884-2980,"경기도 의정부시 시민로 83, 광장타워 107호 (의정부동)",경기도 의정부시 의정부동 442-12 광장타워 107호,11670,2019-10-22,영업/정상
경기,가능하주약국,031-855-7775,"경기도 의정부시 호국로 1127, 1층 (가능동)",경기도 의정부시 가능동 701-29,11658,2018-08-21,영업/정상
경기,예람약국,031-852-3807,"경기도 의정부시 송양로 29, 105호 (낙양동)",경기도 의정부시 낙양동 755 105호,11812,2018-04-25,영업/정상
경기,기분좋은약국,031-874-3110,경기도 의정부시 범골로 39 (호원동),경기도 의정부시 호원동 377-10,11630,2013-09-25,영업/정상
경기,신원약국,031-841-0076,"경기도 의정부시 태평로 94, 1층 (의정부동)",경기도 의정부시 의정부동 34-22 1층,11694,2013-10-25,영업/정상
경기,봄약국,031-872-0691,"경기도 의정부시 회룡로 188, 109호 (장암동, 장암골드프라자)",경기도 의정부시 장암동 20-9 장암골드프라자 109호,11718,2017-09-01,영업/정상
경기,강성약국,031-847-2391,경기도 의정부시 금오로 121-6 (금오동),경기도 의정부시 금오동 60-10,11765,2023-11-06,영업/정상
경기,The나은약국,031-421-4613,"경기도 안양시 동안구 부림로 188, 1층 104호 (관양동, 청용빌딩)",경기도 안양시 동안구 관양동 1122-10 청용빌딩 104호,14055,2017-07-04,영업/정상
경기,백화점약국,031-469-7578,"경기도 안양시 동안구 관악대로 91, 101호 (비산동, 대림타워)",경기도 안양시 동안구 비산동 554-2 대림타워 101호,13925,2013-08-14,영업/정상
경기,비즈타워약국,031-420-2117,"경기도 안양시 만안구 덕천로152번길 25, 안양아이에스BIZ타워센트럴 162호 (안양동)",경기도 안양시 만안구 안양동 1432 안양아이에스BIZ타워센트럴 162호,14084,2024-05-28,영업/정상
경기,안양자매약국,031-429-3361,"경기도 안양시 동안구 경수대로610번길 36, 상가동 101호 (호계동, 평촌더샵 아이파크)",경기도 안양시 동안구 호계동 977 평촌더샵 아이파크 상가동 101호,14109,2019-08-08,영업/정상
경기,왕약국,031-476-7406,"경기도 안양시 동안구 안양판교로 12-2, 1층 (관양동)",경기도 안양시 동안구 관양동 1505-7,13943,2026-03-30,영업/정상
경기,수약국,031-468-3350,"경기도 안양시 만안구 안양로 262, 1층 (안양동)",경기도 안양시 만안구 안양동 622-250,13996,2026-05-07,영업/정상
경기,관양우리약국,031-381-2221,"경기도 안양시 동안구 관평로 313, 1층 (관양동)",경기도 안양시 동안구 관양동 1400-4,13936,2026-03-03,영업/정상
경기,범계백두산약국,031-427-1440,"경기도 안양시 동안구 시민대로 134, 1층 일부호 (호계동)",경기도 안양시 동안구 호계동 905-1 일부호,14077,2024-07-09,영업/정상
경기,서약국,031-443-4273,"경기도 안양시 만안구 양화로 36, 1층 (안양동)",경기도 안양시 만안구 안양동 952-47,14007,2026-04-03,영업/정상
경기,새봄약국,031-427-2078,"경기도 안양시 동안구 경수대로 773, 새봄빌딩 2층 (호계동)","경기도 안양시 동안구 호계동 903-3 새봄빌딩, 2층",14041,2021-02-17,영업/정상
경기,혜준온누리약국,031-423-7963,"경기도 안양시 동안구 흥안대로 519, 304호 (관양동, 아이퍼스트타워)",경기도 안양시 동안구 관양동 1502-6,13951,2013-07-19,영업/정상
경기,2층 리본약국,031-381-6366,"경기도 안양시 동안구 평촌대로217번길 45, 평촌코아주차빌딩 211호 (호계동)",경기도 안양시 동안구 호계동 1050 평촌코아주차빌딩,14072,2023-09-27,영업/정상
경기,제일온누리약국,070-7633-3870,"경기도 안양시 만안구 안양로 407, 102호 (안양동)",경기도 안양시 만안구 안양동 836-18,13985,2023-05-30,영업/정상
경기,365스마일약국,031-381-8864,"경기도 안양시 동안구 평촌대로217번길 27, 백두프라자 1층 108호 (호계동)",경기도 안양시 동안구 호계동 1049 백두프라자,14072,2026-01-26,영업/정상
경기,봄온누리약국,031-451-5622,"경기도 안양시 동안구 흥안대로 127, 105호 (호계동, 한신빌딩)",경기도 안양시 동안구 호계동 1002-30 한신빌딩 105호,14112,2013-08-22,영업/정상
경기,2층약국,031-427-1350,"경기도 안양시 동안구 경수대로 428, 덕유파크 214호 (호계동)",경기도 안양시 동안구 호계동 873 덕유파크 214호,14126,2020-09-24,영업/정상
경기,호계약국,031-456-0200,경기도 안양시 동안구 경수대로 527 (호계동),경기도 안양시 동안구 호계동 968-3,14120,2024-07-11,영업/정상
경기,아프지마약국,031-466-8009,"경기도 안양시 만안구 장내로 164, 청솔프라자 109호 (안양동)",경기도 안양시 만안구 안양동 1384 청솔프라자 109호,13995,2024-10-29,영업/정상
경기,새한약국,031-449-2686,경기도 안양시 만안구 안양로 304 (안양동),경기도 안양시 만안구 안양동 674-121,13992,2023-10-27,영업/정상
경기,호계온누리약국,031-477-7551,"경기도 안양시 동안구 경수대로 430 (호계동, e-편한세상아파트 22동상가 105호)",경기도 안양시 동안구 호계동 813 e-편한세상아파트 22동상가 105호,14126,2013-08-10,영업/정상
경기,평촌온누리약국,031-421-5918,경기도 안양시 동안구 흥안대로434번길 19-21(평촌동),경기도 안양시 동안구 평촌동 56-1,14062,2022-06-21,영업/정상
경기,태경약국,031-382-5219,"경기도 안양시 동안구 흥안대로 396, 103호 (평촌동, 강윤빌딩)",경기도 안양시 동안구 평촌동 133-12 강윤빌딩 103호,14064,2013-08-19,영업/정상
경기,해온약국,031-429-0102,"경기도 안양시 동안구 엘에스로 37, 1층 102호 (호계동)",경기도 안양시 동안구 호계동 712,14121,2023-03-22,영업/정상
경기,참약사 샛별약국,031-457-9993,"경기도 안양시 동안구 귀인로 108, 109호 (호계동)",경기도 안양시 동안구 호계동 927-9 109호,14081,2024-09-11,영업/정상
경기,베데스다약국,031-478-2799,"경기도 안양시 동안구 흥안대로 415, 두산벤처다임 139호 (평촌동)",경기도 안양시 동안구 평촌동 126-1 두산벤처다임 139호,14059,2021-12-17,영업/정상
경기,주사랑약국,070-8849-7007,경기도 안양시 만안구 안양로 377 (안양동),경기도 안양시 만안구 안양동 838-11,13988,2023-05-12,영업/정상
경기,성애약국,031-422-0927,경기도 안양시 동안구 흥안대로517번길 34 (관양동),경기도 안양시 동안구 관양동 1491-38,13951,2013-07-30,영업/정상
경기,햇살약국,031-360-3302,"경기도 안양시 동안구 시민대로 190, 힐스테이트 범계역 모비우스 101동 134호 (호계동)",경기도 안양시 동안구 호계동 1040 힐스테이트 범계역 모비우스 101동 134호,14072,2021-12-20,영업/정상
경기,새싹약국,070-4144-8768,"경기도 안양시 만안구 태평로52번길 37, 102호 (안양동, 링크오상가)",경기도 안양시 만안구 안양동 154-1 링크오상가 102호,14037,2017-03-23,영업/정상
경기,관양온누리약국,031-421-1320,"경기도 안양시 동안구 관악대로 387, 1층 101,102호 (관양동)",경기도 안양시 동안구 관양동 1432-8,13939,2023-02-24,영업/정상
경기,자명약국,031-425-5432,"경기도 안양시 동안구 흥안대로 510, 101호 (관양동, 정빌딩)",경기도 안양시 동안구 관양동 1506-22 정빌딩 101호,13943,2013-08-22,영업/정상
경기,길약국,031-443-4874,"경기도 안양시 동안구 비산로 21, 자이파크몰 1층 102호 (비산동)",경기도 안양시 동안구 비산동 554-9 자이파크몰,13925,2022-08-30,영업/정상
경기,중앙약국,031-464-4233,"경기도 안양시 만안구 명학로 34, 1층 (안양동)",경기도 안양시 만안구 안양동 367-2,14095,2019-05-30,영업/정상
경기,안양힘찬약국,031-442-1122,경기도 안양시 만안구 안양로 286 (안양동),경기도 안양시 만안구 안양동 674-234,13992,2019-12-19,영업/정상
경기,365올바른약국,031-464-7511,"경기도 안양시 만안구 태평로52번길 21, 마드리드상가 1층 103호 (안양동)",경기도 안양시 만안구 안양동 1391,14037,2018-01-12,영업/정상
경기,세경온누리약국,031-476-0218,"경기도 안양시 동안구 달안로 112, 한가람세경아파트 상가동 101-3호 (관양동)",경기도 안양시 동안구 관양동 1589 한가람세경아파트 상가동 101-3호,14052,2021-01-12,영업/정상
경기,혜전약국,031-423-7963,"경기도 안양시 동안구 흥안대로 519, 아이퍼스트타워 304호 (관양동)",경기도 안양시 동안구 관양동 1502-6 아이퍼스트타워,13951,2024-02-05,영업/정상
경기,리본약국,031-381-6366,"경기도 안양시 동안구 평촌대로217번길 45, 평촌코아주차빌딩 211호 (호계동)",경기도 안양시 동안구 호계동 1050 평촌코아주차빌딩,14072,2022-11-11,영업/정상
경기,평촌시민약국,031-381-1312,"경기도 안양시 동안구 시민대로 187, 안양건설타워 106호 (비산동)",경기도 안양시 동안구 비산동 1112-1 안양건설타워 106호,14047,2021-12-23,영업/정상
경기,수약국,031-457-2220,"경기도 안양시 동안구 경수대로 428, 덕유파크 3층 314호 (호계동)",경기도 안양시 동안구 호계동 873 덕유파크 314호,14126,2024-12-16,영업/정상
경기,정오약국,031-387-7718,경기도 안양시 동안구 관평로 327 (관양동),경기도 안양시 동안구 관양동 1397-8 서운상가 101호,13936,2005-01-10,영업/정상
경기,일번가약국,031-463-5855,"경기도 안양시 만안구 병목안로 2, PROJECT 240 TOWER B동 1층 102호 (안양동)",경기도 안양시 만안구 안양동 782-68 PROJECT 240 TOWER 102호,14001,2024-07-04,영업/정상
경기,정수약국,031-453-8253,경기도 안양시 동안구 포도원로 27 (호계동),경기도 안양시 동안구 호계동 859-45,14128,2013-08-19,영업/정상
경기,수정약국,031-445-2373,경기도 안양시 만안구 안양로 366 (안양동),경기도 안양시 만안구 안양동 847-16,13991,2013-08-12,영업/정상
경기,더튼튼약국,031-427-3857,"경기도 안양시 동안구 경수대로 769, 105호 (호계동)",경기도 안양시 동안구 호계동 903-4 105호,14041,2019-04-22,영업/정상
경기,럭키약국,031-386-5652,경기도 안양시 동안구 관평로 260 (관양동),경기도 안양시 동안구 관양동 1587 공작럭키아파트상가 2층 201-1호,14050,2013-07-19,영업/정상
경기,메디팜안심약국,031-466-4322,경기도 안양시 만안구 관악대로 8 (안양동),경기도 안양시 만안구 안양동 380-13,14032,2013-08-01,영업/정상
경기,삼세종합약국,031-468-3001,"경기도 안양시 만안구 안양로 303, 안양 메쎄 포스빌 107-1, 107-2, 108호 (안양동)","경기도 안양시 만안구 안양동 676-91 안양 메쎄 포스빌 107-1, 107-2, 108호",14001,2018-12-12,영업/정상
경기,안양왕약국,031-441-4111,"경기도 안양시 만안구 안양로 293, 중앙빌딩 (안양동)",경기도 안양시 만안구 안양동 676-101 중앙빌딩,14001,2023-04-24,영업/정상
경기,기원약국,031-454-6872,경기도 안양시 동안구 경수대로609번길 9 (호계동),경기도 안양시 동안구 호계동 943,14114,2004-04-01,영업/정상
경기,평촌열린약국,031-387-5335,"경기도 안양시 동안구 관평로170번길 33, 평촌주공공이 (관양동)",경기도 안양시 동안구 관양동 1606 평촌주공공이,14066,2019-11-11,영업/정상
경기,곰약국,031-472-0606,경기도 안양시 만안구 안양로510번길 18 (석수동),경기도 안양시 만안구 석수동 274-1,13964,2013-08-14,영업/정상
경기,삼성프라자약국,031-464-5707,"경기도 안양시 만안구 태평로 140, 삼성래미안아파트 상가동 107호 (안양동)",경기도 안양시 만안구 안양동 90-1 삼성래미안아파트 상가동 107호,13994,2021-03-23,영업/정상
경기,휴베이스 봄약국,031-429-5949,"경기도 안양시 동안구 경수대로 428, 덕유파크 111호 (호계동)",경기도 안양시 동안구 호계동 873 덕유파크 111호,14126,2020-08-11,영업/정상
경기,다정약국,031-464-7588,"경기도 안양시 만안구 안양로 119, 계양빌딩 (안양동)",경기도 안양시 만안구 안양동 548-1 계양빌딩,14093,2021-07-28,영업/정상
경기,삼원약국,031-443-1053,경기도 안양시 만안구 박달로545번길 46 (안양동),경기도 안양시 만안구 안양동 825-1,13988,2013-08-19,영업/정상
경기,노들약국,031-443-3001,"경기도 안양시 만안구 냉천로 125, 3-3상가동 2층 201호 (안양동, 안양어반포레자연앤이편한세상 3단지)",경기도 안양시 만안구 안양동 618-12 안양어반포레자연앤이편한세상 3단지,14029,2025-04-29,영업/정상
경기,정성가득약국,031-384-0561,"경기도 안양시 동안구 시민대로160번길 20, 평촌롯데식품관 1층 (호계동)",경기도 안양시 동안구 호계동 1053-1 평촌롯데식품관 1층,14073,2024-07-22,영업/정상
경기,이레약국,031-381-1197,"경기도 안양시 동안구 관평로170번길 33, 평촌주공공이 109호 (관양동)",경기도 안양시 동안구 관양동 1606 평촌주공공이 109호,14066,2024-05-02,영업/정상
경기,뉴그랜드약국,031-476-2361,"경기도 안양시 동안구 관평로 315-1, 1층 (관양동)",경기도 안양시 동안구 관양동 1399-2,13936,2025-09-02,영업/정상
경기,스마일약국,031-387-0560,"경기도 안양시 동안구 평촌대로 142, 203호 (평촌동, 평촌트윈마트)",경기도 안양시 동안구 평촌동,14103,2015-11-09,영업/정상
경기,대원약국,031-385-0078,"경기도 안양시 동안구 귀인로 253, 초원대원아파트 대원종합상가 (평촌동)",경기도 안양시 동안구 평촌동 898-6 초원대원아파트 대원종합상가,14070,2018-06-19,영업/정상
경기,다보온누리약국,031-446-3936,"경기도 안양시 만안구 안양천서로 177, 지하1층 (안양동, 래미안 안양 메가트리아)",경기도 안양시 만안구 안양동 1393 래미안 안양 메가트리아,14038,2023-04-24,영업/정상
경기,평촌하늘약국,031-385-1649,"경기도 안양시 동안구 관평로182번길 54, 평촌벌말프라자 103호 (관양동)",경기도 안양시 동안구 관양동 1604-4 평촌벌말프라자 103호,14066,2022-05-11,영업/정상
경기,나라온누리약국,031-386-1057,"경기도 안양시 동안구 평촌대로243번길 30, 샤크존 A138호 (비산동)",경기도 안양시 동안구 비산동 1110-1 샤크존,14047,2024-01-18,영업/정상
경기,안양튼튼동물약국,031-386-1256,경기도 안양시 동안구 관평로 314 (관양동),경기도 안양시 동안구 관양동 1403-5,13937,2019-10-28,영업/정상
경기,신라약국,031-381-1563,"경기도 안양시 동안구 관평로 227, 한가람아파트 상가동 108호 (관양동)",경기도 안양시 동안구 관양동 1589-1 한가람아파트 상가동,14052,2019-02-25,영업/정상
경기,백화점약국,031-465-9566,"경기도 안양시 동안구 관악대로 91, 대림타워 102호 (비산동)",경기도 안양시 동안구 비산동 554-2 대림타워 102호,13925,2024-07-22,영업/정상
경기,나우(now)백화점약국,031-441-8846,"경기도 안양시 만안구 안양로 300, 1층 일부호 (안양동)",경기도 안양시 만안구 안양동 674-122,13992,2025-02-12,영업/정상
경기,석수약국,031-472-4115,"경기도 안양시 만안구 안양로 443, 102호 (석수동)",경기도 안양시 만안구 석수동 314-9,13970,2023-05-17,영업/정상
경기,평촌태평양약국,031-384-2890,경기도 안양시 동안구 평촌대로227번길 50 (호계동),경기도 안양시 동안구 호계동 1041-3 명성빌딩,14072,2004-03-30,영업/정상
경기,레몬약국,031-466-1903,"경기도 안양시 동안구 비산로 18, 106호 (비산동)",경기도 안양시 동안구 비산동 515-2,13924,2022-08-05,영업/정상
경기,세종온누리약국,031-449-6679,경기도 안양시 만안구 안양로 148 (안양동),경기도 안양시 만안구 안양동 517,14034,2023-06-14,영업/정상
경기,대명약국,031-385-8596,"경기도 안양시 동안구 평촌대로223번길 64, 1층 (호계동)",경기도 안양시 동안구 호계동 1045-2,14072,2015-07-29,영업/정상
경기,우리온누리약국,031-386-0491,경기도 안양시 동안구 동안로 128 (호계동),경기도 안양시 동안구 호계동 1045,14072,2019-09-05,영업/정상
경기,오렌지약국,031-447-0134,경기도 안양시 만안구 안양로 339 (안양동),경기도 안양시 만안구 안양동 695-208,14006,2013-07-12,영업/정상
경기,중앙시장약국,031-465-3317,경기도 안양시 만안구 안양로 305 (안양동),경기도 안양시 만안구 안양동 676-10,14001,2013-08-12,영업/정상
경기,웰빙프라자약국,031-381-8284,경기도 안양시 동안구 평촌대로 131 (호계동),경기도 안양시 동안구 호계동 1058-7 아카데미센타 101호,14099,2005-02-07,영업/정상
경기,새봄온누리약국,031-381-8278,"경기도 안양시 동안구 평촌대로211번길 16, 삼희월드프라자 108호 (호계동)",경기도 안양시 동안구 호계동 1048-2 삼희월드프라자,14072,2023-02-24,영업/정상
경기,아민약국,031-388-5535,"경기도 안양시 동안구 시민대로 300, 지상1층 (관양동, 이마트평촌점)",경기도 안양시 동안구 관양동 1608,14066,2017-10-13,영업/정상
경기,평촌범계약국,031-388-9561,"경기도 안양시 동안구 시민대로 202, 1층 103호 (호계동, 에메랄드빌딩)",경기도 안양시 동안구 호계동 1042 에머랄드빌딩 103호,14072,2015-08-24,영업/정상
경기,인진약국,031-454-9819,경기도 안양시 동안구 경수대로570번길 9 (호계동),경기도 안양시 동안구 호계동 986-26,14109,2013-08-19,영업/정상
경기,햇빛약국,031-468-6408,경기도 안양시 만안구 박달로 521 (박달동),경기도 안양시 만안구 박달동 19-4,13987,2013-07-30,영업/정상
경기,삼영약국,031-466-1653,경기도 안양시 만안구 안양로 260 (안양동),경기도 안양시 만안구 안양동 622-303,13996,2024-12-30,영업/정상
경기,범계백두산약국,031-427-1440,"경기도 안양시 동안구 시민대로 138, 1층 104호 (호계동)",경기도 안양시 동안구 호계동 904,14077,2025-07-07,영업/정상
경기,영진약국,031-442-6712,"경기도 안양시 만안구 문예로 50, 104호 (안양동, 한림시티빌아파트)",경기도 안양시 만안구 안양동 532-3 한림시티빌아파트 104호,14035,2013-07-22,영업/정상
경기,동편약국,031-426-1119,"경기도 안양시 동안구 동편로 136, 106호 (관양동, 경진빌딩)",경기도 안양시 동안구 관양동 1677 경진빌딩 106호,13928,2015-10-26,영업/정상
경기,평촌수약국,031-387-3375,"경기도 안양시 동안구 시민대로 214, 다운타운빌딩 104호 (호계동)",경기도 안양시 동안구 호계동 1043-1 다운타운빌딩,14072,2022-08-08,영업/정상
경기,신덕천약국,031-446-4278,"경기도 안양시 동안구 관악대로 72, 1층 (비산동)",경기도 안양시 동안구 비산동 558-1,13955,2024-06-28,영업/정상
경기,해림약국,031-429-3361,"경기도 안양시 동안구 흥안대로145번길 145, 평촌더샵아이파크 상가동 101호 (호계동)",경기도 안양시 동안구 호계동 1291,14109,2026-07-07,영업/정상
경기,삼덕공원약국,031-465-3675,"경기도 안양시 만안구 병목안로 20, 스페이스타워 1층 101호 (안양동)",경기도 안양시 만안구 안양동 782-18 스페이스타워,14001,2022-08-29,영업/정상
경기,안세약국,031-421-3720,"경기도 안양시 동안구 관악대로 349, 1층 (관양동)",경기도 안양시 동안구 관양동 1422-12,13938,2023-02-28,영업/정상
경기,브이원약국,031-342-4372,"경기도 안양시 동안구 엘에스로116번길 118, 안양2차 SK V1 center 122호 (호계동)",경기도 안양시 동안구 호계동 555-34 안양2차 SK V1 center 122호,14118,2021-11-29,영업/정상
경기,삼덕공원약국,031-465-3675,"경기도 안양시 만안구 병목안로 20, 스페이스타워 101호 (안양동)",경기도 안양시 만안구 안양동 782-18 스페이스타워 101호,14001,2020-06-15,영업/정상
경기,뉴키즈맘약국,031-383-9961,"경기도 안양시 동안구 관악대로 272, A-117호 (비산동, 비산동키즈맘센터)",경기도 안양시 동안구 비산동 1059 키즈맘센터 A-117호,13944,2017-05-19,영업/정상
경기,365박달온누리약국,031-465-3512,"경기도 안양시 만안구 양화로 112, 101호 (박달동, 상민빌딩)",경기도 안양시 만안구 박달동 19-4,13987,2016-04-15,영업/정상
경기,삼아약국,031-474-1077,"경기도 안양시 만안구 경수대로 1193, 107호 (석수동, 대림아파트상가)",경기도 안양시 만안구 석수동 182-2 대림아파트상가 107호,13961,2004-03-15,영업/정상
경기,늘벗온누리약국,031-422-6873,경기도 안양시 동안구 관평로 319 (관양동),경기도 안양시 동안구 관양동 1397-9,13936,2013-08-10,영업/정상
경기,100세건강약국,031-465-1320,"경기도 안양시 만안구 안양로 408, 1층 (안양동)",경기도 안양시 만안구 안양동 856-4 1층,13989,2016-01-06,영업/정상
경기,오성약국,031-469-6917,경기도 안양시 만안구 양화로 25 (안양동),경기도 안양시 만안구 안양동 966-22,14011,2024-11-22,영업/정상
경기,호계제일약국,031-687-8744,"경기도 안양시 동안구 경수대로 454, 유환프라자 102호 (호계동)",경기도 안양시 동안구 호계동 804-9 유환프라자 102호,14125,2024-10-04,영업/정상
경기,건강약국,031-421-3707,"경기도 안양시 동안구 동편로 6, 110호 (관양동, 스마트프라자)",경기도 안양시 동안구 관양동 1725-1,13929,2017-06-27,영업/정상
경기,365달빛약국,031-385-3856,"경기도 안양시 동안구 경수대로 876, 1층 일부(4,5)호 (비산동)",경기도 안양시 동안구 비산동 422-12,13954,2024-08-27,영업/정상
경기,명진약국,031-441-4656,경기도 안양시 만안구 안양로 147 (안양동),경기도 안양시 만안구 안양동 504-21,14092,2013-08-22,영업/정상
경기,대학당약국,031-453-5454,경기도 안양시 동안구 경수대로 556 (호계동),경기도 안양시 동안구 호계동 996,14112,2004-06-01,영업/정상
경기,피영약국,031-388-5900,경기도 안양시 동안구 평촌대로 371 (비산동),경기도 안양시 동안구 비산동 1026-14,13919,2013-08-12,영업/정상
경기,어바인365약국,070-8080-0802,"경기도 안양시 동안구 경수대로 585, 상가2동 110호 (호계동)",경기도 안양시 동안구 호계동 1296 상가2동 110호,14114,2024-12-05,영업/정상
경기,중앙프라자약국,031-441-4111,"경기도 안양시 만안구 안양로 293, 중앙빌딩 (안양동)",경기도 안양시 만안구 안양동 676-101 중앙빌딩,14001,2021-10-20,영업/정상
경기,한일약국,031-471-3892,경기도 안양시 만안구 충훈로 87 (석수동),경기도 안양시 만안구 석수동 785-17,13974,2013-08-02,영업/정상
경기,세종우리약국,031-471-8241,경기도 안양시 만안구 충훈로 83(석수동),경기도 안양시 만안구 석수동 785-18,13974,2022-01-11,영업/정상
경기,대웅약국,031-384-8000,경기도 안양시 동안구 관평로 330 (관양동),경기도 안양시 동안구 관양동 1408,13931,2013-08-22,영업/정상
경기,수촌늘푸른약국,031-386-4310,"경기도 안양시 동안구 관악대로287번길 27, 태광빌딩 1층 (관양동)",경기도 안양시 동안구 관양동 1380-2 태광빌딩,13936,2024-11-22,영업/정상
경기,중앙프라자약국,031-441-4111,경기도 안양시 만안구 안양로 293 (안양동),경기도 안양시 만안구 안양동 676-101,14001,2019-06-27,영업/정상
경기,오행당약국,031-456-1191,경기도 안양시 동안구 귀인로 112 (호계동),경기도 안양시 동안구 호계동 926 흥화아파트상가,14081,2004-03-30,영업/정상
경기,힐링약국,031-387-9111,"경기도 안양시 동안구 관악대로106번길 77, 비산롯데캐슬 상가동 1층 107호 (비산동)",경기도 안양시 동안구 비산동 409 비산롯데캐슬 상가동 107호,13954,2022-12-13,영업/정상
경기,편한약국,031-452-7030,"경기도 안양시 동안구 경수대로 430, A동 106호 (호계동, 호계e-편한세상(아))",경기도 안양시 동안구 호계동 813 호계e-편한세상(아)상가 A동 106호,14126,2013-08-14,영업/정상
경기,온누리산소약국,031-468-0825,"경기도 안양시 만안구 박달로 431, 102호 (박달동)",경기도 안양시 만안구 박달동 157-13 102호,13978,2018-11-12,영업/정상
경기,베스트팜약국,031-388-7879,"경기도 안양시 동안구 귀인로 198, 베스트타운 111,112호 (평촌동)",경기도 안양시 동안구 평촌동 361 베스트타운,14103,2023-02-27,영업/정상
경기,새안양 보룡약국,031-465-0140,"경기도 안양시 만안구 안양로 259, 1층 (안양동)",경기도 안양시 만안구 안양동 627-202,13997,2019-01-09,영업/정상
경기,온정약국,031-443-0280,"경기도 안양시 만안구 장내로 125, 1층 5호 (안양동)",경기도 안양시 만안구 안양동 676-117,14001,2025-02-28,영업/정상
경기,일약국,031-468-1488,경기도 안양시 만안구 박달로 518 (박달동),경기도 안양시 만안구 박달동 68-16,14009,2013-08-19,영업/정상
경기,평촌대형약국,031-360-3063,"경기도 안양시 동안구 시민대로 311, 금강스마트빌딩 2층 210호 (관양동)",경기도 안양시 동안구 관양동 1746 금강스마트빌딩,14055,2026-07-02,영업/정상
경기,동안약국,031-348-9788,경기도 안양시 동안구 경수대로 673 (호계동),경기도 안양시 동안구 호계동 926-12,14081,2013-08-12,영업/정상
경기,세화약국,031-471-4122,"경기도 안양시 만안구 안양로 455-1, 1층 (석수동)",경기도 안양시 만안구 석수동 317-15,13970,2026-01-28,영업/정상
경기,고약국,031-455-7861,경기도 안양시 동안구 경수대로 529(호계동),경기도 안양시 동안구 호계동 968-2,14120,2022-01-14,영업/정상
경기,리본약국,031-441-7162,"경기도 안양시 만안구 안양로 316, VON PLAZA 117호 (안양동)",경기도 안양시 만안구 안양동 668-33 VON PLAZA,13992,2023-05-16,영업/정상
경기,덕천 태평양약국,031-443-7605,"경기도 안양시 만안구 태평로52번길 47, 덕천디스퀘어 103호 (안양동)",경기도 안양시 만안구 안양동 1389-3 덕천디스퀘어 103호,14037,2019-12-18,영업/정상
경기,안양365약국,031-380-1442,"경기도 안양시 동안구 동안로 119, 킴스아울렛 지하1층 일부호 (호계동)",경기도 안양시 동안구 호계동 1039-3 킴스아울렛,14073,2025-08-12,영업/정상
경기,한소망약국,031-421-8777,"경기도 안양시 동안구 흥안대로 378, 101호 (평촌동, 서울안과빌딩)",경기도 안양시 동안구 평촌동 138-1 서울안과빌딩 101호,14064,2015-11-21,영업/정상
경기,신세계온누리약국,031-464-0369,"경기도 안양시 동안구 임곡로 62, 임곡주공프라자 116호 (비산동)",경기도 안양시 동안구 비산동 514 임곡주공프라자 116호,13916,2022-05-27,영업/정상
경기,청솔약국,031-472-4115,"경기도 안양시 만안구 안양로 472, 진양빌딩 1층 (석수동)",경기도 안양시 만안구 석수동 320-20 진양빌딩,13965,2023-03-02,영업/정상
경기,정원온누리약국,031-386-9946,경기도 안양시 동안구 동안로 271 (비산동),경기도 안양시 동안구 비산동 354-10 뉴타운아파트상가 110호,13920,2013-07-30,영업/정상
경기,안양우리들약국,031-442-2221,"경기도 안양시 만안구 안양로 297, 1층 102호 (안양동)",경기도 안양시 만안구 안양동 676-214,14001,2026-01-22,영업/정상
경기,평촌마트약국,031-381-7218,"경기도 안양시 동안구 동안로 162, 홈플러스 지층 (비산동)",경기도 안양시 동안구 비산동 1109-3 홈플러스 지하1층,14046,2018-09-05,영업/정상
경기,우리온누리약국,031-386-0491,경기도 안양시 동안구 동안로 128 (호계동),경기도 안양시 동안구 호계동 1045,14072,2013-08-14,영업/정상
경기,청원약국,031-466-2440,경기도 안양시 만안구 안양로 364 (안양동),경기도 안양시 만안구 안양동 847-20,13991,2013-08-12,영업/정상
경기,그린프라자약국,031-455-7900,경기도 안양시 동안구 경수대로 558 (호계동),경기도 안양시 동안구 호계동 995-5,14112,2014-07-16,영업/정상
경기,미담약국,031-468-8697,"경기도 안양시 만안구 태평로52번길 31, 102호 (안양동)",경기도 안양시 만안구 안양동 1390-3 102호,14037,2025-01-17,영업/정상
경기,늘봄약국,031-465-0111,경기도 안양시 만안구 박달로 531 (박달동),경기도 안양시 만안구 박달동 74-10,13987,2013-08-14,영업/정상
경기,소망약국,031-383-7942,경기도 안양시 동안구 평촌대로211번길 16 (호계동),경기도 안양시 동안구 호계동 1048-2,14072,2013-08-19,영업/정상
경기,늘편한약국,031-466-1237,"경기도 안양시 만안구 안양로 307, 금상타워 103호 (안양동)",경기도 안양시 만안구 안양동 676-7 금상타워 103호,14001,2022-07-25,영업/정상
경기,은행약국,031-388-1986,"경기도 안양시 동안구 관평로319번길 6, 1층 (관양동)",경기도 안양시 동안구 관양동 1397-11,13936,2024-01-02,영업/정상
경기,플러스약국,031-425-4215,"경기도 안양시 동안구 흥안대로 524, 삼우프라자 1층 101호 (관양동)",경기도 안양시 동안구 관양동 1505-25 삼우프라자,13943,2023-04-25,영업/정상
경기,다온약국,032-661-6002,"경기도 부천시 원미구 신흥로 150, 위브더스테이트 7동 217호 (중동)",경기도 부천시 원미구 중동 1113 위브더스테이트,14574,2020-04-14,영업/정상
경기,동남온누리약국,032-349-5542,경기도 부천시 소사구 소사로 191 (소사본동),경기도 부천시 소사구 소사본동,14708,2013-08-21,영업/정상
경기,편한우리약국,032-326-1620,"경기도 부천시 원미구 중동로 256, 삼성프라자 203호일부호 (중동)",경기도 부천시 원미구 중동 1150-14 삼성프라자,14548,2022-07-21,영업/정상
경기,이화윤약국,032-651-3080,"경기도 부천시 소사구 경인로 210-1, 1층 일부호 (심곡본동)",경기도 부천시 소사구 심곡본동 667-5,14711,2024-10-08,영업/정상
경기,샘물약국,032-677-8930,"경기도 부천시 오정구 성지로101번길 38 (원종동, 금홍상가)",경기도 부천시 오정구 원종동 299-2,14414,2014-03-17,영업/정상
경기,가까운약국,032-678-8133,"경기도 부천시 원미구 수도로 202, 은성프라자 1층 일부호 (도당동)",경기도 부천시 원미구 도당동 43-3 은성프라자,14480,2023-02-21,영업/정상
경기,상동메디컬약국,070-4095-6825,"경기도 부천시 원미구 길주로 105, 드림모아 6층 603호 (상동)",경기도 부천시 원미구 상동 535-5 드림모아,14542,2024-06-10,영업/정상
경기,무지개약국,032-207-7020,"경기도 부천시 원미구 길주로 91 (상동, 비잔티움)",경기도 부천시 원미구 상동 534-6,14543,2017-04-11,영업/정상
경기,부천제일큰약국,032-321-8704,"경기도 부천시 원미구 송내대로 239, 소풍(부천터미널) 지하1층 BF14~19호 (상동)",경기도 부천시 원미구 상동 539-1 소풍(부천터미널),14545,2025-01-31,영업/정상
경기,동경약국,032-672-6633,경기도 부천시 오정구 중동로 403 (삼정동),,14499,2014-05-09,영업/정상
경기,중동동서약국,032-324-0210,"경기도 부천시 원미구 조마루로285번길 34, 이스트타워 원 108호 (중동)",경기도 부천시 원미구 중동 1129 이스트타워 원,14580,2024-08-23,영업/정상
경기,역곡큰약국,032-345-0222,"경기도 부천시 소사구 경인로 511, 역곡noon빌딩 105~109, 110, 113~120호 (괴안동)",경기도 부천시 소사구 괴안동 113-8 역곡noon빌딩,14676,2020-07-27,영업/정상
경기,굿모닝약국,032-611-5431,"경기도 부천시 소사구 경인로110번길 17, 1층 (송내동)",경기도 부천시 소사구 송내동 383-20,14727,2024-12-13,영업/정상
경기,환희약국,032-678-2169,경기도 부천시 오정구 오정로220번길 4 (오정동),경기도 부천시 오정구 오정동 577,14437,2013-08-13,영업/정상
경기,청아약국,032-657-7644,"경기도 부천시 원미구 중동로 100, 팰리스카운티 209호 (중동)",경기도 부천시 원미구 중동 1289 팰리스카운티 209호,14613,2022-10-05,영업/정상
경기,라온온누리약국,032-323-3231,"경기도 부천시 원미구 길주로 234, 1008호 (중동, 힐스테이트 중동)",경기도 부천시 원미구 중동 1301 힐스테이트 중동,14547,2022-06-09,영업/정상
경기,스마일약국,032-349-1119,"경기도 부천시 소사구 소사로 180, 1층 101호 (소사본동)",경기도 부천시 소사구 소사본동 184-8 101호,14762,2023-08-02,영업/정상
경기,센타약국,032-662-7778,"경기도 부천시 소사구 옥길로 123, 센타프라자 104호 (옥길동)",경기도 부천시 소사구 옥길동 726-1 센타프라자,14784,2021-02-17,영업/정상
경기,바른정한약국,032-343-8896,"경기도 부천시 소사구 소삼로 38, 휴안뷰 1층 103호 (소사본동)",경기도 부천시 소사구 소사본동 137-1 휴안뷰,14701,2019-12-20,영업/정상
경기,한미소약국,070-7718-9927,"경기도 부천시 원미구 도약로 35, 1층 (상동)",경기도 부천시 원미구 상동 524-1,14504,2022-05-23,영업/정상
경기,다인약국,070-4833-2763,"경기도 부천시 원미구 신흥로 223, 신중동역 랜드마크 푸르지오 시티 5층 514, 515호 (중동)","경기도 부천시 원미구 중동 1059 신중동역 랜드마크 푸르지오 시티 514,호",14539,2023-05-04,영업/정상
경기,태평양약국,032-684-6737,"경기도 부천시 오정구 성지로 101, 보영빌딩 108호 (원종동)",경기도 부천시 오정구 원종동 339-1 보영빌딩 108호,14414,2019-08-02,영업/정상
경기,뿌리약국,032-644-2561,"경기도 부천시 원미구 부천로 34, 김흥균산부인과 (심곡동)",경기도 부천시 원미구 심곡동 164-3 김흥균산부인과,14641,2017-05-26,영업/정상
경기,은성약국,032-677-8106,"경기도 부천시 원미구 수도로 182, 101호 (도당동, 삼성I파크)",경기도 부천시 원미구 도당동 42-1 삼성I파크,14480,2017-03-21,영업/정상
경기,별빛약국,032-612-1864,"경기도 부천시 소사구 옥길로 1, 스타필드시티 부천 2층 일부호 (옥길동)",경기도 부천시 소사구 옥길동 768 스타필드시티 부천,14789,2023-02-10,영업/정상
경기,박약국,032-715-9636,"경기도 부천시 원미구 부일로 293, LT TOWER 1층 일부호 (상동)",경기도 부천시 원미구 상동 318-5 LT TOWER,14621,2022-08-05,영업/정상
경기,미래약국,032-661-6534,경기도 부천시 원미구 장말로 198 (상동),경기도 부천시 원미구 상동 235-6,14618,2024-06-05,영업/정상
경기,하나로약국,032-326-5358,"경기도 부천시 원미구 중동로 258, 금강프라자 101호 (중동)",경기도 부천시 원미구 중동 1150 금강프라자,14548,2022-07-11,영업/정상
경기,고강녹십자약국,032-681-9222,경기도 부천시 오정구 역곡로 480 (고강동),,14408,2016-02-24,영업/정상
경기,우리좋은약국,032-205-0115,"경기도 부천시 원미구 길주로 280, 프리머스 부천타워 114호 (중동)",경기도 부천시 원미구 중동 1141-2 프리머스 부천타워,14548,2022-04-21,영업/정상
경기,아름약국,032-327-9922,"경기도 부천시 원미구 소향로 246, 새롬프라자 6차 107호 (중동)",경기도 부천시 원미구 중동 1134 새롬프라자 6차,14580,2022-05-26,영업/정상
경기,약사랑약국,032-662-4789,"경기도 부천시 원미구 부천로 57-1, 선영프라자 1층 101호 (심곡동)",경기도 부천시 원미구 심곡동 355-8 선영프라자,14633,2020-10-16,영업/정상
경기,포도마을약국,032-321-6451,"경기도 부천시 원미구 조마루로 137, 포도마을 삼보상가 101호 (중동)",경기도 부천시 원미구 중동 1170 포도마을,14583,2025-04-22,영업/정상
경기,원종이화약국,032-683-7133,경기도 부천시 오정구 소사로 754(원종동),경기도 부천시 오정구 원종동 280-12,14424,2022-05-16,영업/정상
경기,나라약국,032-327-3257,"경기도 부천시 원미구 길주로 205, 솔라리움A동 1층 109호 (중동)",경기도 부천시 원미구 중동 1034 솔라리움A동,14538,2021-03-02,영업/정상
경기,상동자이약국,032-212-5567,"경기도 부천시 원미구 부일로 203, 108호 (상동, 상동스카이뷰자이)",경기도 부천시 원미구 상동 413 상동스카이뷰자이,14598,2024-07-31,영업/정상
경기,스타약국,032-612-8881,"경기도 부천시 원미구 부천로29번길 7, 104호 (심곡동)",경기도 부천시 원미구 심곡동 177-1,14634,2018-10-26,영업/정상
경기,상동본약국,032-611-1088,"경기도 부천시 원미구 부일로297번길 27, 1층 일부 (상동)",경기도 부천시 원미구 상동 315-3,14621,2021-08-04,영업/정상
경기,누가약국,032-345-5453,"경기도 부천시 원미구 역곡로 24, 덕산 빌딩 105호 (역곡동)",경기도 부천시 원미구 역곡동 84 덕산 빌딩,14670,2019-04-16,영업/정상
경기,평화약국,032-321-6867,"경기도 부천시 원미구 중동로248번길 52, 네이버시티빌딩 104호 (중동)",경기도 부천시 원미구 중동 1145-2 네이버시티빌딩,14548,2024-12-19,영업/정상
경기,효원온누리약국,032-565-4668,"경기도 부천시 소사구 범안로 221, 1층 103호 (옥길동)",경기도 부천시 소사구 옥길동 777-1,14789,2019-05-03,영업/정상
경기,메디팜성모약국,032-349-0050,경기도 부천시 원미구 부일로571번길 55 (소사동),경기도 부천시 원미구 소사동 5-42,14647,2020-06-24,영업/정상
경기,온누리정성약국,032-328-2538,"경기도 부천시 원미구 부일로 223, 뉴코아중동백화점 1층 7호 (상동)",경기도 부천시 원미구 상동 461 뉴코아중동백화점,14623,2020-08-31,영업/정상
경기,부천한우리약국,032-612-1587,경기도 부천시 소사구 성주로 267 (심곡본동),경기도 부천시 소사구 심곡본동 675-1,14713,2012-10-12,영업/정상
경기,세명약국,032-345-4762,"경기도 부천시 소사구 소안로 24, 1층 101호 (괴안동)",경기도 부천시 소사구 괴안동 30-3,14699,2020-10-05,영업/정상
경기,도원온누리,032-710-9095,"경기도 부천시 소사구 경인로 65, 혜영빌딩 1층 일부호 (송내동)",경기도 부천시 소사구 송내동 366-7 혜영빌딩,14721,2022-10-14,영업/정상
경기,부천중동약국,032-324-0399,"경기도 부천시 원미구 길주로 288, 다운타운 105호 (중동)",경기도 부천시 원미구 중동 1141-5 다운타운,14548,2024-10-08,영업/정상
경기,원종고래약국,032-719-7334,"경기도 부천시 오정구 원종로 41, 1층 일부호 (원종동)",경기도 부천시 오정구 원종동 228-6,14427,2024-05-24,영업/정상
경기,나눔약국,032-625-2784,경기도 부천시 오정구 소사로 713 (원종동),경기도 부천시 오정구 원종동 375-1,14465,2018-05-04,영업/정상
경기,성가메디칼약국,032-341-4054,"경기도 부천시 원미구 부일로571번길 49, 1층 (소사동)",경기도 부천시 원미구 소사동 9,14647,2025-07-25,영업/정상
경기,건강돌봄약국,032-323-6709,"경기도 부천시 원미구 상동로 81, 센타프라자 103호 (상동)",경기도 부천시 원미구 상동 544-6 센타프라자 103호,14544,2023-07-12,영업/정상
경기,메디팜유경약국,032-342-8252,"경기도 부천시 소사구 범안로 117, 현대리치모아 4층 6호 (범박동)",경기도 부천시 소사구 범박동 155-2 현대리치모아,14782,2020-12-15,영업/정상
경기,메디슨약국,032-347-0771,"경기도 부천시 소사구 경인로536번길 27, 메디슨167 1층 104호 (괴안동)",경기도 부천시 소사구 괴안동 167 메디슨167,14679,2022-08-24,영업/정상
경기,튼튼약국,032-221-6774,"경기도 부천시 오정구 중동로 407, 세종빌딩 1층 (삼정동)",경기도 부천시 오정구 삼정동 293-30 세종빌딩,14499,2020-10-16,영업/정상
경기,대화메디컬약국,032-677-4383,"경기도 부천시 오정구 역곡로 482, 유하메디빌딩 105호 (고강동)",경기도 부천시 오정구 고강동 348-1 유하메디빌딩 105호,14408,2024-01-08,영업/정상
경기,나실약국,032-239-3653,"경기도 부천시 원미구 신흥로 223, 신중동역 랜드마크 푸르지오 시티 4층 414호 (중동)",경기도 부천시 원미구 중동 1059 신중동역 랜드마크 푸르지오 시티 414호,14539,2023-07-05,영업/정상
경기,이화약국,032-652-8684,"경기도 부천시 원미구 장말로 294, 1층 (심곡동)",경기도 부천시 원미구 심곡동 326,14615,2024-05-13,영업/정상
경기,스마일온누리약국,032-349-7582,"경기도 부천시 원미구 역곡로 3, 역곡덕지빌딩 101호 (역곡동)",경기도 부천시 원미구 역곡동 80-5 역곡덕지빌딩,14673,2023-09-21,영업/정상
경기,유원센터약국,032-240-6288,"경기도 부천시 원미구 조마루로385번길 92, 부천테크노밸리 U1 center 127호 (원미동)",경기도 부천시 원미구 원미동 39-1 부천테크노밸리 U1 center,14558,2021-09-27,영업/정상
경기,구세약국,032-349-4705,경기도 부천시 소사구 경인로 326-1 (소사본동),경기도 부천시 소사구 소사본동 91-31,14754,2020-07-16,영업/정상
경기,다산약국,032-344-8190,경기도 부천시 원미구 부일로 567(소사동),경기도 부천시 원미구 소사동 17-10,14647,2022-11-01,영업/정상
경기,경인종로약국,032-672-7155,"경기도 부천시 오정구 오정로 242, 낙원빌딩 (오정동)",경기도 부천시 오정구 오정동 555 낙원빌딩,14436,2023-04-20,영업/정상
경기,로얄약국,032-328-4098,"경기도 부천시 원미구 길주로 307, 로얄프라자 117호 (중동)",경기도 부천시 원미구 중동 1062-4 로얄프라자,14534,2025-04-01,영업/정상
경기,은하약국,032-324-1090,"경기도 부천시 원미구 길주로 199, 굿모닝프라자 111호 (중동)",경기도 부천시 원미구 중동 1033-3 굿모닝프라자,14538,2020-06-26,영업/정상
경기,별님약국,032-325-1816,"경기도 부천시 원미구 상동로 90, 메가플러스 104호 (상동)",경기도 부천시 원미구 상동 541-1 메가플러스,14545,2022-06-16,영업/정상
경기,새봄약국,032-612-9195,"경기도 부천시 원미구 부일로 474, 1층 (심곡동)",경기도 부천시 원미구 심곡동 175-24,14637,2021-04-07,영업/정상
경기,상동온누리약국,032-322-2911,"경기도 부천시 원미구 상동로 108, 다인타운 (상동)",경기도 부천시 원미구 상동 535-4 다인타운,14542,2015-09-23,영업/정상
경기,도당메디칼약국,032-684-1350,"경기도 부천시 원미구 삼작로 287, 1층 (도당동)",경기도 부천시 원미구 도당동 116-14,14459,2019-11-26,영업/정상
경기,시원약국,032-323-7665,"경기도 부천시 원미구 상동로 87, 가나베스트타운 쓰리 1층 112호 (상동)",경기도 부천시 원미구 상동 544-4 가나베스트타운 쓰리,14544,2022-11-17,영업/정상
경기,삼성약국,032-664-9880,"경기도 부천시 소사구 경인로53번길 8, 105호 (송내동)",경기도 부천시 소사구 송내동 366 상승프라자,14721,2017-10-18,영업/정상
경기,서울온누리약국,032-328-7400,"경기도 부천시 원미구 소향로 51, 메디위즈 101호 (상동)",경기도 부천시 원미구 상동 542-6 메디위즈,14545,2021-01-11,영업/정상
경기,힐스우리약국,032-719-4700,"경기도 부천시 원미구 길주로 234, 203동 1층 1032호 (중동, 힐스테이트 중동)",경기도 부천시 원미구 중동 1301 힐스테이트 중동,14547,2024-05-03,영업/정상
경기,호약국,032-675-2984,"경기도 부천시 원미구 부흥로373번길 6, 1층 (심곡동)",경기도 부천시 원미구 심곡동 118-2,14578,2023-05-25,영업/정상
경기,메디컬우리약국,032-679-1237,"경기도 부천시 원미구 부천로 198, A동 1층 (춘의동)",경기도 부천시 원미구 춘의동 165-6,14555,2019-10-18,영업/정상
경기,새현대약국,032-341-7467,"경기도 부천시 원미구 역곡로 8, 오킴스타워 (역곡동)",경기도 부천시 원미구 역곡동 82-10 오킴스타워,14670,2016-03-23,영업/정상
경기,새로온누리약국,032-713-8337,"경기도 부천시 원미구 부흥로315번길 62, 필-그린타워 104호 (중동)",경기도 부천시 원미구 중동 1126-1 필-그린타워,14582,2024-07-15,영업/정상
경기,딸기약국,032-323-7911,"경기도 부천시 원미구 길주로 189, 우신빌딩 101호 (중동)",경기도 부천시 원미구 중동 1033 우신빌딩,14538,2024-02-01,영업/정상
경기,유림약국,032-665-3793,"경기도 부천시 원미구 원미로 111, 나동 101호 (원미동, 유림아파트)",경기도 부천시 원미구 원미동 115-1 유림아파트,14571,2018-05-30,영업/정상
경기,즐거운약국,032-682-7580,경기도 부천시 오정구 고강로72번길 21 (고강동),경기도 부천시 오정구 고강동 311,14416,2013-06-07,영업/정상
경기,뉴녹십자약국,032-343-0307,"경기도 부천시 원미구 부일로 727, B,N,G,2000빌딩 1층 (역곡동)","경기도 부천시 원미구 역곡동 77-10 B,N,G,2000빌딩",14671,2025-11-11,영업/정상
경기,구생약국,032-671-2392,"경기도 부천시 오정구 고리울로52번길 29, 1층 106, 107호 (고강동, DH(디에이치)주상복합빌딩)",경기도 부천시 오정구 고강동 398-2 DH(디에이치)주상복합빌딩,14409,2020-06-01,영업/정상
경기,청약국,032-327-4271,"경기도 부천시 원미구 부일로 460, 시네마존 (심곡동)",경기도 부천시 원미구 심곡동 383-1 시네마존,14637,2022-02-24,영업/정상
경기,새희망약국,032-344-8571,"경기도 부천시 소사구 성주로 90, 1층 (송내동)",경기도 부천시 소사구 송내동 463-68,14745,2020-07-13,영업/정상
경기,4층약국,032-322-3871,"경기도 부천시 원미구 신흥로 223, 신중동역 랜드마크 푸르지오 시티 406호 (중동)",경기도 부천시 원미구 중동 1059 신중동역 랜드마크 푸르지오 시티,14539,2026-01-22,영업/정상
경기,메디팜비타민약국,032-663-6563,"경기도 부천시 소사구 성주로 267, 명한의원 1층 (심곡본동)",경기도 부천시 소사구 심곡본동 675-1 명한의원,14713,2019-06-07,영업/정상
경기,스마트약국,032-322-1066,"경기도 부천시 원미구 상동로 90, 메가플러스 1층 18호 (상동)",경기도 부천시 원미구 상동 541-1 메가플러스,14545,2021-01-08,영업/정상
경기,그랑약국,032-611-2954,"경기도 부천시 원미구 석천로 106, 인성프라자 1층 일부호 (중동)",경기도 부천시 원미구 중동 679-5 인성프라자,14585,2024-08-05,영업/정상
경기,태양약국,032-667-9700,"경기도 부천시 소사구 부천로 1, 부천역사쇼핑몰 4층 (심곡본동)",경기도 부천시 소사구 심곡본동 316-2 부천역사쇼핑몰,14637,2019-06-07,영업/정상
경기,원종센타약국,032-675-2663,경기도 부천시 오정구 소사로 799(원종동),경기도 부천시 오정구 원종동 230-2,14427,2023-02-10,영업/정상
경기,이강약국,032-322-8593,"경기도 부천시 원미구 석천로 171, 중동프라자 112호 (중동)",경기도 부천시 원미구 중동 1162-5 중동프라자,14546,2022-12-21,영업/정상
경기,신한사량약국,032-343-3045,경기도 부천시 소사구 은성로98번길 64 (소사본동),경기도 부천시 소사구 소사본동 278-54,14767,2026-04-28,영업/정상
경기,샘터약국,02-2618-7548,"경기도 광명시 광복로 62, 수지빌딩 1층 (철산동)",경기도 광명시 철산동 56-13 수지빌딩,14209,2020-01-02,영업/정상
경기,광복약국,02-2625-3007,"경기도 광명시 광복로 64 (철산동, 상원빌딩)",,14209,2015-10-13,영업/정상
경기,아울렛약국,02-2067-7557,"경기도 광명시 철산로 4, 이천일아울렛 지하1층 192호 (철산동)",경기도 광명시 철산동 261 이천일아울렛 B192호,14237,2018-08-16,영업/정상
경기,다정약국,02-2060-3371,경기도 광명시 오리로 960 (광명동),경기도 광명시 광명동 150-11,14221,2018-09-04,영업/정상
경기,예인약국,02-3666-7582,"경기도 광명시 오리로 957, 누가빌딩 1층 (광명동)",경기도 광명시 광명동 158-491 누가빌딩 1층,14263,2022-06-09,영업/정상
경기,타워약국,02-806-4030,"경기도 광명시 양지로 21, 유플래닛제어반브릭스씨동 111~112호 (일직동)",경기도 광명시 일직동 512-3 111~2호,14345,2023-06-09,영업/정상
경기,라라약국,02-6012-4489,"경기도 광명시 신기로 21, GS steel Tower 1층 105호 (일직동)",경기도 광명시 일직동 511-5 GS steel Tower,14344,2019-06-19,영업/정상
경기,365밝은약국,02-2612-4100,"경기도 광명시 광명로 914-1, 1층 (광명동)",경기도 광명시 광명동 158-72,14220,2020-01-02,영업/정상
경기,장수온누리약국,02-2686-8677,경기도 광명시 광명로 814 (광명동),경기도 광명시 광명동 374-71,14275,2013-05-20,영업/정상
경기,신진약국,02-2688-4059,"경기도 광명시 디지털로 25, 청덕빌딩 (철산동)",경기도 광명시 철산동 446 청덕빌딩,14239,2014-06-13,영업/정상
경기,정다운약국,02-897-1430,"경기도 광명시 소하로 81, 아이플렉스 103호 (소하동)",경기도 광명시 소하동 1339-1,14316,2022-04-14,영업/정상
경기,해솔동네약국,02-890-4200,"경기도 광명시 광명로 896, 해솔빌딩 1층 103호 (광명동)",경기도 광명시 광명동 158-514,14262,2020-08-03,영업/정상
경기,소하백화점약국,02-897-0324,"경기도 광명시 하안로 200, 스페이스타원 101호 (소하동)",경기도 광명시 소하동 55-63 스페이스타원 101호,14313,2018-02-27,영업/정상
경기,기운찬판도라약국,02-2060-6672,"경기도 광명시 광명로 907, 광명빌딩 1층 (광명동)",경기도 광명시 광명동 158-86 광명빌딩,14202,2018-03-05,영업/정상
경기,인정온누리약국,02-804-9649,경기도 광명시 하안로 108 (소하동),경기도 광명시 소하동 1365,14319,2013-08-16,영업/정상
경기,노벨약국,02-898-0607,"경기도 광명시 하안로 295, 1층 (하안동)",경기도 광명시 하안동 36-5,14305,2023-05-02,영업/정상
경기,봉약국,02-2682-9438,"경기도 광명시 하안로 309, 세인빌딩 101호 (하안동)",경기도 광명시 하안동 34-3 세인빌딩 101호,14248,2026-01-16,영업/정상
경기,보람약국,02-2686-9333,"경기도 광명시 시청로 100, 근린생활시설 1-12호 (철산동, 철산자이브리에르)",경기도 광명시 철산동 105 철산자이브리에르 1-12호,14229,2013-08-19,영업/정상
경기,모범약국,2612-2705,경기도 광명시 오리로 976 (광명동),경기도 광명시 광명동 158-85,14220,1983-01-06,영업/정상
경기,광명훼미리 약국,02-2617-7205,"경기도 광명시 광명로 834, 광명 퍼스트 스위첸 (광명동)",경기도 광명시 광명동 344 광명 퍼스트 스위첸,14273,2014-12-02,영업/정상
경기,중앙약국,02-2683-9982,"경기도 광명시 광명로 837, 1층 (광명동)",경기도 광명시 광명동 290-52,14291,2026-06-12,영업/정상
경기,수온누리약국,02-899-7525,"경기도 광명시 하안로 180, 101호 (소하동)",경기도 광명시 소하동 49-2 101호,14313,2026-02-23,영업/정상
경기,정문약국,02-6914-6080,"경기도 광명시 일직로 43, GIDC상가  1층 (일직동)",경기도 광명시 일직동 514 GICD상가 1층,14353,2022-03-25,영업/정상
경기,하늘약국,02-898-7290,경기도 광명시 오리로 351 (소하동),경기도 광명시 소하동 1075-5,14333,2013-06-13,영업/정상
경기,광명신세계약국,02-2688-7331,"경기도 광명시 광명로 906, 현대아이타워 1층 106호 (광명동)",경기도 광명시 광명동 158-81 현대아이타워,14220,2020-05-21,영업/정상
경기,노벨약국,02-898-0607,"경기도 광명시 하안로 295, 1층 (하안동)",경기도 광명시 하안동 36-5,14305,2026-02-20,영업/정상
경기,철산약국,2612-2342,경기도 광명시 오리로 857 (철산동),경기도 광명시 철산동 484-5,14250,2013-06-19,영업/정상
경기,광명든든약국,02-2688-7531,"경기도 광명시 광명로832번길 5, 102,103호 (광명동)",경기도 광명시 광명동 342-5,14273,2021-12-28,영업/정상
경기,하얀약국,02-2060-9912,"경기도 광명시 철산로 36, 양정타워 107호 (철산동)",경기도 광명시 철산동 385 양정타워,14237,2021-07-01,영업/정상
경기,다나아약국,02-2685-5777,"경기도 광명시 철산로 32, 103호 (철산동)",경기도 광명시 철산동 384,14237,2021-06-28,영업/정상
경기,나나약국,02-2686-1005,경기도 광명시 오리로 966 (광명동),,14220,2016-01-13,영업/정상
경기,새솔약국,02-893-0010,"경기도 광명시 일직로 17, 이케아광명점,롯데아울렛 3층 (일직동)","경기도 광명시 일직동 500 이케아광명점,롯데아울렛",14352,2019-04-03,영업/정상
경기,21세기 약국,02-2689-1925,"경기도 광명시 오리로 853, 광덕빌딩 1층 (철산동)",경기도 광명시 철산동 495-12 광덕빌딩,14252,2021-06-29,영업/정상
경기,자이온누리약국,02-6299-7799,"경기도 광명시 새빛공원로 67, 광명역자이타워 A동 120호 (일직동)",경기도 광명시 일직동 515-1 광명역자이타워 A동 120호,14348,2020-10-05,영업/정상
경기,소망약국,02-897-7470,"경기도 광명시 오리로 647, 창원빌딩 101호 (하안동)",경기도 광명시 하안동 305-4 창원빌딩,14303,2019-10-02,영업/정상
경기,참약국(광명동물약국),02-807-8816,"경기도 광명시 하안로 313, 101호 (하안동, 근영빌딩)",경기도 광명시 하안동 34-1,14248,2016-10-07,영업/정상
경기,큰사랑약국,02-891-9989,"경기도 광명시 하안로 112, 신촌프라자 113,114호 (소하동)",경기도 광명시 소하동 1364 신촌프라자,14318,2019-05-27,영업/정상
경기,인제약국,02-2612-8150,"경기도 광명시 금하로 525, AH빌딩 103호 (소하동)",경기도 광명시 소하동 36-2,14314,2021-04-21,영업/정상
경기,철산약국,02-2612-2342,"경기도 광명시 오리로 857, 일청빌딩 1동 9, 10호 (철산동)","경기도 광명시 철산동 484-5 일청빌딩 1동 9, 10호",14250,2026-02-02,영업/정상
경기,참사랑해든약국,02-2066-0688,"경기도 광명시 오리로 889, 1층 (철산동)",경기도 광명시 철산동 467-301,14250,2019-05-29,영업/정상
경기,철산한마음약국,02-2060-8556,"경기도 광명시 철산로 20, 야우리빌딩 101호 (철산동)",경기도 광명시 철산동 272 야우리빌딩,14237,2021-06-23,영업/정상
경기,소하중앙약국,02-899-4798,"경기도 광명시 소하로 190, 광명G타워 1층 130호 (소하동)",경기도 광명시 소하동 1344 광명G타워 1동 130호,14322,2022-08-03,영업/정상
경기,온누리선우약국,02-2618-8733,"경기도 광명시 철산로 27, 명동빌딩 107호 (철산동)",경기도 광명시 철산동 245-4 107호,14236,2023-06-07,영업/정상
경기,명지옵티마약국,02-2684-1251,"경기도 광명시 오리로 865, 철산빌딩 1층 2호 (철산동)",경기도 광명시 철산동 482 철산빌딩,14250,2020-07-20,영업/정상
경기,신소하약국,02-899-1985,경기도 광명시 오리로 381 (소하동),경기도 광명시 소하동 913-5,14333,2019-09-27,영업/정상
경기,금화약국,02-2612-2090,경기도 광명시 광일로 45-1 (광명동),경기도 광명시 광명동 19-6,14208,2004-04-21,영업/정상
경기,건강한 약국,02-2681-7077,"경기도 광명시 광명로 824, 1층 (광명동)",경기도 광명시 광명동 339-1,14274,2018-08-08,영업/정상
경기,광명마더스약국,02-3666-5121,"경기도 광명시 철망산로 87, 세이브존 지하 1층 (철산동)",경기도 광명시 철산동 367 세이브존,14243,2019-12-26,영업/정상
경기,하나약국,02-6747-5835,"경기도 광명시 범안로 1045, 제일프라자빌딩 102호 (하안동)",경기도 광명시 하안동 34-8,14248,2019-09-27,영업/정상
경기,하안약국,02-898-0232,경기도 광명시 하안로 258 (하안동),경기도 광명시 하안동 200-1,14307,2013-06-13,영업/정상
경기,봄빛약국,02-2683-9128,경기도 광명시 오리로 940 (광명동),경기도 광명시 광명동 126-19,14217,2013-07-04,영업/정상
경기,희망온누리약국,02-899-9683,경기도 광명시 오리로 378 (소하동),경기도 광명시 소하동 1242-15,14327,2007-02-16,영업/정상
경기,소사벌 온누리 약국,031-692-1236,경기도 평택시 비전4로 47 (비전동),경기도 평택시 비전동 1096,17854,2018-03-27,영업/정상
경기,평택동물약국,070-4221-3902,"경기도 평택시 평택5로 30, 롯데마트 평택점 1층 (합정동)",경기도 평택시 합정동 968-1 롯데마트 평택점,17902,2023-02-10,영업/정상
경기,모산골약국,031-651-5029,"경기도 평택시 지제동삭2로 181-24, 107호 (동삭동)",경기도 평택시 동삭동 386-23,18029,2023-02-22,영업/정상
경기,다나약국,031-652-8102,경기도 평택시 중앙로 148 (합정동),경기도 평택시 합정동 757-4,17907,2013-04-09,영업/정상
경기,그린약국,031-647-0183,"경기도 평택시 중앙2로 15, 1층 (평택동)",경기도 평택시 평택동 291-10,17909,2022-03-02,영업/정상
경기,조일약국,031-652-6199,경기도 평택시 평택로32번길 2 (평택동),경기도 평택시 평택동 296,17912,2019-06-10,영업/정상
경기,모닝약국,031-652-3339,"경기도 평택시 소사2길 4, 1층 (소사동)",경기도 평택시 소사동 515,17877,2020-09-08,영업/정상
경기,온누리수정약국,031-666-2060,경기도 평택시 중앙시장로20번길 20 (신장동),경기도 평택시 신장동 274-157,17758,2013-05-20,영업/정상
경기,솔약국,031-618-9588,"경기도 평택시 비전3로 25, 골든프라자 (비전동)",경기도 평택시 비전동 1027-3 골든프라자,17852,2019-07-11,영업/정상
경기,평택예스약국,031-654-9616,경기도 평택시 지제동삭1로 208 (동삭동),경기도 평택시 동삭동 0,18029,2024-06-11,영업/정상
경기,유미약국,031-666-2577,경기도 평택시 지산로 62 (지산동),경기도 평택시 지산동 1076,17763,2013-07-08,영업/정상
경기,건강약국,031-657-4196,경기도 평택시 평택2로20번길 8 (평택동),경기도 평택시 평택동 282,17909,2023-08-18,영업/정상
경기,봄봄온누리약국,031-667-0116,"경기도 평택시 중앙로 96, 스카이 빌딩 1층 101호 (합정동)",경기도 평택시 합정동 672-2,17909,2013-05-20,영업/정상
경기,플러스약국,070-8633-3358,"경기도 평택시 경기대로 1103, 홈플러스 B1층 (장당동)",경기도 평택시 장당동 390-1 홈플러스,17784,2023-03-15,영업/정상
경기,현화메디컬약국,031-686-9111,경기도 평택시 안중읍 안현로서8길 17,경기도 평택시 안중읍 현화리 837-1,17943,2023-05-23,영업/정상
경기,비전하늘약국,031-655-2481,"경기도 평택시 평남로 941, 우성메디피아 (비전동)",경기도 평택시 비전동 1012-2 우성메디피아,17852,2021-09-09,영업/정상
경기,고덕우리약국,031-611-0662,"경기도 평택시 고덕중앙로 200-4, 우성고덕타워 118호 (고덕동)",경기도 평택시 고덕동 1973-1 우성고덕타워,18014,2023-03-29,영업/정상
경기,별약국,031-647-0745,"경기도 평택시 고덕국제5로 145, 106호 (고덕동)",경기도 평택시 고덕동 0,18022,2024-03-25,영업/정상
경기,우리동네효자약국,031-684-5787,"경기도 평택시 청북읍 청북남로 254, 112호",경기도 평택시 청북읍 옥길리 1157-5,17805,2025-03-09,영업/정상
경기,청북온누리약국,031-686-8690,"경기도 평택시 청북읍 안청로 332, 한남프라자",경기도 평택시 청북읍 옥길리 1162-1 한남프라자,17808,2019-08-26,영업/정상
경기,수약국,031-684-8181,"경기도 평택시 안중읍 안현로서8길 23, 동흥빌딩 1층",경기도 평택시 안중읍 현화리 836-3,17943,2013-07-08,영업/정상
경기,평택종합약국,031-657-8383,경기도 평택시 경기대로 267 (비전동),경기도 평택시 비전동 830-7,17885,2017-09-25,영업/정상
경기,시드니약국,031-611-1666,"경기도 평택시 탄현1로 160, 탤론타워 102호 (신장동)",경기도 평택시 신장동 259-3,17767,2025-12-03,영업/정상
경기,아이본약국,031-647-6334,경기도 평택시 평택5로34번길 6-1(합정동),경기도 평택시 합정동 965-3,17902,2022-02-14,영업/정상
경기,아침동물약국,031-668-8140,경기도 평택시 탄현로336번길 10 (지산동),경기도 평택시 지산동 753-6,17757,2013-07-08,영업/정상
경기,청북솔약국,070-4176-8751,경기도 평택시 서정역로 50 (서정동),경기도 평택시 서정동 308-9,17779,2017-04-14,영업/정상
경기,고덕스타약국,070-8702-6900,"경기도 평택시 고덕국제대로 77, 301동 지하1층 210~212호 (고덕동, 힐스테이트 고덕 센트럴)",경기도 평택시 고덕동 2618-3 힐스테이트 고덕 센트럴,18018,2025-05-26,영업/정상
경기,동서약국,031-655-6252,"경기도 평택시 통복로 45-1, 1층 (통복동)",경기도 평택시 통복동 100-1,17893,2022-09-21,영업/정상
경기,슬기로운 약국,031-667-3206,"경기도 평택시 고덕갈평5길 32, 그랜드메디컬타워 110,111호 (고덕동)",경기도 평택시 고덕동 1886-1 그랜드메디컬타워,18008,2022-06-29,영업/정상
경기,우성탑약국,031-667-0528,"경기도 평택시 고덕면 고덕중앙로 218, 우성메디컬센터 1층 113,114호",경기도 평택시 고덕면 여염리 4318-1,18014,2021-02-02,영업/정상
경기,태평양약국,031-651-7233,경기도 평택시 중앙로 298 (합정동),경기도 평택시 합정동 866-6,17874,2013-07-08,영업/정상
경기,장당온누리약국,031-668-7588,"경기도 평택시 청원로 1200, 금강프라자 105호 (이충동)",경기도 평택시 이충동 609-2 금강프라자,17785,2021-08-17,영업/정상
경기,평택대형약국,031-681-1170,"경기도 평택시 안중읍 성해1길 18-20, B동",경기도 평택시 안중읍 성해리 280-1 B동,17815,2025-10-27,영업/정상
경기,우리동네현대약국,031-8094-0110,"경기도 평택시 세교6로 45, 상가동 205호 (세교동, 힐스테이트 평택2차)",경기도 평택시 세교동 303-1 힐스테이트 평택2차,17842,2018-10-02,영업/정상
경기,명성약국,031-351-1780,경기도 평택시 관광특구로 19 (서정동),경기도 평택시 서정동 818-35 롯데시네마빌딩 307호,17774,2013-08-12,영업/정상
경기,바른손약국,031-697-1228,경기도 평택시 팽성읍 안정쇼핑로 42,경기도 평택시 팽성읍 안정리 37-13,17983,2019-04-10,영업/정상
경기,송탄시장약국,031-667-0634,경기도 평택시 서정역로 22 (서정동),경기도 평택시 서정동 340-1,17783,2019-11-21,영업/정상
경기,마트종로약국,031-651-9631,"경기도 평택시 영신로 29, 이마트 (지제동)",경기도 평택시 지제동 50 이마트내,17840,2018-07-13,영업/정상
경기,삼성메디컬약국,031-665-6463,"경기도 평택시 고덕갈평6길 29, 109,110호 (고덕동)",경기도 평택시 고덕동 1887-1,18008,2023-03-15,영업/정상
경기,동삭센트럴약국,031-377-0667,"경기도 평택시 동삭1로22번길 19-21, 동삭프라자 102호 (동삭동)",경기도 평택시 동삭동 0,17841,2020-08-26,영업/정상
경기,경기약국,031-666-8549,경기도 평택시 중앙시장로19번길 17 (신장동),경기도 평택시 신장동 317-4,17758,2023-05-17,영업/정상
경기,송탄종합약국,031-662-3690,경기도 평택시 탄현로 330 (지산동),경기도 평택시 지산동 755-6,17757,2024-03-18,영업/정상
경기,드림약국,031-654-2164,경기도 평택시 비전5로 3 (비전동),경기도 평택시 비전동 1090,17854,2015-05-15,영업/정상
경기,오약국,031-666-3002,경기도 평택시 관광특구로 25 (서정동),경기도 평택시 서정동 817,17774,2013-05-27,영업/정상
경기,도담온누리약국,031-662-2650,"경기도 평택시 고덕국제대로 94, 우성고덕타워2 106호 (고덕동)",경기도 평택시 고덕동 1973-9 우성고덕타워,18014,2024-12-26,영업/정상
경기,한솔약국,031-681-3326,"경기도 평택시 안중읍 안현로서6길 74, 1층",경기도 평택시 안중읍 현화리 334-1,17932,2020-10-28,영업/정상
경기,도담약국,031-655-2021,"경기도 평택시 동삭1로22번길 19-15, 102호 (동삭동)",경기도 평택시 동삭동 0,17841,2024-07-23,영업/정상
경기,세교 봄약국,031-691-0911,"경기도 평택시 세교7길 52, SJ빌딩 1층 102호 (세교동)",경기도 평택시 세교동 617-4,17842,2023-10-13,영업/정상
경기,비전미소약국,031-651-9166,경기도 평택시 비전5로 37 (비전동),경기도 평택시 비전동 1097-1,17854,2018-05-16,영업/정상
경기,코끼리약국,031-692-1933,"경기도 평택시 동삭1로22번길 19-17, 메인프라자 101호 (동삭동)",경기도 평택시 동삭동 0 메인프라자,17841,2025-02-28,영업/정상
경기,별빛약국,031-616-4412,"경기도 평택시 지제동삭1로 41, 130동 2층 33호 (지제동, 지제역 더샵 센트럴시티)",경기도 평택시 지제동 33 지제역 더샵 센트럴시티,17840,2023-01-25,영업/정상
경기,봄빛약국,031-651-0524,"경기도 평택시 소사5길 24, 202호 (소사동)",경기도 평택시 소사동 0,18034,2023-02-22,영업/정상
경기,녹십자약국,031-666-7289,경기도 평택시 탄현로 322 (지산동),경기도 평택시 지산동 763-1,17757,2013-06-15,영업/정상
경기,한마음약국,031-691-9185,"경기도 평택시 팽성읍 동서촌로 74, 안트빌딩",경기도 평택시 팽성읍 객사리 126-3 안트빌딩,17989,2020-12-15,영업/정상
경기,서정리 오렌지 약국,031-611-7539,"경기도 평택시 탄현로 48, 1층 2호 (서정동)",경기도 평택시 서정동 429-3,17783,2019-05-08,영업/정상
경기,큰솔약국,031-651-8175,경기도 평택시 용죽3로 24 (용이동),경기도 평택시 용이동 684-1,17870,2019-07-11,영업/정상
경기,평택포승 동물약국,031-684-2024,경기도 평택시 포승읍 여술로 20,"경기도 평택시 포승읍 도곡리 1122-1 포승스타타워 107,108",17955,2017-01-15,영업/정상
경기,아나파약국,031-666-6337,경기도 평택시 탄현로 328(지산동),경기도 평택시 지산동 755-7,17757,2022-11-15,영업/정상
경기,푸른약국,070-8810-5452,경기도 평택시 점촌로19번길 59 (서정동),경기도 평택시 서정동 876-8,17777,2013-07-08,영업/정상
경기,평화약국,031-686-6910,"경기도 평택시 청북읍 청북산단로 48-8, 4호",경기도 평택시 청북읍 어연리 889-3,17792,2021-06-07,영업/정상
경기,평택바른동물약국,031-653-2002,"경기도 평택시 평택2로20번길 14, 1층 (평택동)",경기도 평택시 평택동 290-7,17909,2020-07-09,영업/정상
경기,세민약국,031-611-7378,"경기도 평택시 탄현로 335, 1층 (신장동)",경기도 평택시 신장동 212-6,17753,2020-09-25,영업/정상
경기,맑은약국,070-4408-8383,"경기도 평택시 비전5로 20-24, 106,107,135호 (비전동)",경기도 평택시 비전동 1103-1,17854,2026-06-26,영업/정상
경기,메가타운약국,031-618-0697,경기도 평택시 만세로 1697 (죽백동),경기도 평택시 죽백동 479-6,17864,2026-02-24,영업/정상
경기,합정약국,031-651-3241,경기도 평택시 조개터로42번길 60-1 (합정동),경기도 평택시 합정동 776,17904,2020-10-26,영업/정상
경기,새시장약국,031-665-3921,경기도 평택시 지산로 60 (지산동),경기도 평택시 지산동 1075,17763,2013-07-08,영업/정상
경기,나래약국,031-656-9277,경기도 평택시 중앙로 66 (평택동),경기도 평택시 평택동 284,17909,2024-02-23,영업/정상
경기,지제약국,070-7763-7821,경기도 평택시 영신2길 19 (세교동),경기도 평택시 세교동 0,18026,2024-06-18,영업/정상
경기,대학로약국,031-691-5440,"경기도 평택시 평택로 282, 1층 (세교동)",경기도 평택시 세교동 439-14,17825,2022-07-07,영업/정상
경기,메디팜고운손약국,031-657-7585,"경기도 평택시 중앙로 335, 상가동 111호 (비전동, 벽산아파트)",경기도 평택시 비전동 889 벽산아파트,17873,2025-11-27,영업/정상
경기,미루나무 약국,031-8094-2077,경기도 평택시 통복로37번길 5 (통복동),경기도 평택시 통복동 110-1,17918,2021-06-25,영업/정상
경기,예그리나 약국,031-663-2924,"경기도 평택시 신촌2로 22, 맘스스퀘어 3층 305호 (칠원동)",경기도 평택시 칠원동 549,18025,2022-09-23,영업/정상
경기,공룡약국,031-684-0511,"경기도 평택시 안중읍 안현로서8길 57, 붐붐프라자 211호",경기도 평택시 안중읍 현화리 831 붐붐프라자,17944,2023-10-29,영업/정상
경기,송탄드림약국,031-667-8486,"경기도 평택시 지산로 64, 1층 (지산동)",경기도 평택시 지산동 1077,17763,2021-03-25,영업/정상
경기,포승종로약국,031-611-5252,경기도 평택시 포승읍 여술로 37,경기도 평택시 포승읍 도곡리 1142-18,17955,2020-09-22,영업/정상
경기,이메디칼약국,031-663-1490,"경기도 평택시 고덕로 250, 1층 109호 (고덕동)",경기도 평택시 고덕동 1693-453,18022,2023-08-30,영업/정상
경기,한영약국,031-652-7600,경기도 평택시 평택로 104 (통복동),경기도 평택시 통복동 98-19,17893,2024-12-23,영업/정상
경기,동산약국,031-655-2374,"경기도 평택시 팽성읍 팽성로 92, 나동 1층",경기도 평택시 팽성읍 송화리 266-4,17996,2022-08-05,영업/정상
경기,평택백화점약국,070-8287-3650,경기도 평택시 진위면 진위서로 142,경기도 평택시 진위면 견산리 319-1,17714,2022-10-26,영업/정상
경기,조아약국,031-618-5540,경기도 평택시 평택4로 46 (합정동),경기도 평택시 합정동 763-17,17905,2021-06-18,영업/정상
경기,구세약국,031-655-2253,경기도 평택시 중앙로 162 (합정동),경기도 평택시 합정동 763,17905,2013-07-08,영업/정상
경기,평택녹십자동물약국,031-652-3307,"경기도 평택시 중앙로 2, 1층 (통복동)",경기도 평택시 통복동 111-15,17911,2021-07-29,영업/정상
경기,하나로약국,031-655-1112,경기도 평택시 팽성읍 부용로55번길 3,경기도 평택시 팽성읍 객사리 168-10,17988,2023-07-28,영업/정상
경기,고덕중앙약국,031-618-9588,"경기도 평택시 고덕면 궁2길 67, 1층",경기도 평택시 고덕면 궁리 72-11,17821,2019-07-15,영업/정상
경기,송탄 서정리 동물약국,031-718-9138,경기도 평택시 서정역로26번길 7-10(이충동),경기도 평택시 이충동 463-45,17783,2022-11-28,영업/정상
경기,햇빛약국,031-683-8868,"경기도 평택시 포승읍 여술로 21, 101호 (선구빌딩)",,17955,2016-08-24,영업/정상
경기,새서울약국,031-618-2533,경기도 평택시 평택2로20번길 15 (평택동),경기도 평택시 평택동 289-2,17909,2019-11-26,영업/정상
경기,하나약국,031-681-0641,경기도 평택시 포승읍 서동대로 1124,경기도 평택시 포승읍 내기리 1-7,17965,2013-07-08,영업/정상
경기,수정약국,031-691-8168,경기도 평택시 팽성읍 안정쇼핑로 36,경기도 평택시 팽성읍 안정리 148-5,17983,2013-07-08,영업/정상
경기,자연약국,031-655-2421,"경기도 평택시 비전5로 11, 102호 (비전동)",경기도 평택시 비전동 1091-4,17854,2025-03-26,영업/정상
경기,서재중앙약국,031-652-9982,"경기도 평택시 서재로 2, 한주빌딩 101호 (동삭동)",경기도 평택시 동삭동 711-13 한주빌딩,17848,2024-12-06,영업/정상
경기,에브리데이항상약국,031-657-1325,"경기도 평택시 평남로 951, 디에이치빌딩 103호 (비전동)",경기도 평택시 비전동 995 디에이치빌딩,17851,2022-04-19,영업/정상
경기,편한약국,031-654-2249,"경기도 평택시 동삭로 370-4, 모아빌딩 102호 (동삭동)",경기도 평택시 동삭동 831-3,18031,2024-12-09,영업/정상
경기,수호온누리약국,031-618-5440,경기도 평택시 중앙2로 16 (평택동),경기도 평택시 평택동 298-1,17912,2021-02-01,영업/정상
경기,온정약국,031-654-6781,경기도 평택시 평택5로 191 (비전동),경기도 평택시 비전동 819,17887,2023-04-10,영업/정상
경기,하나약국,031-611-4048,"경기도 평택시 서정북로 79, 신광빌딩 (서정동)",경기도 평택시 서정동 782-7 신광빌딩,17766,2018-07-11,영업/정상
경기,평택튼튼약국,031-618-2300,"경기도 평택시 세교8길 30, 세교디오네프라자 125호 (세교동)",경기도 평택시 세교동 586-3 세교디오네프라자,17842,2023-04-20,영업/정상
경기,서정부부약국,031-668-2541,"경기도 평택시 서정역로 48, 1층 (서정동)",경기도 평택시 서정동 311,17779,2021-06-22,영업/정상
경기,스타약국,031-663-6558,"경기도 평택시 관광특구로 41, 1층 (서정동)",경기도 평택시 서정동 814-4,17774,2024-10-14,영업/정상
경기,오거리동물약국,031-684-1808,"경기도 평택시 안중읍 안중로 141, 102호",경기도 평택시 안중읍 안중리 233-16,17933,2025-02-28,영업/정상
경기,호약국,031-663-0258,"경기도 평택시 이충로35번길 24, 보람플러스2 104호 (이충동)",경기도 평택시 이충동 668-2 보람플러스2 104호,17735,2020-08-26,영업/정상
경기,미소약국,031-657-2654,경기도 평택시 평택2로 6 (평택동),경기도 평택시 평택동 46-9,17909,2023-10-13,영업/정상
경기,온두레생연약국,031-859-0179,경기도 동두천시 정장로 37 (생연동),경기도 동두천시 생연동 649-9,11329,2025-02-14,영업/정상
경기,은혜약국,031-857-7582,"경기도 동두천시 지행로 51, 재림빌딩 103호 (지행동)",경기도 동두천시 지행동 693-4,11346,2022-08-24,영업/정상
경기,푸른약국,031-861-2702,"경기도 동두천시 삼육사로 1007, 1층 (생연동)",경기도 동두천시 생연동 385-1,11318,2024-04-08,영업/정상
경기,허브팜 동두천역 2번출구 약국,070-8830-1410,"경기도 동두천시 원터강변로41번길 63, 1호 (동두천동)",경기도 동두천시 동두천동 229-4,11305,2024-03-05,영업/정상
경기,소요산약국,070-4247-5892,"경기도 동두천시 평화로 2916, 1층 (상봉암동)",경기도 동두천시 상봉암동 131-14,11307,2025-05-13,영업/정상
경기,지행온누리약국,031-864-1475,"경기도 동두천시 지행로 59 (지행동, M클리닉센터)",경기도 동두천시 지행동 695,11346,2016-10-05,영업/정상
경기,365약국,031-858-4435,"경기도 동두천시 지행로 53, 1층 (지행동)",경기도 동두천시 지행동 693-5,11346,2022-10-24,영업/정상
경기,건강당약국,031-864-7575,"경기도 동두천시 큰시장로 43 (생연동, 삼풍빌딩)",경기도 동두천시 생연동 696-3,11334,2017-03-26,영업/정상
경기,힐스약국,031-410-2202,"경기도 안산시 상록구 예술광장로 11, 삼진종합상가 1층 107호 (월피동)",경기도 안산시 상록구 월피동 445-10 삼진종합상가,15288,2025-12-05,영업/정상
경기,그랑온누리약국,031-8042-3202,"경기도 안산시 상록구 해양4로 26, 109호 (사동)",경기도 안산시 상록구 사동 1639-24,15596,2024-07-03,영업/정상
경기,그랜드약국,031-403-0333,"경기도 안산시 단원구 고잔1길 33, 봉산빌딩 1층 (고잔동)",경기도 안산시 단원구 고잔동 539-20 봉산빌딩,15361,2018-07-05,영업/정상
경기,정문약국,031-480-3811,경기도 안산시 단원구 적금로 114 (고잔동),경기도 안산시 단원구 고잔동 519-2,15357,2013-07-24,영업/정상
경기,자연약국,031-401-0267,"경기도 안산시 상록구 예술광장1로 124, 108호 (성포동, 선경프라자)",경기도 안산시 상록구 성포동 593-10 선경프라자 108호,15291,2013-11-22,영업/정상
경기,국희약국,031-407-3543,경기도 안산시 상록구 석호로 164 (사동),경기도 안산시 상록구 사동 1298-5,15589,2020-07-29,영업/정상
경기,푸른숲동물약국,031-407-1377,"경기도 안산시 상록구 용신로 390, 현대프라자 105호 (본오동)",경기도 안산시 상록구 본오동 873-4 현대프라자,15537,2025-06-04,영업/정상
경기,원곡햇살약국,031-410-7839,"경기도 안산시 단원구 원초로 30, 3층 308호 (원곡동, 보성프라자)",경기도 안산시 단원구 원곡동 846,15382,2017-08-14,영업/정상
경기,모아수약국,031-411-1890,"경기도 안산시 단원구 고잔1길 17, 대유빌딩 301호 (고잔동)",경기도 안산시 단원구 고잔동 534-1 대유빌딩,15360,2020-08-18,영업/정상
경기,한일약국,031-401-5502,"경기도 안산시 상록구 월피로 31, 한양아파트 상가1동 101호 (월피동)",경기도 안산시 상록구 월피동 447 한양아파트 상가1동,15285,2020-02-05,영업/정상
경기,건강한온누리약국,070-7570-0478,"경기도 안산시 단원구 고잔2길 9, 101,102호 (고잔동)","경기도 안산시 단원구 고잔동 529-4 101,102호",15359,2013-07-03,영업/정상
경기,동남약국,031-419-7575,"경기도 안산시 상록구 샘골로 147 (본오동, 대산빌딩)",경기도 안산시 상록구 본오동 879-14,15539,2015-10-27,영업/정상
경기,자연온누리약국,031-401-0267,"경기도 안산시 상록구 예술광장1로 124, 선경프라자 108호 (성포동)",경기도 안산시 상록구 성포동 593-10 선경프라자 108호,15291,2023-01-19,영업/정상
경기,한사랑약국,031-319-8799,"경기도 안산시 상록구 샘골로 113, 101(일부),102호 (본오동, 우성프라자)","경기도 안산시 상록구 본오동 880-14 우성프라자 101(일부),102호",15540,2013-07-24,영업/정상
경기,메디팜요진약국,031-418-5351,"경기도 안산시 상록구 감골1로 37, 109호 (사동, 현대1차아파트 분산상가)",경기도 안산시 상록구 사동 1345-2 현대1차아파트 분산상가 109호,15622,2013-10-22,영업/정상
경기,준약국,031-405-2086,"경기도 안산시 단원구 예술대학로 17, 510호 (고잔동, 안산중앙노블레스)",경기도 안산시 단원구 고잔동 534-3,15360,2017-05-31,영업/정상
경기,옵티마가정약국,031-493-0616,"경기도 안산시 단원구 도일로 60-15, 104호 (신길동)",경기도 안산시 단원구 신길동 1529,15401,2023-12-30,영업/정상
경기,청솔약국,031-418-6156,경기도 안산시 상록구 월피로1길 3 (월피동),경기도 안산시 상록구 월피동 467-9,15274,2015-07-10,영업/정상
경기,팜프라자 약국,070-8814-5344,"경기도 안산시 단원구 달미로 64, 롯데마트 2층 (선부동)",경기도 안산시 단원구 선부동 1086 롯데마트,15235,2017-12-19,영업/정상
경기,안산클래스약국,031-8042-2485,"경기도 안산시 단원구 적금로1길 11, SR노빌리안 1층 111호 (고잔동)",경기도 안산시 단원구 고잔동 520-2 SR노빌리안,15357,2023-10-23,영업/정상
경기,더튼튼약국,031-408-0894,"경기도 안산시 상록구 반석로 20, 롯데마트 2층 (본오동)",경기도 안산시 상록구 본오동 880 롯데마트,15540,2024-03-18,영업/정상
경기,은당약국,031-409-5500,"경기도 안산시 상록구 감골1로 60, 107호 (사동, 욱일중심상가)",경기도 안산시 상록구 사동 1344 욱일중심상가 107호,15623,2004-05-12,영업/정상
경기,백제약국,031-410-2020,경기도 안산시 단원구 화랑로 107 (원곡동),경기도 안산시 단원구 원곡동 846-3,15382,2013-03-28,영업/정상
경기,새롬약국,031-484-6659,"경기도 안산시 단원구 선부광장1로 118, 삼아빌딩 1층 105호 (선부동)",경기도 안산시 단원구 선부동 1077-5 삼아빌딩,15368,2020-01-03,영업/정상
경기,하나약국,031-410-9556,"경기도 안산시 단원구 삼일로 310, 서울프라자 346,347호 (선부동)",경기도 안산시 단원구 선부동 1077 서울프라자,15368,2025-03-13,영업/정상
경기,온누리감초약국,031-403-0305,"경기도 안산시 단원구 화정로 6, 1층 112,113호 (선부동, 삼희프라자)",경기도 안산시 단원구 선부동 1078-2,15370,2013-03-28,영업/정상
경기,허브약국,031-493-8777,"경기도 안산시 단원구 풍전로 37-9, 트리플렉스에이단지 301동 138호 (원곡동)",경기도 안산시 단원구 원곡동 994-6 트리플렉스,15431,2018-01-11,영업/정상
경기,비타민약국,031-409-1569,"경기도 안산시 상록구 본오로 128, 1층 (본오동)",경기도 안산시 상록구 본오동 814 1층,15542,2013-07-16,영업/정상
경기,기린약국,031-406-2740,"경기도 안산시 상록구 샘골로 143, 106호 (본오동, 청원빌딩)",경기도 안산시 상록구 본오동 880-1 청원빌딩 106호,15540,2013-06-18,영업/정상
경기,대건약국,031-414-4151,"경기도 안산시 단원구 초지로 94, 106호 (초지동, 한솔프라자)",경기도 안산시 단원구 초지동 735-3 한솔프라자 106호,15448,2013-05-22,영업/정상
경기,혜성온누리약국,031-408-8030,"경기도 안산시 상록구 일동로 24, 1층 (일동)",경기도 안산시 상록구 일동 632-14 1층,15326,2017-02-15,영업/정상
경기,참우리약국,031-439-8288,"경기도 안산시 단원구 선부광장1로 38, 상록타운 2층 209호 (선부동)",경기도 안산시 단원구 선부동 1070-18 상록타운,15240,2024-01-15,영업/정상
경기,다나약국,031-269-9452,"경기도 안산시 상록구 샘골로 157, 초원빌딩 101호 (본오동)",경기도 안산시 상록구 본오동 879-10 초원빌딩,15539,2025-07-31,영업/정상
경기,단원상생약국,031-402-8259,"경기도 안산시 단원구 원포공원1로 19, 원포빌딩 114, 115호 (초지동)",경기도 안산시 단원구 초지동 744-5 원포빌딩,15457,2017-12-20,영업/정상
경기,송온누리약국,070-4250-5993,경기도 안산시 상록구 각골로 70 (본오동),경기도 안산시 상록구 본오동 762-18,15544,2023-04-17,영업/정상
경기,종로약국,031-402-9349,"경기도 안산시 상록구 월피로1길 1-1, 101호 (월피동)",경기도 안산시 상록구 월피동 467-10,15274,2026-08-03,영업/정상
경기,백화점약국,031-407-6077,"경기도 안산시 상록구 석호로 292, 1층 (본오동)",경기도 안산시 상록구 본오동 870 1층,15551,2013-08-07,영업/정상
경기,건강드림약국,070-7570-0478,"경기도 안산시 단원구 고잔2길 9, 하이베라스 101,102호 (고잔동)",경기도 안산시 단원구 고잔동 529-4 하이베라스,15359,2024-02-13,영업/정상
경기,참약사 성포약국,031-365-5804,"경기도 안산시 상록구 예술광장로 49, 성포타운 1층 119호 (성포동)",경기도 안산시 상록구 성포동 593-17 성포타운,15291,2025-09-30,영업/정상
경기,안산백제약국,031-504-5353,"경기도 안산시 단원구 원선로 47, 1층 (원곡동)",경기도 안산시 단원구 원곡동 822-3 1층,15374,2013-12-17,영업/정상
경기,다온약국,031-411-8276,"경기도 안산시 상록구 월피로 92, 동산빌딩 1층 (월피동)",경기도 안산시 상록구 월피동 467-11 동산빌딩,15274,2018-04-02,영업/정상
경기,늘푸른약국,031-405-4855,경기도 안산시 단원구 와동로 52(와동),경기도 안산시 단원구 와동 700,15265,2021-07-14,영업/정상
경기,하나약국,031-501-0448,경기도 안산시 상록구 해양1로 11 (사동),경기도 안산시 상록구 사동 1512 6차상가1동 211호,15594,2012-03-26,영업/정상
경기,샘물약국,031-487-0265,"경기도 안산시 상록구 예술광장1로 126, 406호 (성포동, 경동빌딩)",경기도 안산시 상록구 성포동 593-11 경동빌딩 406호,15291,2018-11-06,영업/정상
경기,대부약국,032-886-8408,"경기도 안산시 단원구 대부중앙로 103, 대명빌딩 (대부북동)",경기도 안산시 단원구 대부북동 493-1 대명빌딩,15645,2019-11-29,영업/정상
경기,성원약국,031-482-9777,"경기도 안산시 단원구 북촌3길 19-1, 102호 (선부동)",경기도 안산시 단원구 선부동 1024-5 102호,15221,2013-07-30,영업/정상
경기,우리들약국,034-484-0161,"경기도 안산시 단원구 예술대학로 20, 전원빌딩 110호 (고잔동)",경기도 안산시 단원구 고잔동 539 전원빌딩 110호,15361,2022-08-29,영업/정상
경기,포레약국,031-362-5805,"경기도 안산시 단원구 화랑로 102, e편한세상 초지역센트럴포레 단지내상가 1동 3층(320,321호) (원곡동)",경기도 안산시 단원구 원곡동 838,15389,2021-11-01,영업/정상
경기,조아약국,031-494-9998,"경기도 안산시 단원구 화랑로 43, 태성빌딩 101호 (원곡동)",경기도 안산시 단원구 원곡동 775-12 태성빌딩,15374,2025-07-08,영업/정상
경기,선부정약국,031-475-2852,경기도 안산시 단원구 화정천서로 505 (선부동),경기도 안산시 단원구 선부동 1087-19,15217,2005-03-25,영업/정상
경기,상록바른약국,031-504-0301,"경기도 안산시 상록구 광덕1로 354, 브라이튼빌오피스텔 105호 (이동)",경기도 안산시 상록구 이동 717-5 브라이튼빌오피스텔 105호,15495,2020-07-15,영업/정상
경기,안산동물약국,031-485-9345,"경기도 안산시 단원구 선부로 187, 유송프라자 1층 (선부동)",경기도 안산시 단원구 선부동 1087-23 유송프라자,15217,2020-06-08,영업/정상
경기,편안약국,031-508-6297,"경기도 안산시 단원구 화랑로 102, 센트럴포레상가 1동 107호 (원곡동)",경기도 안산시 단원구 원곡동 1002,15389,2024-09-03,영업/정상
경기,온누리동물약국,031-402-2180,"경기도 안산시 단원구 선부광장1로 38 (선부동, 상록타운)",경기도 안산시 단원구 선부동 1070-18 상록타운 113호,15240,2016-01-07,영업/정상
경기,세계로온누리약국,031-439-3060,"경기도 안산시 단원구 초지로 114, 110호 (초지동, 주공프라자)",경기도 안산시 단원구 초지동,15445,2013-06-14,영업/정상
경기,시장약국,031-408-8011,"경기도 안산시 상록구 충장로 312, 관리동 1층 (이동)",경기도 안산시 상록구 이동 528 관리동 1층,15507,2013-08-06,영업/정상
경기,위성숙모어모아새한양약국,031-407-5823,"경기도 안산시 상록구 본삼로 38, 3동 105호 (본오동, 월드상가)",경기도 안산시 상록구 본오동 872 월드상가 3동 105호,15538,2013-05-16,영업/정상
경기,시티약국,031-403-6693,"경기도 안산시 단원구 선부광장로 23, 안산세이브시티 1층 일부호 (선부동)",경기도 안산시 단원구 선부동 1070-1 안산세이브시티,15240,2020-08-28,영업/정상
경기,사랑해약국,031-415-5530,"경기도 안산시 상록구 용신로 393, 105호 (본오동, 청암빌딩)",경기도 안산시 상록구 본오동 874-8,15532,2015-03-27,영업/정상
경기,대영약국,031-405-7574,"경기도 안산시 단원구 초지동로 7, 103호 (초지동, 극동스포랜드)",경기도 안산시 단원구 초지동 740-2,15453,2013-03-28,영업/정상
경기,참건강약국,031-493-1550,"경기도 안산시 단원구 새뿔길 47, 103호 (신길동)",경기도 안산시 단원구 신길동 710,15399,2020-09-23,영업/정상
경기,다음약국,031-480-5955,"경기도 안산시 단원구 원포공원1로 49, 116호 (초지동, 태양타운)",경기도 안산시 단원구 초지동 743-4 태양타운 116호,15455,2010-02-09,영업/정상
경기,보세온누리약국,031-415-7755,"경기도 안산시 상록구 광덕1로 355, 데코스포텔 101, 102호 (이동)",경기도 안산시 상록구 이동 714-3 데코스포텔,15494,2026-04-07,영업/정상
경기,큰바위약국,031-401-5030,"경기도 안산시 단원구 와동로 110, 28,29.30.31호 (와동)",경기도 안산시 단원구 와동 120,15255,2018-09-17,영업/정상
경기,상록메디칼약국,031-407-8270,"경기도 안산시 상록구 석호로 288, 1층 (본오동)",경기도 안산시 상록구 본오동 882-7 1층,15552,2013-08-22,영업/정상
경기,자이약국,070-7492-5151,"경기도 안산시 상록구 해양1로 199, 그랑시티자이포트에비뉴 136호 (사동)",경기도 안산시 상록구 사동 1639-7 그랑시티자이포트에비뉴,15596,2020-05-01,영업/정상
경기,햇님약국,031-411-1356,"경기도 안산시 단원구 석수로5길 13, 1층 (선부동)",경기도 안산시 단원구 선부동 1037,15222,2026-03-03,영업/정상
경기,녹십자약국,031-437-8080,"경기도 안산시 상록구 건건1길 38, 1층 (건건동)",,15521,2016-12-09,영업/정상
경기,수암마트약국,031-485-5775,"경기도 안산시 상록구 수암1길 7, 101호 (수암동)",경기도 안산시 상록구 수암동 501-4 101호,15202,2004-05-12,영업/정상
경기,마트약국,032-881-1071,경기도 안산시 단원구 대부중앙로 105 (대부동동),,,2013-05-06,영업/정상
경기,상록백제약국,031-409-7300,"경기도 안산시 상록구 본삼로 51, 108,109호 (본오동, 리치스빌딩)",경기도 안산시 상록구 본오동 873-7,15537,2016-08-30,영업/정상
경기,봄약국,031-493-4590,"경기도 안산시 단원구 신길로 8, 107호 (신길동)",경기도 안산시 단원구 신길동 1612,15402,2026-02-27,영업/정상
경기,본약국,031-419-6780,"경기도 안산시 상록구 석호로 320, 1층 (본오동)",,15551,2016-12-29,영업/정상
경기,한샘약국,031-409-5529,경기도 안산시 상록구 본오로 64 (본오동),경기도 안산시 상록구 본오동 854-18,15561,2013-07-03,영업/정상
경기,은아약국,031-419-3112,"경기도 안산시 상록구 상록수로 16, 108호 (본오동)",경기도 안산시 상록구 본오동 877-5 108호,15532,2013-10-18,영업/정상
경기,연두약국,031-502-3400,경기도 안산시 상록구 광덕산2로 34 (월피동),경기도 안산시 상록구 월피동 509-1,15259,2019-07-08,영업/정상
경기,스타프라자약국,031-405-1922,"경기도 안산시 상록구 화랑로 513, 3층 17호 (성포동, 예술인아파트상가동)",경기도 안산시 상록구 성포동 583 예술인아파트상가동 3층17호,15296,2013-06-19,영업/정상
경기,고잔서울약국,031-414-1414,"경기도 안산시 단원구 광덕대로 174, B동 124,125호 (고잔동, 월드타운)","경기도 안산시 단원구 고잔동 768 월드타운 B동 124,125호",15470,2014-08-29,영업/정상
경기,에버그린약국,031-481-2876,"경기도 안산시 단원구 광덕서로 86, 114호 (고잔동, 안산법조타운)",경기도 안산시 단원구 고잔동 707 안산법조타운 114호,15471,2013-07-15,영업/정상
경기,유니팜약국,031-402-3823,"경기도 안산시 단원구 광덕1로 195, 광장타워 1층 110호 (고잔동)",경기도 안산시 단원구 고잔동 775-2 광장타워,15477,2022-04-19,영업/정상
경기,지수온누리약국,031-405-1354,"경기도 안산시 단원구 선부로 185, 105호 (선부동, 대흥빌딩)",경기도 안산시 단원구 선부동 1087-1,15217,2017-08-16,영업/정상
경기,이화약국,031-417-0640,"경기도 안산시 상록구 샘골로 142, 103호 (본오동)",경기도 안산시 상록구 본오동 871-2 103호,15541,2013-08-23,영업/정상
경기,녹십자해솔약국,031-401-1967,"경기도 안산시 상록구 해양5로 11, 상가 213호 (사동)",경기도 안산시 상록구 사동 1639,15596,2021-06-03,영업/정상
경기,일등온누리약국,031-406-4312,경기도 안산시 상록구 석호로 162 (사동),경기도 안산시 상록구 사동 1298-3,15589,2013-07-03,영업/정상
경기,햇빛약국,031-409-0075,"경기도 안산시 상록구 도매시장로 100, 1층 (일동)",경기도 안산시 상록구 일동 583,15323,2022-06-08,영업/정상
경기,새천년건강약국,031-419-5516,"경기도 안산시 상록구 도매시장로 41 (이동, 장현빌딩)",경기도 안산시 상록구 이동 529-2,15508,2015-09-02,영업/정상
경기,건강한세상약국,031-439-6557,"경기도 안산시 단원구 광덕대로 161, 1층 114,115호 (고잔동)","경기도 안산시 단원구 고잔동 708 1층 114,115호",15471,2013-07-08,영업/정상
경기,작은약국,031-938-5363,"경기도 고양시 덕양구 용현로 7, 110호 (행신동)",경기도 고양시 덕양구 행신동 765-1 110호,10526,2026-04-03,영업/정상
경기,코끼리온누리약국,031-913-0516,"경기도 고양시 일산서구 중앙로 1456, 서현프라자 108호 (주엽동)",경기도 고양시 일산서구 주엽동 18-2 서현프라자 108호,10387,2019-04-11,영업/정상
경기,3층365약국,031-926-3069,"경기도 고양시 일산동구 중앙로1261번길 55, 효산캐슬 3층 306호 (장항동)",경기도 고양시 일산동구 장항동 861 306호,10402,2026-05-15,영업/정상
경기,서정약국,031-938-3200,"경기도 고양시 덕양구 서정마을로 5, 행신프라자 104호 (행신동)",경기도 고양시 덕양구 행신동 1078 행신프라자,10486,2023-05-03,영업/정상
경기,휴베이스 명인 약국,031-904-4123,"경기도 고양시 일산동구 장백로 212, 일산법조빌딩 1층 (장항동)",경기도 고양시 일산동구 장항동 891 일산법조빌딩,10414,2020-07-14,영업/정상
경기,다원약국,031-901-0121,"경기도 고양시 일산동구 정발산로 39, 103호 (장항동, 대양빌딩)",경기도 고양시 일산동구 장항동 856-1 103호,10402,2016-04-21,영업/정상
경기,휴베이스우수약국,031-968-8696,"경기도 고양시 덕양구 통일로 760, 127호 (관산동, 더퍼스트프라임)",경기도 고양시 덕양구 관산동 1015 더퍼스트프라임 127호,10285,2023-05-30,영업/정상
경기,큰믿음약국,031-921-6622,"경기도 고양시 일산서구 호수로856번길 73-4, 1층 (대화동)",경기도 고양시 일산서구 대화동 2250-5,10383,2020-11-10,영업/정상
경기,우주약국,031-907-0567,"경기도 고양시 일산동구 경의로 315, 설촌상가 101호 (마두동)",경기도 고양시 일산동구 마두동 744 설촌상가,10417,2004-06-16,영업/정상
경기,정발산약국,031-904-8227,경기도 고양시 일산동구 정발산로 43-20 (장항동),경기도 고양시 일산동구 장항동 846 센트럴프라자 120호,10402,2013-06-18,영업/정상
경기,메디스약국,031-979-2277,"경기도 고양시 덕양구 중앙로 452, 메디스타워 104,105호 (행신동)",경기도 고양시 덕양구 행신동 1082-1 메디스타워,10486,2021-04-06,영업/정상
경기,풍동 태평양약국,031-905-7985,,경기도 고양시 일산동구 풍동 1275,,2013-12-04,영업/정상
경기,스카이약국,070-4139-3902,"경기도 고양시 덕양구 화중로 66, 롯데쇼핑(주)롯데마트화정점 1층 (화정동)",경기도 고양시 덕양구 화정동 982 롯데쇼핑(주)롯데마트화정점,10500,2024-07-02,영업/정상
경기,제일조은약국,031-916-3486,경기도 고양시 일산동구 동국로 20 (식사동),경기도 고양시 일산동구 식사동 662-11,10325,2013-05-28,영업/정상
경기,미래열린약국,02-371-1371,"경기도 고양시 덕양구 신원로 32 (신원동, 미래메디컬빌딩)",경기도 고양시 덕양구 신원동 621-2,10568,2016-02-29,영업/정상
경기,정신약국,02-381-0983,,경기도 고양시 덕양구 지축동 681-33,,2004-05-03,영업/정상
경기,자연약국,070-8292-5482,경기도 고양시 일산동구 장백로 194 (장항동),경기도 고양시 일산동구 장항동 893-1,10414,2013-07-08,영업/정상
경기,올리브온누리약국,031-914-0516,경기도 고양시 일산서구 중앙로 1564 (대화동),"경기도 고양시 일산서구 대화동 2203-1 (대화동,그린월드301호)",,2013-07-25,영업/정상
경기,향동중앙약국,02-3159-7575,"경기도 고양시 덕양구 향기로 58, 향동프라자 지하1층 B02호 (향동동)",경기도 고양시 덕양구 향동동 562,10546,2020-05-07,영업/정상
경기,위시티사랑약국,031-969-4085,"경기도 고양시 일산동구 위시티2로11번길 31, 102호 (식사동, 스타타워)",경기도 고양시 일산동구 식사동 1531 스타타워 102호,10323,2015-09-23,영업/정상
경기,드림팜약국,031-979-7210,경기도 고양시 덕양구 백양로 79 (화정동),경기도 고양시 덕양구 화정동 976 이마트내 1층,10500,2014-09-16,영업/정상
경기,사랑약국,031-970-0072,"경기도 고양시 덕양구 토당로 52, 능곡역프라자 304호 (토당동)",경기도 고양시 덕양구 토당동 444-1,10510,2021-04-06,영업/정상
경기,그린약국,031-962-6819,"경기도 고양시 덕양구 푸른마을로 6, 고양 e PLAZA 308호 (고양동)",경기도 고양시 덕양구 고양동 721 고양 e PLAZA 308호,10270,2013-07-11,영업/정상
경기,곰돌이약국,02-381-7792,"경기도 고양시 덕양구 덕수천2로 150, 상가동 2층 28호 (동산동)",경기도 고양시 덕양구 동산동 368-2,10595,2020-08-03,영업/정상
경기,일산동물약국,031-902-0526,경기도 고양시 일산동구 강송로 169-102 (마두동),,,2014-02-07,영업/정상
경기,바른마음약국,031-994-6410,"경기도 고양시 일산동구 정발산로 23, 호수빌딩 101호 (장항동)",경기도 고양시 일산동구 장항동 862-1 호수빌딩,10402,2022-12-05,영업/정상
경기,열린온누리약국,031-921-8141,"경기도 고양시 일산서구 산현로 7, 103호 (탄현동, 열린온누리약국)",경기도 고양시 일산서구 탄현동 1577-1 열린온누리약국 103호,10343,2016-10-17,영업/정상
경기,향동온누리약국,02-6371-0102,"경기도 고양시 덕양구 꽃마을로 4, 고양향동 퍼스트타워 1층 (향동동)",경기도 고양시 덕양구 향동동 529 고양향동 퍼스트타워,10546,2021-04-08,영업/정상
경기,이십일세기새롬약국(21세기새롬약국),031-965-4677,"경기도 고양시 덕양구 화정로 53, 새롬프라자 109호 (화정동)",경기도 고양시 덕양구 화정동 969-1 새롬프라자,10497,2018-02-18,영업/정상
경기,탄탄약국,02-371-3012,"경기도 고양시 덕양구 권율대로 908, 1층 105-1호 (신원동)",경기도 고양시 덕양구 신원동 629 105-1호,10571,2022-01-28,영업/정상
경기,삼송메디칼약국,02-963-3323,"경기도 고양시 덕양구 권율대로 896-15, 1층 102, 103호 (신원동)",경기도 고양시 덕양구 신원동 636,10571,2020-05-14,영업/정상
경기,온누리시민약국,031-901-1091,"경기도 고양시 일산동구 중앙로 1228 (마두동, KT고양지사)",경기도 고양시 일산동구 마두동 1010 kt빌딩 1층,10410,2004-04-02,영업/정상
경기,생생약국,031-966-0138,"경기도 고양시 덕양구 은빛로 41, 102호 (화정동, 대경프라자)",경기도 고양시 덕양구 화정동 909-1,10477,2014-10-20,영업/정상
경기,메디팜일산약국,031-908-4555,"경기도 고양시 일산동구 백석로108번길 68-11, 1층 일부호 (백석동)",경기도 고양시 일산동구 백석동 1182-1,10445,2020-10-21,영업/정상
경기,신도시약국,031-907-6262,"경기도 고양시 일산동구 강송로74번길 8-18, 1층 (백석동)",경기도 고양시 일산동구 백석동 1181-6 1층,10445,2024-08-21,영업/정상
경기,나무온누리약국,070-8614-1934,"경기도 고양시 일산동구 중산로 105, 현해프라자 107호 (중산동)",경기도 고양시 일산동구 중산동 1692 현해프라자 107호,10355,2023-12-18,영업/정상
경기,대화마을약국,031-917-4422,,경기도 고양시 일산서구 대화동 1481-4 대륙종합상가 117호,,2013-07-12,영업/정상
경기,더나은약국,031-912-9088,"경기도 고양시 일산서구 중앙로 1425, 삼부르제상스 가동 136,137,138,139호 (주엽동)",경기도 고양시 일산서구 주엽동 105,10386,2021-04-30,영업/정상
경기,호산나약국,031-979-6878,"경기도 고양시 덕양구 중앙로558번길 16-6, 신일빌딩 1층 (행신동)",경기도 고양시 덕양구 행신동 948 신일빌딩,10495,2020-08-21,영업/정상
경기,하이약국,031-977-6617,경기도 고양시 일산동구 고양대로 757 (중산동),경기도 고양시 일산동구 중산동 1694,10338,2016-08-26,영업/정상
경기,일산동물약국,031-919-3103,경기도 고양시 일산동구 무궁화로 39 (장항동),경기도 고양시 일산동구 장항동 734 삼라마이다스 3차 110호,10364,2012-03-23,영업/정상
경기,뜨란약국,031-902-8975,"경기도 고양시 일산동구 숲속마을1로 71, 샘터17 1층 109호 (풍동)",경기도 고양시 일산동구 풍동 1279-4 샘터17,10306,2021-02-01,영업/정상
경기,신도시약국,031-962-5114,경기도 고양시 일산동구 강송로74번길 8-18 (백석동),경기도 고양시 일산동구 백석동 1181-6 1층,10445,2013-06-17,영업/정상
경기,나무온누리약국,031-977-9760,"경기도 고양시 일산동구 중산로 105, 현해프라자 107호 (중산동)",경기도 고양시 일산동구 중산동 1692 현해프라자 107호,10355,2020-01-10,영업/정상
경기,벨라시타약국,031-849-5780,"경기도 고양시 일산동구 강송로 33, A동 B317호 (백석동, 일산요진와이시티)",경기도 고양시 일산동구 백석동 1237 일산요진와이시티,10450,2018-12-26,영업/정상
경기,화정그린약국,070-7740-7777,"경기도 고양시 덕양구 중앙로 612, 아이씨티일산 104호 (화정동)",경기도 고양시 덕양구 화정동 1148-6 아이씨티일산 104호,10503,2025-04-03,영업/정상
경기,다인파랑새약국,031-905-0035,"경기도 고양시 일산동구 강송로 49, 윈스턴파크 103,104호 (백석동)",경기도 고양시 일산동구 백석동 1238 윈스턴파크,10450,2021-07-08,영업/정상
경기,일산큰사랑약국,031-919-2728,"경기도 고양시 일산서구 일산로 676, 1층 (대화동)",경기도 고양시 일산서구 대화동 2038-1 1층,10368,2025-08-14,영업/정상
경기,행신약국,031-979-1119,"경기도 고양시 덕양구 행신로 153, 미호상가 102호 (행신동)",경기도 고양시 덕양구 행신동 619-18 미호상가 102호,10517,2024-08-27,영업/정상
경기,삼송제일약국,070-8861-0009,"경기도 고양시 덕양구 권율대로 886, 호평PLAZA 102호 (신원동)",경기도 고양시 덕양구 신원동 626 호평PLAZA 102호,10571,2019-10-18,영업/정상
경기,원당시장약국,031-744-6957,"경기도 고양시 덕양구 호국로 803 (주교동, 세창아파트)",경기도 고양시 덕양구 주교동 620-5 세창아파트,10462,2016-08-30,영업/정상
경기,일산위시티 동물약국,031-964-1158,경기도 고양시 일산동구 위시티로 4-46 (식사동),,,2014-06-30,영업/정상
경기,명보약국,031-938-9600,경기도 고양시 덕양구 중앙로472번길 73 (행신동),경기도 고양시 덕양구 행신동 967-1,10492,2013-05-21,영업/정상
경기,늘푸른온누리약국,031-376-4601,"경기도 오산시 경기대로 155 (원동, 신한프라자A)",경기도 오산시 원동 360-17,18143,2015-11-05,영업/정상
경기,세정약국,031-925-3442,경기도 고양시 일산동구 장백로 172 (장항동),경기도 고양시 일산동구 장항동 898-1 금강프라자 201호,10414,2013-06-14,영업/정상
경기,주엽약국,031-811-3807,"경기도 고양시 일산서구 중앙로 1437, 105호 (주엽동, 화성프라자)",경기도 고양시 일산서구 주엽동 109 화성프라자 105호,10387,2015-08-04,영업/정상
경기,마음약국,031-904-5098,"경기도 고양시 일산동구 중앙로 1200, 삼희골드프라자 107호 (마두동)",경기도 고양시 일산동구 마두동 798-1 삼희골드프라자,10414,2023-02-22,영업/정상
경기,성원약국,031-901-8544,"경기도 고양시 일산동구 중앙로 1080, 1층 108호 (백석동, 남정골드프라자)",경기도 고양시 일산동구 백석동 1288-2 남정골드프라자 108호,,2013-08-01,영업/정상
경기,지우약국,031-979-8397,"경기도 고양시 덕양구 무원로6번길 20, M타워 503호 (행신동)",경기도 고양시 덕양구 행신동 707-3 M타워 503호,10523,2018-10-01,영업/정상
경기,백마온누리약국,031-932-7222,"경기도 고양시 일산동구 일산로 219, 지하1층 B01호 (마두동)",경기도 고양시 일산동구 마두동 738 지하1층 B01호,10416,2023-12-12,영업/정상
경기,일산사랑약국,031-903-8806,"경기도 고양시 일산동구 일산로 211, 백마마두빌딩 2층 202호 (마두동)",경기도 고양시 일산동구 마두동 737-2 백마마두빌딩,10416,2023-08-04,영업/정상
경기,어울림온누리,031-968-3773,"경기도 고양시 덕양구 고양대로1384번길 7-5 (성사동, 서강프라자)",경기도 고양시 덕양구 성사동 720-2,10468,2016-09-26,영업/정상
경기,평강약국,031-818-7176,"경기도 고양시 덕양구 화중로 100 (화정동, 비젼타워21)",경기도 고양시 덕양구 화정동 968,10497,2017-01-05,영업/정상
경기,우리들약국,02-381-0099,"경기도 고양시 덕양구 권율대로 900, 삼송에스프라자 105호 (신원동)",경기도 고양시 덕양구 신원동 628 삼송에스프라자 105호,10571,2019-10-29,영업/정상
경기,메디팜세진약국,031-911-5924,"경기도 고양시 일산서구 일현로 123, 휴엔코아 105호 (탄현동)",경기도 고양시 일산서구 탄현동 139-32 휴엔코아,10241,2021-04-30,영업/정상
경기,고양힐약국,031-967-7744,"경기도 고양시 덕양구 보광로 2, 1층 일부호 (고양동)",경기도 고양시 덕양구 고양동 953,10271,2019-07-31,영업/정상
경기,한결약국,031-902-0526,,경기도 고양시 일산동구 마두동 785 한국프라자 102호,,2004-05-03,영업/정상
경기,샘터온누리약국,02-514-0777,"경기도 고양시 일산동구 하늘마을1로 2, 풍산프라자 107호 (중산동)",경기도 고양시 일산동구 중산동 1806 풍산프라자,10311,2021-04-02,영업/정상
경기,화정 메디칼 약국,031-974-5353,"경기도 고양시 덕양구 화중로 72, 105호 (화정동)",경기도 고양시 덕양구 화정동 970-2 홀인원프라자빌딩 105호,10500,2017-11-03,영업/정상
경기,루미니약국,031-973-2021,"경기도 고양시 덕양구 화중로 32-9, 101호 (화정동)",경기도 고양시 덕양구 화정동 1002-4,10503,2024-07-02,영업/정상
경기,삼송제일약국,070-8861-0009,"경기도 고양시 덕양구 권율대로 886, 102호 (신원동)",,10571,2014-06-03,영업/정상
경기,화정녹십자약국,031-979-8777,"경기도 고양시 덕양구 화중로 60, 화정빌딩 109호 (화정동)",경기도 고양시 덕양구 화정동 983 화정빌딩,10500,2021-04-15,영업/정상
경기,애플약국,031-923-0992,"경기도 고양시 일산서구 킨텍스로 217-23, 일산 더샵 그라비스타 102동 10호 (대화동)",경기도 고양시 일산서구 대화동 2702 일산 더샵 그라비스타 102동 10호,10390,2019-12-24,영업/정상
경기,달빛이화약국,031-966-6111,"경기도 고양시 덕양구 화중로 220, 달빛마을2단지 라이프상가동 114호 (화정동)",경기도 고양시 덕양구 화정동 851 달빛마을2단지,10473,2018-08-28,영업/정상
경기,미르약국,031-932-2033,,경기도 고양시 일산동구 백석동 1334-3 1층,,2004-05-03,영업/정상
경기,나눔약국,031-963-6111,"경기도 고양시 덕양구 화정로 65-1, 우리프라자 101호 (화정동)",경기도 고양시 덕양구 화정동 966-3 우리프라자,10497,2022-03-08,영업/정상
경기,탄현약국,070-8822-0160,"경기도 고양시 일산서구 일현로 97-11, 1층 112호 (탄현동, 일산위브더제니스)",경기도 고양시 일산서구 탄현동 1640,10242,2015-05-27,영업/정상
경기,제일약국,031-904-3158,"경기도 고양시 일산동구 일산로 214, 화성프라자 1층 101호 (마두동)",경기도 고양시 일산동구 마두동 728 화성프라자 101호,10417,2019-12-30,영업/정상
경기,풍산사랑약국,031-976-1470,"경기도 고양시 일산동구 무궁화로 237 (중산동, 4층 일부, 이마트 풍산점)",경기도 고양시 일산동구 중산동 1809,10311,2015-06-06,영업/정상
경기,새봄약국,02-2293-0768,"경기도 고양시 일산서구 일현로 140, 101,102호 (탄현동, 큰마을대림현대아파트 주상가)",경기도 고양시 일산서구 탄현동 121 큰마을대림현대아파트 주상가,10239,2016-04-07,영업/정상
경기,밝은미소약국,031-972-7512,"경기도 고양시 덕양구 화신로272번길 58, 영프라자빌딩 405호 (화정동)",경기도 고양시 덕양구 화정동 972 영프라자빌딩,10500,2019-10-14,영업/정상
경기,주엽1번출구약국,031-911-3111,"경기도 고양시 일산서구 중앙로 1421, NH농협은행 NH금융PLUS 주엽센터 1층 (주엽동)",경기도 고양시 일산서구 주엽동 106 NH농협은행 NH금융PLUS 주엽센터,10386,2021-04-14,영업/정상
경기,정성약국,031-907-3344,"경기도 고양시 일산동구 중앙로 1199, 101호 (장항동)",경기도 고양시 일산동구 장항동 890-1 101호,10414,2024-09-23,영업/정상
경기,송약국,031-972-7482,"경기도 고양시 덕양구 무원로6번길 20, M타워 101호 (행신동)",경기도 고양시 덕양구 행신동 707-3 M타워 101호,10523,2019-11-06,영업/정상
경기,나은약국,02-899-0534,"경기도 고양시 덕양구 호국로790번길 17, 영프라자 404호 (성사동)",경기도 고양시 덕양구 성사동 697-14 영프라자,10463,2021-04-20,영업/정상
경기,은빛약국,031-907-0930,"경기도 고양시 일산동구 중앙로 1192, 월드프라자 104호 (마두동)",경기도 고양시 일산동구 마두동 798-5 104호,10414,2023-09-07,영업/정상
경기,사과나무 플러스 약국,070-4620-5805,"경기도 고양시 일산서구 강성로 143, 닥스메디빌딩 1층 (주엽동)",경기도 고양시 일산서구 주엽동 19-1 닥스메디빌딩,10387,2023-11-09,영업/정상
경기,또바기약국,031-965-1221,경기도 고양시 덕양구 호국로790번길 17 (성사동),,10463,2014-07-28,영업/정상
경기,두드림동물약국,031-911-8282,"경기도 고양시 일산서구 대화1로 76, 연세프라자 1층 (대화동)",경기도 고양시 일산서구 대화동 751-3 연세프라자,10218,2021-09-10,영업/정상
경기,본그린약국,031-923-3858,"경기도 고양시 일산서구 일현로 91, 나인원 빌딩 1층 (탄현동)",경기도 고양시 일산서구 탄현동 142-84,10242,2020-09-28,영업/정상
경기,유진약국,031-915-3382,"경기도 고양시 일산서구 중앙로 1565 (대화동, 메드위즈)",경기도 고양시 일산서구 대화동 2222-1 메드위즈,10381,2016-10-10,영업/정상
경기,온누리 종로 약국,031-913-2243,"경기도 고양시 일산서구 일현로 140, 114~116호 (탄현동, 큰마을현대아파트)",경기도 고양시 일산서구 탄현동 121 큰마을현대아파트 상가,10239,2016-11-23,영업/정상
경기,대영약국,031-905-7388,"경기도 고양시 일산동구 무궁화로 18, 104호 (장항동, 남정시티프라자)",경기도 고양시 일산동구 장항동 760 남정시티프라자 104호,10401,2013-05-06,영업/정상
경기,스타약국,031-913-7582,"경기도 고양시 일산서구 탄현로 136, 상가동 110호 (탄현동, 일산에듀포레푸르지오)",경기도 고양시 일산서구 탄현동 1650 일산에듀포레푸르지오 상가동 110호,10248,2019-01-14,영업/정상
경기,드림약국,031-902-8408,"경기도 고양시 일산서구 강선로 59, 동신파크 1층 (주엽동)",경기도 고양시 일산서구 주엽동 72-1 동신파크,10386,2024-04-04,영업/정상
경기,예닮약국,031-977-6617,"경기도 고양시 일산서구 후곡로 22, 신일빌딩 105,106호 (일산동)",경기도 고양시 일산서구 일산동 1059 신일빌딩,10375,2016-08-26,영업/정상
경기,해봄약국,031-907-3621,"경기도 고양시 일산동구 숲속마을1로 29-30, 라고클리닉 106호 (풍동)",경기도 고양시 일산동구 풍동 1354 라고클리닉,10307,2024-03-19,영업/정상
경기,훈민약국,031-901-1235,"경기도 고양시 일산동구 숲속마을로 48, 신성프라자 105호 (풍동)",경기도 고양시 일산동구 풍동 1280 신성프라자,10306,2019-10-15,영업/정상
경기,늘편안동물약국,031-963-0059,"경기도 고양시 일산동구 고양대로1021번길 33, 스타타워3차  1층 106호 (식사동)",경기도 고양시 일산동구 식사동 1587,10324,2021-01-22,영업/정상
경기,소영약국,031-938-0707,"경기도 고양시 덕양구 능곡로13번길 15, B106호 (토당동, 한강 능곡역 성원상떼빌)",경기도 고양시 덕양구 토당동 342-7 한강 능곡역 성원상떼빌,10508,2015-03-19,영업/정상
경기,1004 약국,02-381-5052,"경기도 고양시 덕양구 동세로 19, 아카메디 105호 (동산동)",경기도 고양시 덕양구 동산동 352-1,10598,2021-03-29,영업/정상
경기,뉴코아약국,070-7723-9559,"경기도 고양시 일산동구 강촌로 157, 서울코아 103호 (마두동)",경기도 고양시 일산동구 마두동 731 서울코아 103호,10417,2019-08-27,영업/정상
경기,기쁨약국,031-924-4500,"경기도 고양시 일산서구 강선로 49, 일산비스타오피스텔  103호 (주엽동)",경기도 고양시 일산서구 주엽동 102,10386,2018-06-12,영업/정상
경기,본약국,031-970-1088,"경기도 고양시 덕양구 중앙로557번길 11, 삼정플라자 (행신동)",경기도 고양시 덕양구 행신동 996 삼정플라자,10518,2021-11-24,영업/정상
경기,고양종로약국,031-926-4817,경기도 고양시 덕양구 혜음로 36 (고양동),,10275,2014-06-02,영업/정상
경기,행복온누리약국,031-978-7496,경기도 고양시 일산동구 위시티로 81 (식사동),경기도 고양시 일산동구 식사동 670-27 풍산트원시티2차 107호,10325,2014-09-24,영업/정상
경기,내유원약국,031-963-2263,"경기도 고양시 덕양구 유산길 33, 1층 (내유동)",경기도 고양시 덕양구 내유동 659-3,10263,2023-05-08,영업/정상
경기,통일로약국,031-969-3636,"경기도 고양시 덕양구 통일로 772, 1층 (관산동)",경기도 고양시 덕양구 관산동 227-11,10286,2016-08-10,영업/정상
경기,행복드림약국,031-967-2700,"경기도 고양시 덕양구 호국로 819, 1층 (주교동, 신도빌딩)",경기도 고양시 덕양구 주교동 621-4,10462,2015-10-26,영업/정상
경기,푸른숲약국,031-433-2734,"경기도 고양시 덕양구 도래울로 42, 센트럴타워 1층 111호 (도내동)",경기도 고양시 덕양구 도내동 1079 센트럴타워,10551,2022-04-27,영업/정상
경기,메디팜행신약국,031-970-4073,"경기도 고양시 덕양구 무원로 63, 103호 (행신동, 무원마을10단지아파트)",경기도 고양시 덕양구 행신동 692 무원마을10단지아파트,10521,2019-08-07,영업/정상
경기,코리아약국,031-973-6123,"경기도 고양시 덕양구 충장로 126, 행신스퀘어  102호 (행신동)",경기도 고양시 덕양구 행신동 999,10518,2021-07-21,영업/정상
경기,가람약국,031-917-7200,"경기도 고양시 일산서구 킨텍스로 255, 일산 디엠시티 스카이뷰 139호 (대화동)",경기도 고양시 일산서구 대화동 2307-12 일산 디엠시티 스카이뷰,10390,2022-02-22,영업/정상
경기,내유녹십자약국,031-963-3188,경기도 고양시 덕양구 유산길 3 (내유동),경기도 고양시 덕양구 내유동 676-49,10263,2016-05-13,영업/정상
경기,건강한약국,031-916-8645,경기도 고양시 일산서구 일산로 526 (일산동),경기도 고양시 일산서구 일산동 1081-1 진송빌딩 1층 일부,10374,2014-11-17,영업/정상
경기,다니엘팜약국,031-906-2608,"경기도 고양시 일산동구 무궁화로 32-21 (장항동, 로데오메탈릭타워 8층 810호)",경기도 고양시 일산동구 장항동 776-1 로데오메탈릭타워 8층 810호,10401,2013-09-04,영업/정상
경기,4층앤약국,070-8846-1930,"경기도 고양시 일산서구 중앙로 1413, 동영빌딩 4층 401일부호 (주엽동)",경기도 고양시 일산서구 주엽동 106-3 동영빌딩 4층 401일부호,10386,2024-06-26,영업/정상
경기,킨텍스아는약국,031-911-6002,"경기도 고양시 일산서구 킨텍스로 240, 142호 (대화동, 킨텍스 꿈에그린)",경기도 고양시 일산서구 대화동 2603 킨텍스 꿈에그린,10391,2019-10-08,영업/정상
경기,건강드림약국,031-965-7582,"경기도 고양시 덕양구 도래울로 52, 센터프라자 102호 (도내동)",경기도 고양시 덕양구 도내동 1020 센터프라자 102호,10551,2019-12-24,영업/정상
경기,서연약국,02-6053-0414,"경기도 고양시 덕양구 향기로 101, 104호 (향동동)",경기도 고양시 덕양구 향동동 528 104호,10546,2024-08-26,영업/정상
경기,행복한미소약국,031-979-1011,"경기도 고양시 덕양구 지도로 94, 1층 (토당동)",경기도 고양시 덕양구 토당동 845-13,10511,2022-11-22,영업/정상
경기,파랑새온누리약국,031-917-3980,"경기도 고양시 일산서구 중앙로 1455, 157호 (주엽동, 대우시티프라자)",경기도 고양시 일산서구 주엽동 115,10387,2013-06-10,영업/정상
경기,대학약국,031-963-4645,"경기도 고양시 덕양구 통일로 774, 103호 (관산동)",경기도 고양시 덕양구 관산동 227-6,10286,2021-07-01,영업/정상
경기,일산에이스약국,031-912-6969,"경기도 고양시 일산서구 중앙로 1564, 그린월드 101호 (대화동)",경기도 고양시 일산서구 대화동 2203-1 그린월드,10381,2016-08-12,영업/정상
경기,새한솔약국,02-846-3488,"경기도 고양시 덕양구 충경로 87, 대명상가 2층 (행신동)",경기도 고양시 덕양구 행신동 783 대명상가 2층,10529,2020-08-21,영업/정상
경기,고양하나로 약국,070-4228-1128,"경기도 고양시 일산서구 대화로 362 (대화동, 고양농수산물종합유통센터)",경기도 고양시 일산서구 대화동 2324,10226,2017-05-29,영업/정상
경기,새화정약국,031-814-8133,"경기도 고양시 덕양구 화정로 53 (화정동, 새롬프라자 401호)",경기도 고양시 덕양구 화정동 969-1,10497,2014-10-01,영업/정상
경기,가나약국,031-818-8332,"경기도 고양시 일산서구 중앙로 1449, 효원메이저 108호 (주엽동)",경기도 고양시 일산서구 주엽동 110 효원메이저,10387,2021-03-08,영업/정상
경기,세솔약국,02-6229-2408,"경기도 고양시 덕양구 권율대로 893, 108호 (신원동, 파스텔 시티)",경기도 고양시 덕양구 신원동 620-1 108호,10568,2017-01-12,영업/정상
경기,뉴코아약국,070-7723-9559,"경기도 고양시 일산동구 강촌로 157, 서울코아 103호 (마두동)",경기도 고양시 일산동구 마두동 731 서울코아 103호,10417,2020-01-21,영업/정상
경기,화정봄약국,031-967-5554,"경기도 고양시 덕양구 화중로 205, 화수빌딩 101-1호 (화정동)",경기도 고양시 덕양구 화정동 861 화수빌딩 101-1호,10472,2020-02-04,영업/정상
경기,행복한 약국,031-908-7733,"경기도 고양시 일산동구 강송로73번길 7-19, 1층 (백석동)",경기도 고양시 일산동구 백석동 1248,10446,2026-07-02,영업/정상
경기,다나온누리약국,031-813-3346,"경기도 고양시 덕양구 화정로 47, 3층 302호 (화정동, 동원텔)",경기도 고양시 덕양구 화정동 969 동원텔,10497,2020-07-20,영업/정상
경기,고양새물약국,031-962-4817,경기도 고양시 덕양구 혜음로 36 (고양동),경기도 고양시 덕양구 고양동 131,10275,2020-03-06,영업/정상
경기,일산선약국,031-923-0222,"경기도 고양시 일산서구 가좌1로 53 (가좌동, 샤르망빌딩 1층)",,10209,2014-01-28,영업/정상
경기,대화약국,031-913-9295,"경기도 고양시 일산서구 중앙로 1559, 씨티타워 103호 (대화동)",경기도 고양시 일산서구 대화동 2222-3 씨티타워 103호,10381,2019-03-14,영업/정상
경기,고양스타약국 (스타필드지하1층약국),031-5173-0405,"경기도 고양시 덕양구 고양대로 1955, 스타필드 고양 지하1층 245호 (동산동)",경기도 고양시 덕양구 동산동 370 스타필드 고양 245호,10595,2017-08-23,영업/정상
경기,온누리건강나라약국,02-3418-6464,"경기도 과천시 별양상가2로 20, 새서울프라자 1층 13호 (별양동)",경기도 과천시 별양동 1-18 새서울프라자 13호,13837,2023-09-22,영업/정상
경기,포레약국,02-3418-3004,"경기도 과천시 별양로 39, 위버필드 상가 1동 2층 205호 (원문동)",경기도 과천시 원문동 10 1동 205호,13839,2024-06-19,영업/정상
경기,과천플러스약국,02-6407-1358,"경기도 과천시 관문로 92, 힐스테이트 과천중앙 B동 124호 (중앙동)",경기도 과천시 중앙동 38 힐스테이트 과천중앙 B동 124호,13807,2023-04-05,영업/정상
경기,휴베이스 행복약국,02-3418-6339,"경기도 과천시 과천대로2길 6, 과천 테라스 원 107호 (갈현동)",경기도 과천시 갈현동 860 과천 테라스 원 107호,13824,2025-08-24,영업/정상
경기,과천Plus약국,02-504-2341,"경기도 과천시 관문로 92, 힐스테이트 과천중앙 B동 B118호 (중앙동)",경기도 과천시 중앙동 38 힐스테이트 과천중앙 B동 B118호,13807,2025-01-21,영업/정상
경기,서울온누리약국,02-502-9799,경기도 과천시 별양로 182-2 (부림동),경기도 과천시 부림동 46 시대빌딩102호,13831,2013-08-22,영업/정상
경기,이편한약국,02-507-2020,"경기도 과천시 별양상가3로 14, e편한세상 시티 과천 1층 104-1호 (별양동)",경기도 과천시 별양동 1-22 e편한세상 시티 과천 104-1호,13837,2024-03-07,영업/정상
경기,상우약국,02-504-3121,"경기도 과천시 별양로 12, B동 3078호 (원문동, 래미안 슈르)",경기도 과천시 원문동 4 래미안 슈르,13835,2017-11-21,영업/정상
경기,펄약국,070-4141-1204,"경기도 과천시 과천대로2길 48, 펄어비스 홈 원 지하1층 B108호 (갈현동)",경기도 과천시 갈현동 263-1 펄어비스 홈 원 B108호,13824,2024-07-31,영업/정상
경기,하늘약국,02-504-4546,"경기도 과천시 별양상가3로 14, e편한세상 시티 과천 2층 211호 (별양동)",경기도 과천시 별양동 1-22 e편한세상 시티 과천 211호,13837,2023-08-08,영업/정상
경기,과천든든약국,02-507-7893,"경기도 과천시 과천대로5길 6, 과천 아이플렉스 1층 107호 (갈현동)",경기도 과천시 갈현동 319-1 과천 아이플렉스 107호,13840,2025-04-17,영업/정상
경기,서해약국,02-503-1627,"경기도 과천시 별양상가1로 35, 109~110호 (별양동)",경기도 과천시 별양동 1-4 상아빌딩,13837,2017-11-23,영업/정상
경기,케어약국,02-504-1381,"경기도 과천시 별양로 142, 근린생활시설동 1층 116-1호 (별양동)",경기도 과천시 별양동 52 근린생활시설 116-1호,13833,2022-03-15,영업/정상
경기,디센트로약국,070-8777-1783,"경기도 과천시 과천대로 112, 디센트로 2차 2층 212호 (갈현동)",경기도 과천시 갈현동 0 디센트로 2차,13824,2026-06-30,영업/정상
경기,과천 정약국,02-504-3364,"경기도 과천시 별양로 39, 1동 1층 (원문동)",경기도 과천시 원문동 10,13839,2021-09-15,영업/정상
경기,그랑약국,02-504-2403,"경기도 과천시 과천대로7길 46, 과천 Creation Tower 105호 (갈현동)",경기도 과천시 갈현동 443 과천 Creation Tower 105호,13840,2024-07-31,영업/정상
경기,행복약국,031-527-9066,경기도 구리시 산마루로 18 (갈매동),경기도 구리시 갈매동 608-1,11902,2018-04-06,영업/정상
경기,시민약국,031-567-2818,"경기도 구리시 동구릉로85번길 9, 동원상가 105호 (인창동)",경기도 구리시 인창동 703,11919,2019-05-17,영업/정상
경기,웅약국,031-527-0924,"경기도 구리시 경춘북로 252, 841동 C179호 (갈매동, 갈매역아이파크)",경기도 구리시 갈매동 596 갈매역아이파크,11901,2020-01-14,영업/정상
경기,드림약국,031-555-7702,"경기도 구리시 동구릉로 91, 1층 (인창동)",경기도 구리시 인창동 487-49,11914,2021-12-09,영업/정상
경기,새동신약국,031-564-6834,경기도 구리시 이문안로 82 (수택동),경기도 구리시 수택동 850-4,11940,2020-11-10,영업/정상
경기,레몬약국,031-571-4785,"경기도 구리시 갈매중앙로 79, SM타워 1층 102호 (갈매동)",경기도 구리시 갈매동 605-3,11901,2018-05-25,영업/정상
경기,신보룡약국,031-555-9897,경기도 구리시 검배로 61 (수택동),경기도 구리시 수택동 504-2,11931,2023-08-03,영업/정상
경기,동문약국,031-567-9275,"경기도 구리시 건원대로 47, 윤서병원 1층 (인창동)",경기도 구리시 인창동 344-19 윤서병원,11918,2026-04-17,영업/정상
경기,수브릿지약국,031-514-7500,"경기도 구리시 경춘로 213, 108호 (인창동)",경기도 구리시 인창동 280-3 108호,11926,2026-07-15,영업/정상
경기,밝은약국,031-561-1071,경기도 구리시 검배로 77 (수택동),경기도 구리시 수택동 492-11,11931,2023-10-19,영업/정상
경기,리맥스4층약국,031-556-4447,"경기도 구리시 경춘로 239, 리맥스빌딩 4층 445호 (인창동)",경기도 구리시 인창동 676-1 리맥스빌딩,11922,2021-03-05,영업/정상
경기,새싹약국,031-554-0036,"경기도 구리시 건원대로 44, 태영빌딩 112호 (인창동)",경기도 구리시 인창동 670-1 태영빌딩,11921,2018-08-22,영업/정상
경기,우정약국,031-568-8277,"경기도 구리시 경춘로 170, 계성빌딩 1층 (교문동)",경기도 구리시 교문동 216-6 계성빌딩,11925,2025-07-08,영업/정상
경기,모아약국,031-565-5975,경기도 구리시 동구릉로 63 (인창동),경기도 구리시 인창동 527-21,11919,2025-12-23,영업/정상
경기,인창온누리약국,031-556-1616,경기도 구리시 건원대로 91 (인창동),경기도 구리시 인창동 412-14,11918,2004-05-04,영업/정상
경기,365동서약국,031-552-4289,경기도 구리시 체육관로 162 (수택동),경기도 구리시 수택동 376,11927,2017-05-11,영업/정상
경기,성림약국,031-554-6743,경기도 구리시 동구릉로 69 (인창동),경기도 구리시 인창동 527-32,11919,2015-04-02,영업/정상
경기,한세약국,031-554-9213,"경기도 구리시 체육관로 140, 105호 (교문동)",경기도 구리시 교문동 830,11933,2023-08-02,영업/정상
경기,동원약국,031-551-3111,"경기도 구리시 경춘로 249, 동원플에이스테이션 104호 (인창동)",경기도 구리시 인창동 676-6 동원플에이스테이션,11922,2021-04-12,영업/정상
경기,구리보룡약국,031-557-2277,"경기도 구리시 동구릉로85번길 12, 인창빌딩 (인창동)",경기도 구리시 인창동 487-28 인창빌딩,11914,2020-11-26,영업/정상
경기,푸른약국,031-557-7267,"경기도 구리시 건원대로34번길 73, 주공6단지아파트 105호 (인창동)",경기도 구리시 인창동 668-5 주공6단지아파트,11921,2023-11-22,영업/정상
경기,쓰담약국,031-708-1642,경기도 구리시 장자대로 78 (수택동),경기도 구리시 수택동 874-2,11948,2025-06-10,영업/정상
경기,메가타운약국 구리점,031-562-3650,"경기도 구리시 동구릉로200번길 110, 2층 203~205호 (인창동)",경기도 구리시 인창동 103-4 203~5호,11908,2026-07-14,영업/정상
경기,팜코리아 약국,031-565-8906,경기도 구리시 안골로 110 (수택동),경기도 구리시 수택동 486-3,11932,2004-08-24,영업/정상
경기,본약국,031-565-7377,"경기도 구리시 건원대로99번길 134, 1층 (인창동)",경기도 구리시 인창동 313-24,11918,2022-08-31,영업/정상
경기,햇살온누리약국,031-568-8086,"경기도 구리시 이문안로 140, 토평동L빌딩 (토평동)",경기도 구리시 토평동 965-1 토평동L빌딩,11946,2024-05-31,영업/정상
경기,신세계약국,031-575-0142,"경기도 구리시 갈매순환로 202, 로터스타워 102호 (갈매동)",경기도 구리시 갈매동 529 로터스타워,11901,2021-03-23,영업/정상
경기,수인약국,031-556-3004,"경기도 구리시 체육관로80번길 19, 102호 (수택동)",경기도 구리시 수택동 847-5 102호,11940,2023-01-03,영업/정상
경기,성림약국,031-554-6743,경기도 구리시 동구릉로 69 (인창동),경기도 구리시 인창동 527-32,11919,2015-03-31,영업/정상
경기,코끼리약국,031-554-0639,경기도 구리시 이문안로 78 (수택동),경기도 구리시 수택동 850-2,11940,2024-08-19,영업/정상
경기,갈매365약국,031-527-3691,"경기도 구리시 갈매중앙로 83 (갈매동, 아름터프라자)",경기도 구리시 갈매동 303-1,11902,2016-10-06,영업/정상
경기,구리롯데동물약국,031-557-1147,"경기도 구리시 경춘로 253, 다우스퀘어 102호 (인창동)",경기도 구리시 인창동 676-7 다우스퀘어,11922,2018-10-25,영업/정상
경기,서울약국,031-569-0074,경기도 구리시 체육관로 170 (수택동),경기도 구리시 수택동 373,11927,2015-07-10,영업/정상
경기,소중한약국,031-571-7233,경기도 남양주시 퇴계원읍 퇴계원로 70,경기도 남양주시 퇴계원읍 퇴계원리 268-11,12119,2021-03-30,영업/정상
경기,건강동물약국,031-511-6525,경기도 남양주시 화도읍 묵현로 15,경기도 남양주시 화도읍 묵현리 290-1,12168,2013-07-04,영업/정상
경기,진서약국,031-591-3862,"경기도 남양주시 금곡로 72, 센타프라자 (금곡동)",경기도 남양주시 금곡동 153-1 센타프라자,12237,2021-04-21,영업/정상
경기,다산수약국,031-566-7588,"경기도 남양주시 다산중앙로145번길 9, 108호 (다산동)",경기도 남양주시 다산동 6063-3 108호,12248,2021-01-18,영업/정상
경기,호평중앙동물약국,031-595-8475,"경기도 남양주시 늘을3로 65-12, 104호 (호평동, 금강프라자)",경기도 남양주시 호평동 617-1 금강프라자 104호,12145,2013-07-29,영업/정상
경기,다산진약국,031-510-0051,"경기도 남양주시 다산순환로 349, 104호 (다산동)",경기도 남양주시 다산동 6052 104호,12285,2024-11-27,영업/정상
경기,서울동물약국,031-591-9517,"경기도 남양주시 늘을2로14번길 5, 샤르망메디칼프라자 105호 (호평동)",경기도 남양주시 호평동 641-1 샤르망메디칼프라자 105호,12150,2013-07-29,영업/정상
경기,별내아이파크약국,031-571-3880,"경기도 남양주시 별내중앙로 10, 별내아이플레이스 225호 (별내동)",경기도 남양주시 별내동 1005 별내역 아이파크 스위트,12113,2022-01-14,영업/정상
경기,마석우리약국,031-594-0162,경기도 남양주시 화도읍 경춘로 1981-18,경기도 남양주시 화도읍 마석우리 271-21,12180,2022-12-01,영업/정상
경기,다정약국,031-594-9731,"경기도 남양주시 늘을2로 20, CH리베로빌딩 118호 (호평동)",경기도 남양주시 호평동 640-2 CH리베로빌딩,12150,2025-06-02,영업/정상
경기,카이로약국,031-577-0188,"경기도 남양주시 와부읍 덕소로 274,  113~114호",경기도 남양주시 와부읍 도곡리 1012 113~114호,12276,2017-12-15,영업/정상
경기,밝은 현약국,031-576-1016,"경기도 남양주시 와부읍 덕소로97번길 67, 라임스퀘어빌딩 1층",경기도 남양주시 와부읍 덕소리 161-11 라임스퀘어빌딩,12208,2023-02-21,영업/정상
경기,진주약국,031-575-4974,"경기도 남양주시 오남읍 진건오남로 629-1, 진주상가 143호",경기도 남양주시 오남읍 오남리 683-7 진주상가,12040,2025-03-25,영업/정상
경기,신굿모닝약국,031-574-4881,"경기도 남양주시 오남읍 진건오남로522번길 5, 101호",경기도 남양주시 오남읍 오남리 406 101호,12039,2024-12-03,영업/정상
경기,자연주의약국,031-591-3206,"경기도 남양주시 백봉로 32, 상가A동 305호 (호평동, 두산 알프하임)",경기도 남양주시 호평동 730 두산 알프하임,12155,2021-08-05,영업/정상
경기,도농베스트약국,031-563-3902,"경기도 남양주시 도농로 24, 217호 (다산동, 부영애시앙)",경기도 남양주시 다산동 4001-29 부영애시앙 217호,12256,2023-06-08,영업/정상
경기,가운이층약국,031-564-0818,"경기도 남양주시 경춘로 368, 브릭스타워 203호 (다산동)",경기도 남양주시 다산동 668-3 브릭스타워,12262,2021-05-28,영업/정상
경기,4층써니약국,031-555-0158,"경기도 남양주시 도농로 29, 부영프라자 4층 404-1호 (다산동)",경기도 남양주시 다산동 4065 부영프라자 404-1호,12255,2022-07-28,영업/정상
경기,한결약국,031-575-9774,"경기도 남양주시 별내중앙로 50, 101호 (별내동)",경기도 남양주시 별내동 1016-2,12112,2022-08-19,영업/정상
경기,백세약국,031-523-3311,"경기도 남양주시 진접읍 장현로 93, 101호",경기도 남양주시 진접읍 장현리 381-1,12014,2025-12-02,영업/정상
경기,용한약국,031-527-1188,"경기도 남양주시 퇴계원읍 퇴계원로 93, 도심빌딩 1층",경기도 남양주시 퇴계원읍 퇴계원리 90 도심빌딩,12120,2020-07-28,영업/정상
경기,유진약국,031-511-1364,경기도 남양주시 금곡로 15 (금곡동),경기도 남양주시 금곡동 700-32,12234,2023-06-13,영업/정상
경기,다산매일약국,031-552-0502,"경기도 남양주시 다산중앙로 17, 106호 (다산동)",경기도 남양주시 다산동 6147-3,12248,2024-11-04,영업/정상
경기,푸른약국,031-523-2088,경기도 남양주시 화도읍 비룡로 341,경기도 남양주시 화도읍 가곡리 273-7,12035,2022-01-18,영업/정상
경기,건강온누리약국,031-559-6334,경기도 남양주시 화도읍 맷돌로 118,경기도 남양주시 화도읍 마석우리 383-6 중흥프라자 105호,12175,2013-06-21,영업/정상
경기,청학e-조은약국,031-847-4954,"경기도 남양주시 별내면 청학로68번길 13, 삼화빌딩",경기도 남양주시 별내면 청학리 413-3 삼화빌딩,12084,2021-07-20,영업/정상
경기,아침약국,031-528-7273,"경기도 남양주시 진접읍 금강로1573번길 9, 106호",경기도 남양주시 진접읍 장현리 44-5 106호,12002,2023-08-17,영업/정상
경기,365하이약국,070-4791-8406,"경기도 남양주시 화도읍 마석로 33, 115호 (빌리브 센트하이)",경기도 남양주시 화도읍 마석우리 295-32 빌리브 센트하이,12176,2026-06-30,영업/정상
경기,아이원약국,031-568-8988,경기도 남양주시 다산중앙로 105-8 (다산동),경기도 남양주시 다산동 6088-3,12248,2023-07-03,영업/정상
경기,혜인온누리약국,031-521-4646,"경기도 남양주시 와부읍 덕소로97번길 15-3, 동화프라자 102호 일부호",경기도 남양주시 와부읍 덕소리 477-2 동화프라자 102호,12209,2020-11-13,영업/정상
경기,별빛약국,031-522-6283,"경기도 남양주시 별내중앙로 24, 111,112호 (별내동)",경기도 남양주시 별내동 1006-3,12113,2021-08-20,영업/정상
경기,스마트약국,031-595-9575,"경기도 남양주시 천마산로 21, 스마트스퀘어 1층 203-2호 (호평동)",경기도 남양주시 호평동 231-1,12141,2025-03-17,영업/정상
경기,라온약국,070-7625-2497,"경기도 남양주시 화도읍 경춘로 1872, 104호",경기도 남양주시 화도읍 녹촌리 4-2,12178,2021-08-09,영업/정상
경기,다산늘푸른약국,031-554-3791,"경기도 남양주시 다산중앙로82번안길 118, 다산메인타워 1층 105,106호 (다산동)",경기도 남양주시 다산동 6169,12249,2023-02-23,영업/정상
경기,금곡동물약국,031-559-8806,"경기도 남양주시 금곡로 50, 대성빌딩 102호 (금곡동)",경기도 남양주시 금곡동 427-23 대성빌딩 102호,12237,2021-04-21,영업/정상
경기,하나약국,031-595-8946,"경기도 남양주시 화도읍 맷돌로 93, 104호",경기도 남양주시 화도읍 마석우리 541-1 104호,12165,2020-12-04,영업/정상
경기,열린약국,031-522-6789,"경기도 남양주시 늘을2로 20, CH리베로빌딩 506호 (호평동)",경기도 남양주시 호평동 640-2 CH리베로빌딩,12150,2022-07-04,영업/정상
경기,참희망약국,031-512-0320,"경기도 남양주시 다산중앙로123번길 22-80, 신해메디컬타워 112호 (다산동)",경기도 남양주시 다산동 6062 112호,12248,2023-02-27,영업/정상
경기,참온누리약국,031-555-5901,"경기도 남양주시 다산중앙로123번길 13, 1층 102호 (다산동)",경기도 남양주시 다산동 6086,12248,2021-07-22,영업/정상
경기,365드림동물약국,031-594-3652,"경기도 남양주시 늘을1로16번길 25, 104호 (호평동, 성보빌딩)",경기도 남양주시 호평동 638 성보빌딩 104호,12149,2013-07-29,영업/정상
경기,평강약국,031-576-3002,경기도 남양주시 와부읍 덕소로 87,경기도 남양주시 와부읍 덕소리 474-3,12209,2013-05-21,영업/정상
경기,감초당약국,031-595-7750,"경기도 남양주시 화도읍 수레로1233번길 9, 경향아파트 104호",경기도 남양주시 화도읍 창현리 765 경향아파트,12186,2023-10-16,영업/정상
경기,사랑약국,031-521-0053,경기도 남양주시 와부읍 덕소로97번길 9 (일신프라자),경기도 남양주시 와부읍 덕소리 476-3,12209,2017-04-06,영업/정상
경기,하나약국,031-572-6665,"경기도 남양주시 진접읍 장현로 101, 1층",,12014,2016-05-11,영업/정상
경기,광릉내열린약국,031-573-3421,경기도 남양주시 진접읍 광릉내로 105,경기도 남양주시 진접읍 팔야리 728-1,12019,2014-08-11,영업/정상
경기,김약국,031-594-2961,"경기도 남양주시 화도읍 마석중앙로 60, 1층",경기도 남양주시 화도읍 창현리 488-2,12179,2019-09-11,영업/정상
경기,아침햇살약국,031-595-0746,"경기도 남양주시 의안로 121-20, 우영프라자 108호 (평내동)",경기도 남양주시 평내동 604-10 우영프라자,12226,2021-07-06,영업/정상
경기,송이약국,031-556-8732,"경기도 남양주시 경춘로 368, 브릭스타워 303호 (다산동)",경기도 남양주시 다산동 668-3 브릭스타워,12262,2021-01-05,영업/정상
경기,별내중앙약국,031-573-3309,"경기도 남양주시 별내중앙로 49, 103호 (별내동)",경기도 남양주시 별내동 1019-2 103호,12112,2024-05-21,영업/정상
경기,메디칼약손약국,031-528-9100,경기도 남양주시 오남읍 진건오남로 511,,12048,2013-05-28,영업/정상
경기,더샵온누리약국,031-574-7445,"경기도 남양주시 진접읍 부평로48번길 140, B1층 107호 (더샵 남양주퍼스트시티)",경기도 남양주시 진접읍 부평리 653 더샵 남양주퍼스트시티,12023,2022-01-24,영업/정상
경기,미래약국,031-591-9104,"경기도 남양주시 늘을2로 20, CH리베로빌딩 406호 (호평동)",경기도 남양주시 호평동 640-2 CH리베로빌딩 406호,12150,2023-04-21,영업/정상
경기,호호온누리약국,031-575-6599,"경기도 남양주시 별내3로 320, 105호 (별내동, 센트럴프라자)",경기도 남양주시 별내동 826-9 105호,12097,2017-03-01,영업/정상
경기,청학한마음약국,031-823-7575,"경기도 남양주시 별내면 청학로중앙길 15, 101호 (주공프라자)",경기도 남양주시 별내면 청학리 414 주공프라자 101호,12084,2013-10-24,영업/정상
경기,덕소프라자약국,031-577-7607,경기도 남양주시 와부읍 수레로 34,경기도 남양주시 와부읍 덕소리 141-69,12209,2024-01-30,영업/정상
경기,평안동물약국,031-571-6084,경기도 남양주시 진접읍 장현로 110,경기도 남양주시 진접읍 장현리 351-20,12011,2013-07-16,영업/정상
경기,케어팜동물약국,031-555-5543,"경기도 남양주시 도농로 24, 상가동 지하1층 101호 (도농동, 부영애시앙)",경기도 남양주시 도농동 1-29 부영애시앙상가동 지하1층 101호,12256,2013-07-29,영업/정상
경기,정화약국,031-577-8366,"경기도 남양주시 와부읍 덕소로 218, 1층",경기도 남양주시 와부읍 도곡리 997-10,12274,2015-09-25,영업/정상
경기,별내종로약국,031-527-0081,"경기도 남양주시 별내중앙로 63, 에스프라자 103호 (별내동)",경기도 남양주시 별내동 1018,12112,2020-11-09,영업/정상
경기,희망찬동물약국,031-557-3917,경기도 남양주시 미금로 55 (도농동),경기도 남양주시 도농동 302-52,12253,2013-07-29,영업/정상
경기,연세희망약국,031-573-8666,"경기도 남양주시 진건읍 사릉로442번길 25, 103호",경기도 남양주시 진건읍 용정리 768-7,12133,2026-07-27,영업/정상
경기,로뎀약국,070-8811-5502,"경기도 남양주시 별내중앙로 34, 111호 (별내동)",경기도 남양주시 별내동 1006,12113,2021-04-08,영업/정상
경기,오남중앙약국,031-574-0088,"경기도 남양주시 오남읍 진건오남로 793, 1층",경기도 남양주시 오남읍 양지리 105,12045,2020-10-13,영업/정상
경기,해양약국,031-528-3070,경기도 남양주시 화도읍 마석중앙로 56-5,경기도 남양주시 화도읍 창현리 489-14,12179,2025-11-28,영업/정상
경기,코코약국,031-594-0410,"경기도 남양주시 평내로29번길 41, 메인프라자 206-1호 (평내동)",경기도 남양주시 평내동 578-3 메인프라자,12223,2023-06-09,영업/정상
경기,으뜸온누리약국,031-527-9284,"경기도 남양주시 오남읍 진건오남로 812, 104호",경기도 남양주시 오남읍 양지리 101-16 104호,12036,2018-05-25,영업/정상
경기,소리약국,031-527-2261,경기도 남양주시 진접읍 금강로 1445,경기도 남양주시 진접읍 장현리 329-2,12008,2020-05-26,영업/정상
경기,덕소중앙동물약국,031-577-5907,"경기도 남양주시 와부읍 덕소로97번길 4, 1층 105호 (중앙프라자)",경기도 남양주시 와부읍 덕소리 112-2 중앙프라자 105호,12211,2013-07-29,영업/정상
경기,루시동물약국,031-592-4288,경기도 남양주시 경춘로1308번길 2 (평내동),경기도 남양주시 평내동 200-4,12218,2013-06-27,영업/정상
경기,썬약국,031-595-5953,"경기도 남양주시 늘을2로 32, 호평프라자 105호 (호평동)",경기도 남양주시 호평동 639 호평프라자 105호,12150,2024-07-30,영업/정상
경기,진접MESH종로약국,070-7576-4817,"경기도 남양주시 진접읍 금강로 1537, 1층 일부호",경기도 남양주시 진접읍 장현리 76-1,12005,2026-08-12,영업/정상
경기,서울남양주 동물약국,031-575-7571,"경기도 남양주시 진건읍 사릉로402번길 2, 1층",경기도 남양주시 진건읍 용정리 786-14,12136,2020-07-13,영업/정상
경기,한인희온누리동물약국,031-568-1207,"경기도 남양주시 도농로 24, 상가동 사랑관1층 108호 (도농동, 부영애시앙)",경기도 남양주시 도농동 1-29 부영애시앙상가동 사랑관1층 108호,12256,2013-07-29,영업/정상
경기,다산선약국,031-522-4994,"경기도 남양주시 다산중앙로123번길 21-7, 신해센트럴타워Ⅰ 106호 (다산동)",경기도 남양주시 다산동 6085-2 신해센트럴타워Ⅰ,12248,2021-03-04,영업/정상
경기,동일약국,031-556-0632,"경기도 남양주시 다산중앙로146번길 22, 가하프라자 106호 (다산동)",경기도 남양주시 다산동 6055-3 가하프라자 106호,12285,2022-08-03,영업/정상
경기,한빛동물약국,031-529-8899,경기도 남양주시 퇴계원면 도제원로 20,경기도 남양주시 퇴계원면 퇴계원리 232,12124,2013-08-02,영업/정상
경기,아침약국,031-528-7273,경기도 남양주시 진접읍 금강로1573번길 9,경기도 남양주시 진접읍 장현리 44-5,12002,2013-07-29,영업/정상
경기,건강드림약국,031-577-1020,"경기도 남양주시 와부읍 월문천로 33, 롯데마트 지층",경기도 남양주시 와부읍 덕소리 501-3 롯데마트,12211,2025-03-17,영업/정상
경기,별내영약국,070-4027-0735,"경기도 남양주시 별내중앙로 7-14, 별내자이더스타 217호 (별내동)",경기도 남양주시 별내동 991,12113,2026-07-14,영업/정상
경기,행복약국,031-568-2227,"경기도 남양주시 미금로 235, 다산법조메디컬타워 106호 (다산동)",경기도 남양주시 다산동 3198-21 다산법조메디컬타워 106호,12249,2020-12-22,영업/정상
경기,금곡중앙동물약국,031-559-4455,"경기도 남양주시 사릉로 14, 106호 (금곡동, 금곡프라자)",경기도 남양주시 금곡동 416-1 금곡프라자 106호,12237,2013-07-29,영업/정상
경기,덕소대학동물약국,031-521-9393,"경기도 남양주시 와부읍 덕소로 107, 가동 103호",경기도 남양주시 와부읍 덕소리 511-1 가동 103호,12214,2013-07-29,영업/정상
경기,비타민플러스 약국,031-595-2772,"경기도 남양주시 금곡로 72, 1층 103호 (금곡동, 센터프라자)",경기도 남양주시 금곡동 153-1 센터프라자 103호,12237,2015-01-29,영업/정상
경기,별내해밀약국,031-575-7479,"경기도 남양주시 순화궁로 339, 101호 (별내동)",경기도 남양주시 별내동 931-8 101호,12105,2018-06-11,영업/정상
경기,다산지금약국,031-556-7000,"경기도 남양주시 다산지금로 139, 영신프라자 107호 (다산동)",경기도 남양주시 다산동 6216-4,12284,2020-04-10,영업/정상
경기,나래동물약국,031-595-6474,"경기도 남양주시 화도읍 비룡로 62, 104호 (중앙프라자)",경기도 남양주시 화도읍 마석우리 383-2 중앙프라자 104호,12175,2013-11-14,영업/정상
경기,가람약국,031-557-5050,"경기도 남양주시 도농로 1, 상임빌딩 106호 (다산동)",경기도 남양주시 다산동 4053-4 상임빌딩 106호,12260,2020-11-02,영업/정상
경기,별내이마트동물약국,031-572-8116,"경기도 남양주시 순화궁로 167, 이마트 2층 (별내동)",경기도 남양주시 별내동 989 이마트,12113,2021-10-05,영업/정상
경기,종로김약국,070-4902-3838,"경기도 남양주시 오남읍 진건오남로 809, 지오빌딩 103~104호",경기도 남양주시 오남읍 양지리 100-14 지오빌딩 103~104호,12036,2023-06-26,영업/정상
경기,메디약국,031-559-8249,"경기도 남양주시 경춘로 1511, 메디피아클리닉 1층 (호평동)",경기도 남양주시 호평동 14 메디피아클리닉 1층,12141,2018-04-16,영업/정상
경기,참빛동물약국,031-592-2906,"경기도 남양주시 경춘로1256번길 9, 401-1호 (평내동, 강남프라자)",경기도 남양주시 평내동 579-2 강남프라자 401-1호,12223,2013-07-29,영업/정상
경기,참약국,031-593-3315,"경기도 남양주시 늘을2로14번길 3, 에이스프라자 112호 (호평동)",경기도 남양주시 호평동 641 에이스프라자 112호,12150,2022-03-02,영업/정상
경기,별내약국,031-529-5450,"경기도 남양주시 별내5로5번길 3, 마들프라자 102호 (별내동)",경기도 남양주시 별내동 1097-6 마들프라자,12102,2019-12-05,영업/정상
경기,보성약국,031-521-3646,"경기도 남양주시 와부읍 덕소로97번길 7, 1층",경기도 남양주시 와부읍 덕소리 474-4,12209,2024-01-19,영업/정상
경기,또봄약국,031-559-3349,"경기도 남양주시 평내로29번길 41, 메인프라자 109,111호 (평내동)",경기도 남양주시 평내동 578-3 메인프라자,12223,2024-04-09,영업/정상
경기,호평이화동물약국,031-559-0856,경기도 남양주시 호평로67번길 1 (호평동),경기도 남양주시 호평동 165-4,12147,2013-07-29,영업/정상
경기,한사랑약국,031-573-7478,"경기도 남양주시 진접읍 봉현로 25, 우리은행",경기도 남양주시 진접읍 장현리 659-2 우리은행,12013,2026-04-17,영업/정상
경기,동일약국,031-556-0632,"경기도 남양주시 다산중앙로146번길 22, 가하프라자 106호 (다산동)",경기도 남양주시 다산동 6055-3 가하프라자,12285,2024-05-27,영업/정상
경기,다산탑약국,031-522-6117,"경기도 남양주시 다산중앙로146번길 12-10, 원픽프라자 2차 105호 (다산동)",경기도 남양주시 다산동 6054,12285,2026-04-24,영업/정상
경기,나은누리약국,031-521-4990,"경기도 남양주시 와부읍 덕소로 214, 재령빌딩 101호",경기도 남양주시 와부읍 도곡리 997-13 재령빌딩,12274,2026-02-19,영업/정상
경기,미엘약국,031-571-2147,"경기도 남양주시 퇴계원읍 퇴계원로 20, 1층",경기도 남양주시 퇴계원읍 퇴계원리 218-20,12122,2023-02-23,영업/정상
경기,그린온누리약국,031-522-1002,"경기도 남양주시 다산중앙로 109, 다산진건지구 업무1-4 104호 (다산동)",경기도 남양주시 다산동 6089-3 다산진건지구 업무1-4,12248,2026-03-25,영업/정상
경기,지금행복약국,031-557-0707,"경기도 남양주시 다산지금로 142, 다산지금지구 근생7-6 105호 (다산동)",경기도 남양주시 다산동 6217-6 다산지금지구 근생7-6,12284,2019-05-22,영업/정상
경기,다산메트로약국,031-523-2468,"경기도 남양주시 다산중앙로145번길 17, 103호 (다산동)",경기도 남양주시 다산동 6063,12248,2022-09-13,영업/정상
경기,신성온누리동물약국,031-595-8363,"경기도 남양주시 홍유릉로248번길 39 (금곡동, 다남프라자 122,123호)","경기도 남양주시 금곡동 651-10 다남프라자 122,123호",12239,2014-03-10,영업/정상
경기,다나약국,031-577-8339,"경기도 남양주시 와부읍 덕소로 226, 골드타워",경기도 남양주시 와부읍 도곡리 996-6 골드타워,12274,2020-10-14,영업/정상
경기,정다운약국,031-511-7092,경기도 남양주시 화도읍 경춘로 1943-6,경기도 남양주시 화도읍 창현리 497,12179,2019-11-05,영업/정상
경기,송우약국,031-593-0033,경기도 남양주시 화도읍 마석중앙로 70-1,경기도 남양주시 화도읍 마석우리 271-3,12180,2021-05-04,영업/정상
경기,365약국,031-523-3311,"경기도 남양주시 오남읍 진건오남로 813, 104-105호",경기도 남양주시 오남읍 양지리 100-15 104호,12036,2023-03-06,영업/정상
경기,호호온누리약국,031-575-6599,"경기도 남양주시 별내3로 320, 센트럴프라자 1층 105호 (별내동)",경기도 남양주시 별내동 826-9 센트럴프라자 105호,12097,2019-05-03,영업/정상
경기,21c청학보건당,031-821-1653,경기도 남양주시 별내면 청학로중앙길 9,경기도 남양주시 별내면 청학리 413,12084,2004-04-20,영업/정상
경기,연분홍약국,02-3486-6307,"경기도 남양주시 화도읍 경춘로1876번길 3, 106호",경기도 남양주시 화도읍 녹촌리 10-3 106호,12178,2021-02-16,영업/정상
경기,튼튼약국,031-567-8088,"경기도 남양주시 다산중앙로123번길 9, 105호 (다산동)",경기도 남양주시 다산동 6086-2,12248,2024-04-22,영업/정상
경기,평내약국,031-594-3002,"경기도 남양주시 평내로29번길 49, 평내엠투프라자 108호 (평내동)",경기도 남양주시 평내동 579-3 평내엠투프라자 108호,12223,2023-07-18,영업/정상
경기,연세약국,031-593-2055,"경기도 남양주시 화도읍 수레로 1234-26, 신명아파트",경기도 남양주시 화도읍 창현리 749 신명아파트,12185,2020-12-09,영업/정상
경기,굿모닝약국,031-572-7749,"경기도 남양주시 퇴계원읍 퇴계원로 30, 보성빌딩",경기도 남양주시 퇴계원읍 퇴계원리 295-3 보성빌딩,12122,2021-03-11,영업/정상
경기,상쾌한숲속약국,031-591-9555,"경기도 남양주시 경춘로1256번길 6, 다모아프라자 105호 (평내동)",경기도 남양주시 평내동 578-1 다모아프라자,12223,2020-03-11,영업/정상
경기,덕소메디칼약국,02-433-7251,"경기도 남양주시 와부읍 덕소로97번길 13, 102호",경기도 남양주시 와부읍 덕소리 477-4 102호,12209,2020-10-27,영업/정상
경기,5층온누리약국,031-522-5735,"경기도 남양주시 화도읍 비룡로 58, 정길프라자 5층 503호",경기도 남양주시 화도읍 마석우리 383-1 정길프라자 503호,12175,2024-04-30,영업/정상
경기,별내샛별약국,070-4231-1212,"경기도 남양주시 별내5로 189-130, 207호 (별내동, 별내우미린스타포레)",경기도 남양주시 별내동 895 별내우미린스타포레 207호,12095,2021-03-25,영업/정상
경기,다산중앙약국,031-558-3818,"경기도 남양주시 다산순환로 356, 푸리마타워 (다산동)",경기도 남양주시 다산동 6053-2 푸리마타워 109호,12285,2024-07-15,영업/정상
경기,희망약국,031-877-0476,경기도 남양주시 진접읍 광릉내로 17-1,경기도 남양주시 진접읍 부평리 613-3,12020,2013-08-21,영업/정상
경기,메디칼약손약국,031-528-9100,"경기도 남양주시 오남읍 진건오남로 511, 강남상가 108,109호",경기도 남양주시 오남읍 오남리 496-1,12048,2021-03-30,영업/정상
경기,마석백제약국,031-511-7026,"경기도 남양주시 화도읍 경춘로 1992, 203호",경기도 남양주시 화도읍 마석우리 255-24 203호,12181,2020-12-08,영업/정상
경기,밝은약국,031-574-2040,경기도 남양주시 진접읍 장현로 122,경기도 남양주시 진접읍 장현리 357-1,12011,2013-07-03,영업/정상
경기,천사약국,031-554-5066,"경기도 남양주시 미금로 14, 도농센트레빌 상가동 106호 (다산동)",경기도 남양주시 다산동 4436-1 도농센트레빌 상가동,12254,2021-04-02,영업/정상
경기,진건성심약국,031-573-6607,경기도 남양주시 진건읍 사릉로 397,경기도 남양주시 진건읍 용정리 794-23,12138,2018-04-03,영업/정상
경기,도농건강동물약국,031-567-4727,"경기도 남양주시 미금로 37-6, 105호 (도농동, 연성프라자)",경기도 남양주시 도농동 306-5 연성프라자 105호,12253,2013-07-29,영업/정상
경기,다나,031-528-8840,"경기도 남양주시 진접읍 해밀예당1로 220, 105호",경기도 남양주시 진접읍 금곡리 1042 105호,,2013-07-29,영업/정상
경기,금강약국,070-4413-2767,"경기도 남양주시 진접읍 해밀예당3로 61, 102호",경기도 남양주시 진접읍 금곡리 1094,12065,2017-05-16,영업/정상
경기,해림온누리약국,031-591-0826,"경기도 남양주시 금곡로 13, 행복빌딩 1층 (금곡동)",경기도 남양주시 금곡동 700-30 행복빌딩,12234,2019-04-15,영업/정상
경기,이음약국,031-566-2565,"경기도 남양주시 다산중앙로 153, 상가동 1층 155호 (다산동, 다산자이 아이비플레이스)",경기도 남양주시 다산동 6028 다산자이 아이비플레이스 상가동 155호,12248,2022-05-26,영업/정상
경기,다함약국,031-569-1717,"경기도 남양주시 진접읍 금강로1521번길 1, 1층",경기도 남양주시 진접읍 장현리 68-5,12009,2024-12-02,영업/정상
경기,마이온누리약국,031-562-5888,"경기도 남양주시 다산중앙로145번길 15, 신해센트럴타워Ⅱ 103호 (다산동)",경기도 남양주시 다산동 6063-1 신해센트럴타워Ⅱ,12248,2024-03-28,영업/정상
경기,조은약국,031-562-4546,"경기도 남양주시 다산중앙로82번길 84, 102호 (다산동)",경기도 남양주시 다산동 6124-3,12249,2022-04-11,영업/정상
경기,별내우리약국,031-575-5078,"경기도 남양주시 별내5로5번길 1, 103호 (별내동)",경기도 남양주시 별내동 1097-7 103호,12102,2022-06-03,영업/정상
경기,21세기 동규약국,031-374-2943,경기도 오산시 대원로 1 (오산동),경기도 오산시 오산동 880-21,,1990-12-07,영업/정상
경기,바른약국,031-377-8522,경기도 오산시 오산로 224-1 (오산동),경기도 오산시 오산동 880-2,18138,2017-12-22,영업/정상
경기,윤온누리약국,031-375-7100,경기도 오산시 밀머리로1번길 12-6 (원동),경기도 오산시 원동 560-41,18144,2025-05-22,영업/정상
경기,늘푸른온누리약국,031-376-4601,"경기도 오산시 경기대로 155 (원동, 신한프라자A)",,18143,2016-01-07,영업/정상
경기,365스마일약국,070-4032-8864,"경기도 오산시 죽담안로 38-15, 1층 103호 (궐동)","경기도 오산시 궐동 783-6 , 1층 103호",18124,2025-01-02,영업/정상
경기,광장약국,031-375-8747,"경기도 오산시 대원로 2, 광장약국 (원동)",경기도 오산시 원동 762-1 광장약국,18141,2018-07-04,영업/정상
경기,도담약국,031-373-5852,"경기도 오산시 세마문학로 50, 2층 218,219호 (지곶동, e편한세상)","경기도 오산시 지곶동 577 e편한세상 상가동 218,9호",18102,2019-03-07,영업/정상
경기,오산중앙약국,031-372-5520,경기도 오산시 성호대로 113 (오산동),경기도 오산시 오산동 867-6 오산중앙약국,18134,2017-11-24,영업/정상
경기,세교오약국,031-374-2905,"경기도 오산시 초평중앙로 127-4, 104호 (가수동)",경기도 오산시 가수동 408-4 104호,18125,2024-12-06,영업/정상
경기,오산온누리약국,031-376-1865,"경기도 오산시 경기대로 271, 롯데마트오산점 (오산동)",경기도 오산시 오산동 868 롯데마트오산점,18135,2021-08-18,영업/정상
경기,크로바약국,070-8600-8536,"경기도 오산시 밀머리로1번길 18, 102호 (원동)",경기도 오산시 원동 561-1 102호,18144,2026-05-14,영업/정상
경기,호이약국,031-373-4999,경기도 오산시 오산로 241-1 (오산동),경기도 오산시 오산동 875-3,18137,2024-12-19,영업/정상
경기,시장약국,031-373-7780,경기도 오산시 성호새싹길 33 (오산동),경기도 오산시 오산동 845-9,18136,2014-04-07,영업/정상
경기,시티약국,031-375-0289,"경기도 오산시 부산중앙로 25-6, 자이프라자 1층 106,107호 (부산동)","경기도 오산시 부산동 690 자이프라자 106,7호",18148,2018-10-31,영업/정상
경기,다사랑온누리약국,070-7724-6865,"경기도 오산시 발안로 1367, 석선빌딩 103호 (누읍동)",경기도 오산시 누읍동 431-1 석선빌딩 103호,18125,2024-03-27,영업/정상
경기,기쁨약국,031-378-3893,"경기도 오산시 오산로 349, 죽산빌딩 1층 (궐동)",경기도 오산시 궐동 78-4 죽산빌딩,18115,2019-08-12,영업/정상
경기,경담온누리약국,031-377-7893,"경기도 오산시 수목원로 600, 101호 (세교동)",경기도 오산시 세교동 601-1 101호,18106,2026-01-14,영업/정상
경기,세교바른약국,031-373-0844,"경기도 오산시 오산대역로 214, G플레이스 오산 108호 (수청동)",경기도 오산시 수청동 617-6 G플레이스 오산,18114,2021-07-12,영업/정상
경기,가온약국,031-373-9901,"경기도 오산시 수청로 199, 정원프라자 102호 (금암동)",경기도 오산시 금암동 516-2 정원프라자 102호,18109,2024-05-07,영업/정상
경기,오산맑음약국,031-8055-8092,"경기도 오산시 내삼미로79번길 23, 111호 (수청동)",경기도 오산시 수청동 618-3 111호,18114,2025-11-05,영업/정상
경기,마더스약국,031-378-1638,"경기도 오산시 경기대로 181, 오산이마트 1층 (원동)",경기도 오산시 원동 360-6 오산이마트,18143,2018-01-22,영업/정상
경기,큰사랑약국,031-8003-1933,경기도 오산시 외삼미로 60-45 (외삼미동),경기도 오산시 외삼미동 300-4,18111,2020-08-28,영업/정상
경기,오색약국,070-8676-1778,"경기도 오산시 오산로 244, 101호 (오산동)",경기도 오산시 오산동 876-1 101호,18138,2025-04-28,영업/정상
경기,성심온누리약국,031-373-2906,"경기도 오산시 성호대로 78 (오산동, 성심약국)",경기도 오산시 오산동 876-10,18138,2016-10-11,영업/정상
경기,세마약국,031-376-3494,"경기도 오산시 수목원로 618, 106호 (세교동)",경기도 오산시 세교동 597-4,18106,2021-04-06,영업/정상
경기,사랑약국,031-375-6535,"경기도 오산시 오산로 79, 1층 106호 (갈곶동)",경기도 오산시 갈곶동 675 106호,18147,2024-02-14,영업/정상
경기,시범약국,031-373-3443,"경기도 오산시 오산로 214, 시범약국 (원동)",경기도 오산시 원동 762-26 시범약국,18141,2017-12-22,영업/정상
경기,명문약국,031-378-1646,경기도 오산시 궐리사로 37 (궐동),,18121,2014-03-13,영업/정상
경기,명약국,031-378-6669,경기도 오산시 대원로 3 (오산동),경기도 오산시 오산동 880-20,18138,2017-11-24,영업/정상
경기,세교온누리약국,031-377-4862,"경기도 오산시 수청로 189, 웅신아트프라자 106호, 107호 (금암동)","경기도 오산시 금암동 516-6 웅신아트프라자 106호, 107호",18109,2025-07-25,영업/정상
경기,세교중앙약국,031-376-8570,경기도 오산시 수목원로 458 (금암동),경기도 오산시 금암동 502-4,18108,2017-06-22,영업/정상
경기,보광 온누리약국,031-373-1729,"경기도 오산시 오산로 209, 101호 (오산동)",경기도 오산시 오산동 881-16,18137,2013-07-31,영업/정상
경기,센타약국,031-372-5131,"경기도 오산시 성호대로 122, 메디칼프라자 102동 (원동)",경기도 오산시 원동 811-5 메디칼프라자 102동,18139,2023-08-16,영업/정상
경기,언제나 봄약국,031-377-4535,"경기도 오산시 문시로 183-4, 더샵프라자 112호 (외삼미동)",경기도 오산시 외삼미동 14-4,18111,2021-02-24,영업/정상
경기,원약국,070-4038-2706,"경기도 오산시 수청로 201, 센타프라자 105호 (금암동)",경기도 오산시 금암동 516-1 센타프라자 105호,18109,2024-04-26,영업/정상
경기,우리가족건강 온누리약국,031-377-6161,경기도 오산시 경기대로 189 (원동),경기도 오산시 원동 333-18,18143,2013-08-08,영업/정상
경기,다나약국,031-374-2878,경기도 오산시 오산로 70 (갈곶동),경기도 오산시 갈곶동 126-21,18146,2012-07-03,영업/정상
경기,두레약국,031-377-8264,"경기도 오산시 운암로 91, 오산운암2단지주공아파트 103호 (오산동)",경기도 오산시 오산동 920-5 오산운암2단지주공아파트 103호,18133,2022-05-06,영업/정상
경기,한솔약국,031-377-8676,"경기도 오산시 운암로 124, 씨월드프라자 101, 102호 (부산동)","경기도 오산시 부산동 778-8 씨월드프라자 101, 102호",18132,2024-12-12,영업/정상
경기,센느약국,031-376-4569,"경기도 오산시 수목원로 466, 1층 104호 (금암동)",경기도 오산시 금암동 502-1 104호,18108,2021-02-03,영업/정상
경기,태평양 약국,031-372-8210,경기도 오산시 대원로 6 (원동),경기도 오산시 원동 762-4,18141,2012-11-26,영업/정상
경기,그린약국,031-831-5678,"경기도 오산시 오산로 235, 메디타워 101-1호 (오산동)",경기도 오산시 오산동 875-13 메디타워 101-1호,18137,2023-06-01,영업/정상
경기,삼성약국,031-8077-2348,"경기도 오산시 북삼미로 183-6, 1층 (외삼미동)","경기도 오산시 외삼미동 299-8 ,1층",18111,2024-12-26,영업/정상
경기,참사랑약국,031-377-7030,경기도 오산시 성호대로 75 (오산동),경기도 오산시 오산동 872-14,18136,2017-12-22,영업/정상
경기,벚꽃약국,031-377-9775,"경기도 오산시 궐리사로 41, 보성학원 1층 (궐동)",경기도 오산시 궐동 619-7 보성학원,18121,2023-05-18,영업/정상
경기,라온약국,031-377-3603,"경기도 오산시 수청로 188 (금암동, 롯데슈퍼)",경기도 오산시 금암동 512-4,18109,2017-03-21,영업/정상
경기,사랑드림 약국,070-7594-4300,"경기도 오산시 경기대로 153, 신한프라자B (원동)",경기도 오산시 원동 404-1 신한프라자B,18143,2020-04-01,영업/정상
경기,365열린약국,031-374-0360,"경기도 오산시 경기대로 133, 1층 102호 (원동)",경기도 오산시 원동 423-1,18143,2025-08-25,영업/정상
경기,세교마루약국,031-378-5368,"경기도 오산시 죽담3로 6, 제1동 107호 (궐동)",경기도 오산시 궐동 781-1 제1동 107호,18124,2025-03-07,영업/정상
경기,소명약국,031-378-5999,"경기도 오산시 한신대길 117, 소명빌딩 (양산동)",경기도 오산시 양산동 377-5 소명빌딩,18101,2024-11-28,영업/정상
경기,메디슨 약국,031-378-3004,"경기도 오산시 경기대로 174, 106호 (원동, 다모아프라자)",경기도 오산시 원동 372-1,18144,2015-11-26,영업/정상
경기,세교엘약국,031-376-8997,"경기도 오산시 내삼미로79번길 19, 1층 102, 103호 (수청동)",경기도 오산시 수청동 618-5,18114,2023-11-28,영업/정상
경기,파랑새약국,031-375-8522,"경기도 오산시 밀머리로1번길 18, 정문약국 101호 (원동)",경기도 오산시 원동 561-1 정문약국,18144,2017-12-22,영업/정상
경기,예일약국,031-8050-7182,"경기도 오산시 양산로410번길 12, 104호 (양산동, 엠스퀘어)",경기도 오산시 양산동 669-5,18105,2015-08-19,영업/정상
경기,새봄약국,070-8657-2838,"경기도 오산시 수목원로 606, 오산세교CL타워 125호 (세교동)",경기도 오산시 세교동 600-4 오산세교CL타워 125호,18106,2025-10-24,영업/정상
경기,튼튼약국,031-372-6634,"경기도 오산시 오산로 305, 1층, 2층 (오산동)","경기도 오산시 오산동 393-8 , 1층, 2층",18136,2025-06-09,영업/정상
경기,봄날약국,031-378-5206,"경기도 오산시 궐리사로 34, 백충빌딩 102호 (궐동)",경기도 오산시 궐동 670-1 백충빌딩 102호,18122,2020-08-10,영업/정상
경기,세교까치약국,031-376-0711,"경기도 오산시 고을1길 36, 103호 (누읍동)",경기도 오산시 누읍동 664-1 103호,18127,2025-09-11,영업/정상
경기,열린 온누리약국,031-8043-4451,"경기도 오산시 원당로 22, 106호 (원동)",경기도 오산시 원동 715-15 106호,18149,2024-07-12,영업/정상
경기,시온약국,031-375-4715,경기도 오산시 청학로173번길 18 (수청동),경기도 오산시 수청동 518-9,18118,2013-06-18,영업/정상
경기,미산보람약국,031-313-7585,"경기도 시흥시 미산로 69, 103호 (미산동)",경기도 시흥시 미산동 93-1,14944,2020-11-19,영업/정상
경기,보화약국,031-315-8154,경기도 시흥시 신현로 27 (포동),경기도 시흥시 포동 5-39,,2011-11-15,영업/정상
경기,건강플러스약국,031-496-9736,"경기도 시흥시 희망공원로 269, 홈플러스시화점 (정왕동)",경기도 시흥시 정왕동 2166-4 홈플러스시화점,15081,2019-04-30,영업/정상
경기,시화연합약국,031-499-5221,"경기도 시흥시 정왕대로 56, 109호 (정왕동)",경기도 시흥시 정왕동 1861-1 109호,15040,2013-07-15,영업/정상
경기,푸르미 약국,031-315-5880,"경기도 시흥시 승지로60번길 17, 현대프라자 109~110호 (능곡동)",경기도 시흥시 능곡동 758 현대프라자,14995,2021-01-19,영업/정상
경기,365능곡온누리약국,031-435-7897,"경기도 시흥시 능곡번영길 30, 센텀시티 121호 (능곡동)",경기도 시흥시 능곡동 898-5 센텀시티,14999,2026-08-19,영업/정상
경기,따뜻한온누리약국,070-4107-9329,"경기도 시흥시 은계번영길 19, 은계 디스퀘어큐브 104호 (은행동)",경기도 시흥시 은행동 646-8 은계 디스퀘어큐브,14923,2019-11-13,영업/정상
경기,청춘온누리약국,031-499-2218,"경기도 시흥시 배곧4로 32-19, 117호 (배곧동)",경기도 시흥시 배곧동 128 117호,15010,2023-10-16,영업/정상
경기,왕온누리약국,031-433-0544,"경기도 시흥시 중심상가2길 12-2, 104호 (정왕동, 우성프라자)",경기도 시흥시 정왕동 1736-2 우성프라자 104호,15066,2013-06-24,영업/정상
경기,시흥동물약국,031-319-8286,"경기도 시흥시 정왕대로 220, 305호 (정왕동, 우리메디칼센타)",경기도 시흥시 정왕동 1734-5 305호,15066,2016-02-04,영업/정상
경기,청춘온누리약국,031-424-2276,"경기도 시흥시 배곧4로 32-19, 117호 (배곧동)",경기도 시흥시 배곧동 128,15010,2025-06-18,영업/정상
경기,푸른약국,031-432-0250,"경기도 시흥시 역전로301번길 34, 시흥성심메디칼 1층 (정왕동)",경기도 시흥시 정왕동 2305-1 시흥성심메디칼,15025,2020-11-27,영업/정상
경기,늘푸른온누리약국,031-313-3332,"경기도 시흥시 복지로 75, 1층 (대야동)",경기도 시흥시 대야동 455-2 1층호,14905,2016-03-08,영업/정상
경기,새소망약국,031-313-2560,경기도 시흥시 매화1로 3 (매화동),경기도 시흥시 매화동 199-1,14940,2013-07-15,영업/정상
경기,효약국,031-311-1707,"경기도 시흥시 은행로167번길 6 (대야동,(101호))",경기도 시흥시 대야동 579-3 (101호),,2009-06-22,영업/정상
경기,시흥동물약국,031-313-0542,"경기도 시흥시 수인로 3366, 삼영아트빌 1층 (신천동)",경기도 시흥시 신천동 711 삼영아트빌,14910,2018-03-23,영업/정상
경기,365조은약국,031-403-1178,"경기도 시흥시 목감중앙로 47, 101호 (조남동)",경기도 시흥시 조남동 677 101호,14988,2018-02-26,영업/정상
경기,은계온누리약국,031-311-5513,"경기도 시흥시 은계번영길 1, 태산W타워 1층 111호 (은행동)",경기도 시흥시 은행동 646 태산W타워,14922,2020-08-24,영업/정상
경기,종로약국,031-314-4719,경기도 시흥시 수인로3381번길 32 (신천동),경기도 시흥시 신천동 840-4,14948,2023-10-27,영업/정상
경기,시화제일약국,031-319-1058,"경기도 시흥시 옥구상가3길 7-3, 102호 (정왕동)",경기도 시흥시 정왕동 1860-6 102호,15040,2013-06-07,영업/정상
경기,시화라성약국,031-498-8704,"경기도 시흥시 중심상가로 143 (정왕동,(101호))",경기도 시흥시 정왕동 1728-10 (101호),,2005-07-05,영업/정상
경기,나나약국,031-311-8840,"경기도 시흥시 장현장곡로 2, 110호 (장곡동)",경기도 시흥시 장곡동 251,14996,2022-05-20,영업/정상
경기,더아름다운약국,031-314-2100,경기도 시흥시 수인로 3362 (신천동),경기도 시흥시 신천동 711-2,14910,2014-06-26,영업/정상
경기,매화메디칼약국,031-315-7602,"경기도 시흥시 매화로 46, 1층 (매화동)",경기도 시흥시 매화동 199-2 (1층),14940,2013-06-24,영업/정상
경기,연성중앙약국,031-317-2033,경기도 시흥시 인선길 36 (장곡동),경기도 시흥시 장곡동 818-1,,2004-03-05,영업/정상
경기,월곶온누리약국,031-318-2808,"경기도 시흥시 월곶중앙로70번길 3, 118호 (월곶동, 풍림1차아파트주상가동)",경기도 시흥시 월곶동 1010-4 풍림1차아파트주상가동 118호,14964,2013-07-15,영업/정상
경기,백제당약국,031-315-4848,경기도 시흥시 시흥대로 1075 (신천동),경기도 시흥시 신천동 883-8,,2004-07-08,영업/정상
경기,종근당약국,031-311-1619,경기도 시흥시 신천3길 59 (신천동),경기도 시흥시 신천동 388-3,,2004-06-11,영업/정상
경기,열린온누리약국,031-431-9930,경기도 시흥시 함송로14번길 13-13 (정왕동),경기도 시흥시 정왕동 1884-9,15020,2014-08-22,영업/정상
경기,중앙약국,031-316-2176,"경기도 시흥시 대은로 90 (은행동, 에머랄드빌딩)",경기도 시흥시 은행동 532-1,14917,2017-08-09,영업/정상
경기,드림약국,031-498-5955,"경기도 시흥시 서울대학로264번길 44-4, 에스프라자 107호 (정왕동)",경기도 시흥시 정왕동 1771-24 에스프라자,15011,2018-11-23,영업/정상
경기,대우약국,031-405-6169,"경기도 시흥시 수인로2421번길 109, 1층 (논곡동)",경기도 시흥시 논곡동 160-31 (1층),14984,2013-06-24,영업/정상
경기,새우리약국,070-4239-9005,"경기도 시흥시 비둘기공원로 10, 103호 (대야동)",경기도 시흥시 대야동 532-1 103호,14912,2013-05-20,영업/정상
경기,아빠곰약국,031-486-7582,"경기도 시흥시 산현마을길 56, 청담빌딩 101호 (산현동)",경기도 시흥시 산현동 506-1 청담빌딩,14989,2019-11-19,영업/정상
경기,종로세명약국,031-431-4044,"경기도 시흥시 정왕대로 220 (정왕동, 우리메디칼센타)",경기도 시흥시 정왕동 1734-5,15066,2016-10-25,영업/정상
경기,굿모닝온누리약국,031-317-7571,"경기도 시흥시 승지로60번길 25, 센타프라자 102, 103호 (능곡동)","경기도 시흥시 능곡동 762 센타프라자 102, 103호",14995,2019-05-14,영업/정상
경기,파마트삼보약국,031-311-0119,"경기도 시흥시 은계호수로 49, 시흥 센트롤돔 그랑트리 2층 2075호 (은행동)",경기도 시흥시 은행동 601-302 시흥 센트롤돔 그랑트리,14923,2019-04-22,영업/정상
경기,한중약국,031-319-0569,경기도 시흥시 정왕시장길 62 (정왕동),경기도 시흥시 정왕동 1189-11,15052,2013-06-24,영업/정상
경기,동의세란약국,031-310-2539,"경기도 시흥시 봉우재로 10, 1층 (정왕동)",경기도 시흥시 정왕동 1593-6,15057,2020-10-12,영업/정상
경기,아름약국,031-404-9176,"경기도 시흥시 수인로3381번길 27, 1층 (신천동)",경기도 시흥시 신천동 759-7,14948,2021-03-17,영업/정상
경기,신우주약국,031-504-7115,"경기도 시흥시 비둘기공원로 8, 102호 (대야동, 메디칼빌딩)",경기도 시흥시 대야동 532-6 메디칼빌딩 102호,14912,2013-07-15,영업/정상
경기,정왕라성약국,031-496-9693,경기도 시흥시 옥구상가3길 7-1 (정왕동),경기도 시흥시 정왕동 1860-7,15040,2013-05-29,영업/정상
경기,새들약국,031-312-5760,경기도 시흥시 시흥대로1073번길 5 (신천동),경기도 시흥시 신천동 888-1,14951,2013-07-15,영업/정상
경기,은계약국,031-314-7712,"경기도 시흥시 은계로 260, 105호 (계수동)",경기도 시흥시 계수동 759-7,14923,2018-09-20,영업/정상
경기,청춘약국,031-499-2218,"경기도 시흥시 배곧4로 32-19, 1층 17호 (배곧동)",경기도 시흥시 배곧동 137-1,15010,2019-02-28,영업/정상
경기,베스트약국,031-482-2588,"경기도 시흥시 목감우회로 51, 동한메티컬프라자 109호 (목감동)",경기도 시흥시 목감동 408 동한메티컬프라자,14985,2020-10-15,영업/정상
경기,신천프라자약국,031-404-9311,"경기도 시흥시 수인로 3372, 신천프라자 102호 (신천동)",경기도 시흥시 신천동 712-9 신천프라자,14910,2026-04-03,영업/정상
경기,시화청담약국,031-319-1075,"경기도 시흥시 시화호수전원2길 46-1, 101호 (정왕동)",경기도 시흥시 정왕동 2769,15118,2026-02-23,영업/정상
경기,하나약국,031-318-4613,"경기도 시흥시 장곡로37번길 16, 형제빌딩 1층 (장곡동)",경기도 시흥시 장곡동 817-3 형제빌딩 1층,15002,2019-06-03,영업/정상
경기,서광약국,031-491-3181,"경기도 시흥시 군자로 502, 1층 (거모동, 도원빌딩)",경기도 시흥시 거모동 1733-8 도원빌딩 1층,15071,2013-08-28,영업/정상
경기,녹십자약국,031-494-4930,경기도 시흥시 도일로 123 (거모동),경기도 시흥시 거모동 1553-1,15070,2014-04-28,영업/정상
경기,코리아약국,031-311-3927,"경기도 시흥시 인선길 21, 1층 (장곡동)",경기도 시흥시 장곡동 904-2,15002,2022-09-20,영업/정상
경기,태평양약국,031-497-2951,"경기도 시흥시 옥구천동로 406, 101호 (정왕동, 월드아파트상가)",경기도 시흥시 정왕동 1873-3 월드아파트상가 101호,15027,2013-07-15,영업/정상
경기,365행복약국,031-431-4691,"경기도 시흥시 마유로418번길 18, 108호 (정왕동, 정왕프라자)",경기도 시흥시 정왕동 2326-1 108호,15049,2017-09-25,영업/정상
경기,시화마트약국,031-497-4904,"경기도 시흥시 정왕대로 210, 1층 (정왕동, 이마트내)",경기도 시흥시 정왕동 1734-1 이마트내(1층),15066,2004-04-29,영업/정상
경기,메가파크약국,031-432-0205,"경기도 시흥시 중심상가1길 18, 1,2층 (정왕동)",경기도 시흥시 정왕동 1745-5,15066,2026-06-22,영업/정상
경기,한빛약국,031-312-3610,"경기도 시흥시 호현로 49, 1층 (대야동)",경기도 시흥시 대야동 484-7 (1층),14904,2013-06-24,영업/정상
경기,신천그랜드약국,031-504-9093,"경기도 시흥시 복지로 55, 1층 (대야동)",경기도 시흥시 대야동 469-6,14905,2020-12-15,영업/정상
경기,정왕동물약국,031-497-7873,"경기도 시흥시 정왕신길로49번길 19, 110호 (정왕동, 서해2차아파트상가)",경기도 시흥시 정왕동 1886-4 서해2차아파트상가 110호,15021,2016-10-20,영업/정상
경기,지리산약국,031-314-0081,"경기도 시흥시 삼미시장1길 11, 1층 (신천동, 지리산약국)",경기도 시흥시 신천동 737-4,14948,2015-08-12,영업/정상
경기,마이펫동물약국,031-311-1655,"경기도 시흥시 삼미시장1길 13-1, 1층 (신천동)",경기도 시흥시 신천동 737-2 1층,14948,2013-06-05,영업/정상
경기,늘좋은약국,031-313-5007,"경기도 시흥시 시흥대로 1121, 106호 (신천동, 휴먼프라자)",경기도 시흥시 신천동 948 휴먼프라자 106호,14950,2013-07-15,영업/정상
경기,한나 약국,031-319-4100,"경기도 시흥시 마유로 226, 파인힐 오피스텔 107호 (정왕동)",경기도 시흥시 정왕동 1366-14 파인힐 오피스텔,15079,2023-09-14,영업/정상
경기,삼보약국,031-311-0119,"경기도 시흥시 비둘기공원7길 18, 하나 골드타워 302호 (대야동)",경기도 시흥시 대야동 562-1 하나 골드타워,14908,2020-02-24,영업/정상
경기,위더스약국,031-313-5869,"경기도 시흥시 능곡번영길 24, 103호 (능곡동)",경기도 시흥시 능곡동 산 27-1,14999,2022-03-02,영업/정상
경기,유성온누리약국,031-492-5275,"경기도 시흥시 도일로124번길 2, 102호 (거모동)",경기도 시흥시 거모동 1656-8 102호,15069,2015-08-17,영업/정상
경기,하늘약국,02-2649-0551,"경기도 시흥시 복지로 3, 유암빌딩 1층 (신천동)",경기도 시흥시 신천동 709-6 유암빌딩,14910,2022-05-26,영업/정상
경기,맥스메트로약국,070-8648-3659,"경기도 군포시 번영로 504, 산본역 2층 2-가호 (산본동)",경기도 군포시 산본동 1231 산본역 2-가호,15862,2025-12-30,영업/정상
경기,온누리이화약국,031-391-0982,"경기도 군포시 번영로 380-1, 105호 (산본동, 한라1차아파트상가 )",경기도 군포시 산본동 1156-8 한라1차아파트상가 105호호,15870,2013-07-24,영업/정상
경기,엘지온누리약국,031-477-9749,경기도 군포시 고산로151번길 25 (당정동),경기도 군포시 당정동 980-5 럭키빌딩 101호,15853,2013-07-26,영업/정상
경기,세계로약국,031-455-9007,"경기도 군포시 군포로 530, 1층 (당동)",경기도 군포시 당동 777,15855,2018-08-03,영업/정상
경기,7층우리약국,031-360-5002,"경기도 군포시 산본로323번길 16-30, 성보빌딩 7층 701호 (산본동)",경기도 군포시 산본동 1133-1 성보빌딩,15865,2025-08-29,영업/정상
경기,참좋은약국,031-395-0365,"경기도 군포시 삼성로 74, 트레이더스 군포점 1층 (부곡동)",경기도 군포시 부곡동 1227-1 트레이더스 군포점,15874,2019-04-11,영업/정상
경기,김온누리약국,031-395-4805,경기도 군포시 광정로 58 (산본동),경기도 군포시 산본동 1143-3 신산본빌딩 101호,15865,2013-06-12,영업/정상
경기,대학온누리약국,031-398-1135,"경기도 군포시 산본로323번길 7, 102동 108호 (산본동, 금성프라자)",경기도 군포시 산본동 1128 금성프라자,15865,2013-07-24,영업/정상
경기,굿모닝건강약국,031-454-2738,"경기도 군포시 금산로 18-1, 덕성빌딩 1층 (금정동)",경기도 군포시 금정동 725-3 덕성빌딩,15813,2025-07-24,영업/정상
경기,군포자연약국,031-408-8018,"경기도 군포시 송부로96번길 12, 군포 송정 풍산 리치안 A동 113호 (도마교동)",경기도 군포시 도마교동 478 군포 송정 풍산 리치안,15885,2022-04-27,영업/정상
경기,당정메디칼약국,031-427-7564,"경기도 군포시 고산로211번길 31, 110호 (당정동, 성원프라자)",경기도 군포시 당정동 1004-2 성원프라자 110호,15851,2013-07-24,영업/정상
경기,하나로약국,031-399-0445,경기도 군포시 광정로 68 (산본동),경기도 군포시 산본동 1144-2 산본시네마빌딩 109동 111호,15865,2013-07-24,영업/정상
경기,성보약국,031-391-7881,"경기도 군포시 군포로735번길 4, 1층 (산본동)",경기도 군포시 산본동 266-9 1충,15811,2019-02-13,영업/정상
경기,제일건강한약국,031-394-5757,"경기도 군포시 군포로 747, 1층 (산본동)",경기도 군포시 산본동 266-2,15811,2026-05-21,영업/정상
경기,열린세계로약국,031-461-7585,"경기도 군포시 번영로 34, 대흥테라스뷰 103호 (부곡동)",경기도 군포시 부곡동 1248-1 대흥테라스뷰 103호,15880,2026-03-19,영업/정상
경기,대림약국,031-391-9590,"경기도 군포시 광정로 119-1, 대림솔거아파트 상가1동 117호 (산본동)",경기도 군포시 산본동 1146 대림솔거아파트 상가1동 117호,15825,2024-04-02,영업/정상
경기,신중앙약국,031-395-5300,"경기도 군포시 용호2로 63-8, 105호 (당동, 금당빌딩)",경기도 군포시 당동 871-3 금당빌딩 105호,15875,2016-05-13,영업/정상
경기,비타민약국,031-429-7579,"경기도 군포시 엘에스로 143, 1011호의 일부호 (금정동, 힐스테이트 금정역)",경기도 군포시 금정동 916 힐스테이트 금정역,15809,2024-03-04,영업/정상
경기,리본약국,031-399-9064,"경기도 군포시 산본로323번길 15, 동산상가 110,111호 (산본동)",경기도 군포시 산본동 1142-10 동산상가,15865,2020-05-19,영업/정상
경기,신중앙약국,031-395-5300,"경기도 군포시 용호2로 63-8, 금당빌딩 105호 (당동)",경기도 군포시 당동 871-3 금당빌딩 105호,15875,2020-09-23,영업/정상
경기,다온온누리약국,031-392-8930,"경기도 군포시 산본로323번길 16-25, 삼일빌딩 108호 (산본동)",경기도 군포시 산본동 1136-2 삼일빌딩 108호,15865,2025-11-25,영업/정상
경기,새하늘약국,031-346-1551,경기도 군포시 산본로 390 (산본동),경기도 군포시 산본동 1099-4,15818,2013-07-22,영업/정상
경기,누가약국,031-477-5814,경기도 군포시 당산로135번길 3 (금정동),경기도 군포시 금정동 760 1층,15831,2013-09-25,영업/정상
경기,신세계 약국,031-453-9341,경기도 군포시 금재로 2 (금정동),경기도 군포시 금정동 744-6,15834,2018-01-10,영업/정상
경기,진약국,031-503-4290,"경기도 군포시 광정로 80, 신원타워빌딩 1층 105호 (산본동)",경기도 군포시 산본동 1123-5 신원타워빌딩,15865,2025-08-20,영업/정상
경기,메디팜 세안약국,031-396-5526,"경기도 군포시 산본로 378, 113, 114호 (산본동, 산본사이버텔)","경기도 군포시 산본동 1097-1 산본사이버텔, 113, 114호",15818,2017-06-26,영업/정상
경기,산본종로약국,031-395-8011,"경기도 군포시 고산로 696, 메디칼빌딩 1층 101호 (산본동)",경기도 군포시 산본동 207-11 메디칼빌딩 101호,15814,2020-01-16,영업/정상
경기,굿모닝온누리약국,031-391-8828,"경기도 군포시 고산로 248, 106호 (당동, 은하프라자)",경기도 군포시 당동 922-30 은하프라자 106호,15856,2006-09-21,영업/정상
경기,새싹약국,031-397-3020,경기도 군포시 당동로 4-1 (당동),경기도 군포시 당동 771-13,15859,2013-07-10,영업/정상
경기,제일건강한약국,031-394-5757,"경기도 군포시 군포로 747, 1층 (산본동)",경기도 군포시 산본동 266-2,15811,2016-11-23,영업/정상
경기,신진약국,031-397-6991,"경기도 군포시 산본로323번길 13, 군포상가 (산본동)",경기도 군포시 산본동 1142-12 군포상가,15865,2020-06-15,영업/정상
경기,온누리 동물약국,031-461-6021,경기도 의왕시 부곡시장길 11 (삼동),경기도 의왕시 삼동 192-56,16088,2013-07-23,영업/정상
경기,참조은약국,031-462-4936,"경기도 의왕시 부곡중앙로 6-4, 태림빌딩 1층 105호 (삼동)",경기도 의왕시 삼동 471-34 태림빌딩,16088,2025-06-09,영업/정상
경기,의왕종로약국,031-457-0480,"경기도 의왕시 사천2길 27, 의왕상가 (왕곡동)",경기도 의왕시 왕곡동 594-5 의왕상가,16069,2025-02-03,영업/정상
경기,행복한약국,031-422-2540,"경기도 의왕시 갈미2로 40 (내손동, 캠퍼스프라자)",경기도 의왕시 내손동 752-1 캠퍼스프라자 106호,16039,2013-06-18,영업/정상
경기,백운호수약국,031-422-7580,"경기도 의왕시 백운중앙로 84, 102호 (학의동)",경기도 의왕시 학의동 1131 102호,16016,2021-04-27,영업/정상
경기,온누리 목화약국,031-424-1044,"경기도 의왕시 안양판교로 64 (포일동, 삼호아파트상가 107호)",경기도 의왕시 포일동 441-2 삼호아파트 상가 107호,16014,2013-07-16,영업/정상
경기,굿모닝약국,031-462-9201,경기도 의왕시 부곡중앙남3길 2 (삼동),경기도 의왕시 삼동 192-37,16088,2015-08-17,영업/정상
경기,선약국,031-456-7125,경기도 의왕시 전주남이길 28 (오전동),경기도 의왕시 오전동 375-12,16060,2013-07-16,영업/정상
경기,우리들약국,031-461-9462,"경기도 의왕시 부곡시장길 29, 우리들약국 (삼동)",경기도 의왕시 삼동 166-54 우리들약국,16089,2018-02-09,영업/정상
경기,약사랑온누리약국,031-457-5577,"경기도 의왕시 원골로 6, 의왕그린프라자 105호 (오전동)",경기도 의왕시 오전동 839-4 의왕그린프라자,16053,2018-01-26,영업/정상
경기,대웅약국,031-429-7582,"경기도 의왕시 모락로 16, 현대프라자 108호 (오전동)",경기도 의왕시 오전동 108 현대프라자 108호,16053,2023-01-12,영업/정상
경기,밝은온누리 동물약국,031-423-7006,경기도 의왕시 내손로 82 (내손동),경기도 의왕시 내손동 643-6,16026,2013-07-22,영업/정상
경기,하늘약국,031-429-5824,"경기도 의왕시 경수대로 262, 2층 238, 241호 (오전동, 서해그랑블)",경기도 의왕시 오전동 892 서해그랑블,16058,2019-02-25,영업/정상
경기,성모프라자약국,031-425-4774,"경기도 의왕시 계원대학로 7, 롯데마트 1층 (내손동)",경기도 의왕시 내손동 743 롯데마트,16036,2025-06-12,영업/정상
경기,수정약국,031-427-2944,"경기도 의왕시 전주남이길 8, 상가동 111호 (오전동, 목화케이티이자리에)",경기도 의왕시 오전동 333 목화케이티이자리에,16059,2023-05-17,영업/정상
경기,우성메디칼약국,031-426-0289,경기도 의왕시 계원대학로 20 (내손동),경기도 의왕시 내손동 755,16039,2013-07-30,영업/정상
경기,안녕약국,031-426-8744,"경기도 의왕시 포일로 43, 대림프라자 1층 109호 (내손동)",경기도 의왕시 내손동 414-3 대림프라자,16022,2021-08-04,영업/정상
경기,보성약국,031-425-6343,"경기도 의왕시 포일로 81, 삼우상가 1층 102호 (포일동)",경기도 의왕시 포일동 539-10 삼우상가,16018,2020-10-20,영업/정상
경기,천사약국,031-462-8004,"경기도 의왕시 부곡시장3길 3, 삼원빌딩 1층 (삼동)",경기도 의왕시 삼동 181-8 삼원빌딩,16090,2020-06-30,영업/정상
경기,레몬트리약국,031-347-6391,"경기도 의왕시 백운중앙로3길 7, 119호 (학의동)",경기도 의왕시 학의동 1109,16016,2025-08-04,영업/정상
경기,새봄약국,031-427-9996,"경기도 의왕시 왕곡로 22, 광원빌딩 1층 101호 (왕곡동)",경기도 의왕시 왕곡동 594-3 광원빌딩,16069,2025-09-15,영업/정상
경기,영동약국,02-597-4425,"경기도 하남시 조정대로 45, 미사센텀비즈 R108호 (풍산동)",경기도 하남시 풍산동 493 미사센텀비즈,12918,2023-03-24,영업/정상
경기,미사랑약국,031-699-0199,"경기도 하남시 미사강변남로 103, 미사랑데르Ⅲ 1층 101호 (망월동)","경기도 하남시 망월동 1121-2 미사랑데르Ⅲ, 1층 101호",12913,2018-10-17,영업/정상
경기,스카이약국,031-8028-4551,"경기도 하남시 덕풍서로 80, 빌리브하남 1동 108호 (덕풍동)",경기도 하남시 덕풍동 735 빌리브하남,12927,2023-02-28,영업/정상
경기,홈약국,031-794-7668,"경기도 하남시 하남대로 747, 하남두산위브파크 지하 3층 (신장동)",경기도 하남시 신장동 570 하남두산위브파크,12961,2018-01-04,영업/정상
경기,하남중앙약국,031-794-7588,"경기도 하남시 덕풍서로 70, 하남풍산지구 이마트 3층 (덕풍동)","경기도 하남시 덕풍동 736 하남풍산지구 이마트, 3층",12927,2021-09-03,영업/정상
경기,세브란츠 약국,031-791-5575,"경기도 하남시 대청로116번길 59-1, 신안아파트종합상가 120호 (창우동)",경기도 하남시 창우동 521 신안아파트종합상가 120호,12955,2019-08-14,영업/정상
경기,하남스타약국,031-8072-8578,"경기도 하남시 미사대로 750, 스타필드 하남 2층 2119호 (신장동)","경기도 하남시 신장동 616 스타필드 하남, 2층 2119호",12942,2017-04-25,영업/정상
경기,금강약국,031-794-5061,"경기도 하남시 신평로 45, SN 타워 1층 102호 (신장동)",경기도 하남시 신장동 427-17 SN 타워,12978,2021-05-07,영업/정상
경기,아침애 약국,031-791-2617,"경기도 하남시 아리수로 570, 효성헤링턴타워더퍼스트 2층 2028-2호 (망월동)","경기도 하남시 망월동 1081 효성헤링턴타워더퍼스트, 2층 2028-2호",12913,2022-03-02,영업/정상
경기,대학약국,031-792-2505,경기도 하남시 신장로 74 (천현동),경기도 하남시 천현동 205-4,12962,2025-06-17,영업/정상
경기,센타약국,031-795-5307,"경기도 하남시 미사강변대로54번길 91, 센터프라자 1층 109호 (풍산동)",경기도 하남시 풍산동 507-1 1층 109호,12919,2019-08-06,영업/정상
경기,태양약국,031-794-5888,"경기도 하남시 신장로 126, 1층 2호 (신장동, 동부신협빌딩)",경기도 하남시 신장동 512-1,12968,2017-05-30,영업/정상
경기,하남백화점약국,031-793-9363,"경기도 하남시 대청로 30, 우신빌딩 1층 1호 (신장동)","경기도 하남시 신장동 524-2 우신빌딩, 1층 1호",12951,2023-09-04,영업/정상
경기,훈약국,070-7622-0719,"경기도 하남시 미사강변동로 100-1, 미사역 파라곤 스퀘어 1층 1024호 (망월동)","경기도 하남시 망월동 1125 미사역 파라곤 스퀘어, 1층 1024호",12912,2023-09-15,영업/정상
경기,미사경희약국,031-794-8277,"경기도 하남시 미사강변동로 100-1, 미사역 파라곤 스퀘어 1층 1057호 (망월동)","경기도 하남시 망월동 1125 미사역 파라곤 스퀘어, 1층 1057호",12912,2020-09-16,영업/정상
경기,유명약국,070-7625-2497,"경기도 하남시 미사강변남로 29, 마인드 프라자 1층 106호 (망월동)",경기도 하남시 망월동 1066 마인드 프라자 106호,12914,2019-03-15,영업/정상
경기,에이원약국,02-3432-8258,"경기도 하남시 감초로 18-1, 3층 (감북동)",경기도 하남시 감북동 369-7 3층,12990,2022-07-29,영업/정상
경기,감일별빛온누리약국,02-2138-2677,"경기도 하남시 감일백제로 175, 110-113호 (감이동)",경기도 하남시 감이동 511-3,13003,2025-07-01,영업/정상
경기,미사그린약국,031-796-4688,"경기도 하남시 미사강변동로 81, 미사역 큐브앤 타워 103호 (망월동)",경기도 하남시 망월동 1116 미사역 큐브앤 타워,12913,2026-02-27,영업/정상
경기,미사보룡약국,031-795-8175,"경기도 하남시 미사강변대로 222, 미사 중앙프라자 107호 (망월동)",경기도 하남시 망월동 966 미사 중앙프라자 107호,12909,2017-10-25,영업/정상
경기,위례바른약국,02-3401-8999,"경기도 하남시 위례학암로14번길 11, 메디프라자빌딩 101호 (학암동)",경기도 하남시 학암동 647-6 101호,13010,2021-08-03,영업/정상
경기,시민약국,031-794-7624,"경기도 하남시 신장로 192, 1층 (덕풍동)",경기도 하남시 덕풍동 356-1 1층,12971,2020-06-02,영업/정상
경기,미사우리약국,031-795-1106,"경기도 하남시 미사강변동로 127, 경서타워 1층 111,112호 (망월동)",경기도 하남시 망월동 1093 경서타워,12913,2019-04-29,영업/정상
경기,위례마음약국,062-226-4355,"경기도 하남시 위례학암로14번길 18, 하남 위례 서미프라자 1층 110호 (학암동)",경기도 하남시 학암동 649-1 하남 위례 서미프라자,13010,2024-09-09,영업/정상
경기,감일별빛온누리약국,02-2138-2677,"경기도 하남시 감일백제로 175, 110-113호 (감이동)",경기도 하남시 감이동 511-3,13003,2025-07-01,영업/정상
경기,진약국,041-592-5029,"경기도 하남시 미사강변대로226번안길 9, 미사드림타워 1층 (망월동)",경기도 하남시 망월동 970-4 미사드림타워,12909,2020-08-12,영업/정상
경기,풍경채 현담 약국,031-793-0531,"경기도 하남시 미사강변서로 65, 상가동 113호 (풍산동, 미사강변센트럴풍경채)",경기도 하남시 풍산동 471 미사강변센트럴풍경채 상가동 113호,12916,2025-05-13,영업/정상
경기,지에스약국,031-796-1874,"경기도 하남시 신평로 62, 1층 (신장동)",경기도 하남시 신장동 427-394,12957,2025-07-21,영업/정상
경기,미사봄약국,031-794-3654,"경기도 하남시 미사강변대로 76, 미사베스트프라자 108호 (풍산동)",경기도 하남시 풍산동 504-3 미사베스트프라자 108호,12919,2020-06-09,영업/정상
경기,하나약국,031-8027-9191,"경기도 하남시 미사강변동로 73, 미사강변 노블레스 112호 (망월동)",경기도 하남시 망월동 1117 미사강변 노블레스 112호,12913,2018-06-08,영업/정상
경기,미사메디컬약국,031-8027-8330,"경기도 하남시 미사강변동로84번길 21, 남송타워 1층 108호 (망월동)",경기도 하남시 망월동 1129-1 남송타워,12912,2024-05-14,영업/정상
경기,마북서울약국,031-283-5940,"경기도 용인시 기흥구 마북로 159, 110호 (마북동, 한성프라자)",경기도 용인시 기흥구 마북동 181-2 한성프라자 110호,16911,2013-09-03,영업/정상
경기,가까운독수리약국,031-286-5505,"경기도 용인시 기흥구 동백죽전대로 333, 지4층 107,108,109호 (중동, 스프링카운티자이)",경기도 용인시 기흥구 중동 1147 스프링카운티자이,16995,2021-03-24,영업/정상
경기,수지행복한약국,031-261-6200,"경기도 용인시 수지구 진산로 100, 골드라인빌딩 105호 (풍덕천동)",경기도 용인시 수지구 풍덕천동 193-12 골드라인빌딩,16923,2020-11-04,영업/정상
경기,세계로약국,031-339-0775,경기도 용인시 처인구 금령로 16 (김량장동),경기도 용인시 처인구 김량장동 328-1,17049,2013-08-09,영업/정상
경기,수지우리약국,031-276-0561,경기도 용인시 수지구 성복2로 126 (성복동),경기도 용인시 수지구 성복동 726,16851,2014-05-15,영업/정상
경기,든든약국,031-889-1116,"경기도 용인시 수지구 신봉2로 2, 센트럴500 1층 43호 (신봉동)",경기도 용인시 수지구 신봉동 33 센트럴500 143호,16815,2023-03-27,영업/정상
경기,미소약국,031-323-1352,"경기도 용인시 처인구 금령로 108-1, 104호 (김량장동)",경기도 용인시 처인구 김량장동 96,17051,2019-06-14,영업/정상
경기,베델약국,031-276-0050,"경기도 용인시 수지구 문인로 59, 107호 (풍덕천동, 동아.삼익.풍림아파트)",경기도 용인시 수지구 풍덕천동 664 삼익상가 107호,16830,2004-04-30,영업/정상
경기,메디박스약국,070-7791-7715,"경기도 용인시 기흥구 중부대로 64, 영통프리미엄아울렛 A동 4-8, 26-29호 (영덕동)","경기도 용인시 기흥구 영덕동 517-1 영통프리미엄아울렛 A동 4-8, 26-29호",16956,2026-08-06,영업/정상
경기,강남2층약국,031-275-7585,"경기도 용인시 기흥구 강남동로 10, 204호 (구갈동, 강남피아)",경기도 용인시 기흥구 구갈동 594 강남피아 204호,16978,2013-09-05,영업/정상
경기,참좋은약국,031-283-8241,경기도 용인시 기흥구 언동로217번길 45-1 (중동),경기도 용인시 기흥구 중동 616-1,16988,2019-11-25,영업/정상
경기,용인태평양약국,031-336-3292,,경기도 용인시 처인구 김량장동 12-2,,2013-07-30,영업/정상
경기,늘참조은약국,031-286-1090,"경기도 용인시 기흥구 탑실로 36, 1층 103호 (공세동)",경기도 용인시 기흥구 공세동 734-2,17084,2023-11-20,영업/정상
경기,튼튼약국,031-217-7776,"경기도 용인시 기흥구 흥덕2로87번길 18, C동 303-1호 (영덕동, 이씨티)",경기도 용인시 기흥구 영덕동 985-1 이씨티 C동 303-1호,16954,2013-06-18,영업/정상
경기,행복한약국,031-322-5783,경기도 용인시 처인구 포곡읍 포곡로 83,경기도 용인시 처인구 포곡읍 둔전리 12-22,17027,2022-01-28,영업/정상
경기,베드로약국,031-335-9571,"경기도 용인시 처인구 고림로 88, 1층 (고림동)",경기도 용인시 처인구 고림동 736-3,17151,2021-06-16,영업/정상
경기,상현약국,031-211-9465,"경기도 용인시 수지구 광교중앙로 297, 광교2차 푸르지오시티 D동 103호 (상현동)",경기도 용인시 수지구 상현동 1117-8 광교2차 푸르지오시티 D동 103호,16944,2021-03-30,영업/정상
경기,매일봄온누리약국,031-272-7418,"경기도 용인시 수지구 수풍로 107, 클래스업107 104호 (동천동)",경기도 용인시 수지구 동천동 282 클래스업107,16821,2024-06-27,영업/정상
경기,광교약국,031-212-6615,"경기도 용인시 수지구 광교중앙로 316, 102호 (상현동)",경기도 용인시 수지구 상현동 1131-1 102호,,2014-07-08,영업/정상
경기,양지현대약국,031-339-8569,"경기도 용인시 처인구 양지읍 양지로 143, 1층",경기도 용인시 처인구 양지읍 양지리 592-2,17158,2018-03-14,영업/정상
경기,바른생각약국,031-262-0831,"경기도 용인시 수지구 포은대로313번길 7-14, 1층 102호 (풍덕천동)",경기도 용인시 수지구 풍덕천동 1222 102호,16846,2024-01-03,영업/정상
경기,우리온누리약국,031-262-5006,"경기도 용인시 수지구 진산로 28, 성원상떼빌아파트 상가1동 101호 (상현동)",경기도 용인시 수지구 상현동 30 성원상떼빌아파트 상가1동,16925,2024-06-05,영업/정상
경기,큰집약국,031-332-7435,"경기도 용인시 처인구 낙은로 38, 104호 (역북동)",경기도 용인시 처인구 역북동 271-25,17045,2019-06-14,영업/정상
경기,주연약국,031-896-6974,"경기도 용인시 기흥구 죽전로 47 (보정동, 웰빙타운)",,16898,2016-05-23,영업/정상
경기,에너스주오약국,031-283-1171,경기도 용인시 기흥구 구성로 98 (언남동),경기도 용인시 기흥구 언남동 414-4,16919,2013-05-28,영업/정상
경기,동백꽃길약국,031-282-5623,"경기도 용인시 기흥구 동백죽전대로 361, 102호 (중동)",경기도 용인시 기흥구 중동 713-3,16995,2023-08-04,영업/정상
경기,나래약국,031-286-6255,"경기도 용인시 기흥구 금화로11번길 42, 102호 (상갈동, 상갈프라자)",경기도 용인시 기흥구 상갈동 481-1 102호,17073,2017-05-11,영업/정상
경기,옵티마명성약국,031-333-7049,경기도 용인시 처인구 모현읍 문현로 134,경기도 용인시 처인구 모현읍 매산리 208-2,17032,2021-03-17,영업/정상
경기,보정약국,031-897-0700,"경기도 용인시 기흥구 신촌로47번길 2, 103호 (보정동, 보정프라자)",경기도 용인시 기흥구 보정동 1323-3,16904,2014-07-25,영업/정상
경기,봄빛약국,031-276-3141,"경기도 용인시 수지구 풍덕천로 91, 상가동 103호 (풍덕천동, 주공1단지아파트)",경기도 용인시 수지구 풍덕천동 1065 상가동 103호,16836,2014-07-11,영업/정상
경기,앞서가는 21세기 약국,031-266-5235,"경기도 용인시 수지구 대지로 20, 죽전빌딩 101, 102호 (죽전동)",경기도 용인시 수지구 죽전동 451-5 죽전빌딩,16873,2022-03-14,영업/정상
경기,메디칼약국,031-265-4770,"경기도 용인시 수지구 풍덕천로 114, 강동빌딩 101,102호 (풍덕천동)",경기도 용인시 수지구 풍덕천동 1080-6,16841,2019-01-08,영업/정상
경기,용인동물약국,031-285-1673,"경기도 용인시 기흥구 한보라1로 8, 104호 (보라동, 스카이프라자)",경기도 용인시 기흥구 보라동 573-6 104호,17080,2017-06-20,영업/정상
경기,태양약국,031-282-3995,"경기도 용인시 기흥구 구갈로 55, 1층 (구갈동)",경기도 용인시 기흥구 구갈동 391-3,16971,2017-12-20,영업/정상
경기,서울팜 약국,031-286-5548,"경기도 용인시 기흥구 동백3로11번길 8-1, 제일프라자 (중동)",경기도 용인시 기흥구 중동 853-2 제일프라자,17006,2018-09-17,영업/정상
경기,다사랑약국,031-272-5005,"경기도 용인시 수지구 만현로 103, 한길프라자 106호 (상현동)",경기도 용인시 수지구 상현동 259 한길프라자,16930,2022-05-31,영업/정상
경기,새용인동물약국,031-286-2824,"경기도 용인시 기흥구 마북로 152, 102호 (마북동)",경기도 용인시 기흥구 마북동 174-3 102호,16910,2017-06-29,영업/정상
경기,수지썬프라자약국,031-266-1650,"경기도 용인시 수지구 풍덕천로 127, 수지프라자 1층 1호 (풍덕천동)",경기도 용인시 수지구 풍덕천동 712-3 수지프라자,16837,2024-10-11,영업/정상
경기,용인동물약국,031-306-4525,"경기도 용인시 기흥구 용구대로 2398, 405호 (마북동, 벽산아파트주상가동 )",경기도 용인시 기흥구 마북동 524-13 벽산아파트주상가동 405호,16921,2013-07-17,영업/정상
경기,두리약국,070-7576-1255,"경기도 용인시 수지구 동천로 62, 센트럴상가 3층 4호 (동천동)",경기도 용인시 수지구 동천동 174-9 센트럴상가 304호,16825,2024-09-23,영업/정상
경기,동의당한약국,031-281-0002,경기도 용인시 기흥구 갈천로 88-1 (상갈동),경기도 용인시 기흥구 상갈동 123-11,17067,2014-10-16,영업/정상
경기,세명약국,031-282-4229,경기도 용인시 기흥구 구갈로 29 (구갈동),경기도 용인시 기흥구 구갈동 401-3,16971,2014-07-08,영업/정상
경기,용인자매약국,031-333-3361,"경기도 용인시 처인구 중부대로 1360, 1층 4호 (김량장동)",경기도 용인시 처인구 김량장동 408-2 한솔빌딩 104호,17061,2017-11-25,영업/정상
경기,함박약국,031-333-6339,"경기도 용인시 처인구 명지로40번길 15-15, 106호 (역북동)",경기도 용인시 처인구 역북동 755,17056,2024-05-24,영업/정상
경기,정문약국,031-339-0424,경기도 용인시 처인구 백옥대로1068번길 9 (김량장동),경기도 용인시 처인구 김량장동 17-1,17063,2017-08-22,영업/정상
경기,라라온누리약국,031-281-7897,"경기도 용인시 기흥구 덕영대로2077번길 33, 상가동 301호 (영덕동, 기흥효성해링턴플레이스)",경기도 용인시 기흥구 영덕동 1267,17095,2020-01-10,영업/정상
경기,죽전센트럴약국,031-262-6686,"경기도 용인시 수지구 포은대로 536, (주)신세계백화점경기점 주차동 1층 (죽전동)",경기도 용인시 수지구 죽전동 1285 (주)신세계백화점경기점 주차동 1층,16896,2026-08-12,영업/정상
경기,백강약국,031-333-2270,"경기도 용인시 처인구 금령로 62, 위너스프라자 105호 (김량장동)",경기도 용인시 처인구 김량장동 295-1 위너스프라자,17051,2021-02-04,영업/정상
경기,라임약국,031-263-0701,"경기도 용인시 수지구 신봉2로 73, 101호 (신봉동)",경기도 용인시 수지구 신봉동 145-1 태천빌딩2,16814,2020-09-21,영업/정상
경기,즐거운약국,031-265-5020,"경기도 용인시 수지구 대지로 43, 금강프라자 302호 (죽전동)",경기도 용인시 수지구 죽전동 484-9 금강프라자 302호,16872,2022-11-17,영업/정상
경기,신동백약국,031-693-7002,"경기도 용인시 기흥구 동백중앙로 352, 신동백빌딩 103호 (동백동)",경기도 용인시 기흥구 동백동 598-9 신동백빌딩,17003,2025-10-15,영업/정상
경기,타워온누리약국,031-266-9042,"경기도 용인시 기흥구 죽전로 46, 타워시티 (보정동)",경기도 용인시 기흥구 보정동 1265-1 타워시티,16898,2025-11-13,영업/정상
경기,유진하나로약국,031-272-7418,"경기도 용인시 수지구 고기로 80, 105호 (동천동)",경기도 용인시 수지구 동천동 146-1,16824,2024-06-19,영업/정상
경기,수지종로약국,031-264-5543,"경기도 용인시 수지구 손곡로 100, 111,112호 (동천동, 훼미리프라자)","경기도 용인시 수지구 동천동 944 훼미리프라자 111,112호",16823,2014-02-13,영업/정상
경기,광교튼튼약국,031-214-0617,"경기도 용인시 수지구 광교중앙로 310, 신명프라자 107호 (상현동)",경기도 용인시 수지구 상현동 1131-3 신명프라자 107호,16943,2020-04-29,영업/정상
경기,원희온누리약국,031-897-7856,"경기도 용인시 수지구 만현로 110, B 111-2호 (상현동)",경기도 용인시 수지구 상현동 254-14 원희캐슬프라자 B 111-2호,16930,2014-07-11,영업/정상
경기,새양지약국,031-332-8741,경기도 용인시 처인구 포곡읍 포곡로 289,경기도 용인시 처인구 포곡읍 삼계리 465-7,17028,2016-12-05,영업/정상
경기,에이플러스약국,031-282-6543,"경기도 용인시 기흥구 동백죽전대로 331, 105호 (중동)",경기도 용인시 기흥구 중동 724-11 105호,16995,2020-10-26,영업/정상
경기,수지밝은365약국,031-266-0921,"경기도 용인시 수지구 만현로 110, 원희캐슬프라자 2층 B-204호 (상현동)",경기도 용인시 수지구 상현동 254-14 원희캐슬프라자 B-204호,16930,2025-08-18,영업/정상
경기,숨약국,031-266-7885,"경기도 용인시 수지구 푸른솔로 87, 108호 (죽전동, 그랜드프라자)",경기도 용인시 수지구 죽전동 1259-1 108호,16874,2017-08-14,영업/정상
경기,용천온누리약국,031-238-2996,경기도 용인시 처인구 이동읍 백옥대로 618,경기도 용인시 처인구 이동읍 천리 241-4,17128,2022-10-29,영업/정상
경기,능원약국,031-333-9806,경기도 용인시 처인구 모현면 대지로 448,경기도 용인시 처인구 모현면 오산리 172-7,16884,2013-08-30,영업/정상
경기,베스트약국,070-7677-3905,"경기도 용인시 기흥구 동백죽전대로 331, 105호 (중동)",경기도 용인시 기흥구 중동 724-11 105호,16995,2024-10-16,영업/정상
경기,정다운약국,031-284-4922,"경기도 용인시 기흥구 동백중앙로 283, A동 304호 (중동)",경기도 용인시 기흥구 중동 829,17006,2019-04-10,영업/정상
경기,우미지산약국,031-211-4074,"경기도 용인시 수지구 광교중앙로 338, 광교 우미 뉴브 2층 220호 (상현동)",경기도 용인시 수지구 상현동 508-4 광교 우미 뉴브 2층 220호,16942,2020-02-18,영업/정상
경기,희망약국,031-264-4288,"경기도 용인시 수지구 풍덕천로 119, 로얄스포츠센터 1층 18호 (풍덕천동)",경기도 용인시 수지구 풍덕천동 1078 로얄스포츠센터 118호,16836,2025-04-02,영업/정상
경기,세일약국,031-274-7197,"경기도 용인시 기흥구 구성3로28번길 32, 105호 (청덕동, 일월프라자)",경기도 용인시 기흥구 청덕동 502-1 일월프라자 105호,16892,2013-06-12,영업/정상
경기,용인윤동물약국,031-339-7429,"경기도 용인시 처인구 포곡읍 포곡로 72, 1층 108호 (대두상가)",경기도 용인시 처인구 포곡읍 둔전리 405-19 1동 108호,17027,2013-09-06,영업/정상
경기,윤진약국,031-276-8358,"경기도 용인시 수지구 수풍로131번길 2, 에덴파크 104호 (동천동)",경기도 용인시 수지구 동천동 873-4 에덴파크 104호,16828,2023-06-14,영업/정상
경기,다솜약국,031-273-0033,"경기도 용인시 기흥구 서천로127번길 3-3, 109,110호 (서천동, 에스비타운상가 )",경기도 용인시 기흥구 서천동 814 에스비타운상가 109호,17108,2013-06-26,영업/정상
경기,마음속약국,031-338-0924,"경기도 용인시 처인구 명지로60번길 8-4, 110호 (역북동)",경기도 용인시 처인구 역북동 760,17056,2025-03-05,영업/정상
경기,수지한림약국,031-262-2010,경기도 용인시 수지구 문정로 34 (풍덕천동),경기도 용인시 수지구 풍덕천동 712-1,16837,2014-11-24,영업/정상
경기,흥덕동물약국,031-212-6997,"경기도 용인시 기흥구 흥덕1로 101, 스타프라자 108호 (영덕동)",경기도 용인시 기흥구 영덕동 986-9 스타프라자 108호,16954,2020-03-04,영업/정상
경기,호수약국,031-264-6213,"경기도 용인시 수지구 대지로 39 (죽전동, 양지프라자 104호)",경기도 용인시 수지구 죽전동 465-1 양지프라자 104호,16872,2013-07-09,영업/정상
경기,성복 행운약국,031-272-5789,"경기도 용인시 수지구 포은대로313번길 7-18, 신정빌딩 105호 (풍덕천동)",경기도 용인시 수지구 풍덕천동 1220 신정빌딩 105호,16846,2023-08-07,영업/정상
경기,하늘빛약국,031-309-0095,"경기도 용인시 수지구 광교중앙로 338, 광교우미뉴브 R202호 (상현동)",경기도 용인시 수지구 상현동 1220 광교우미뉴브 R202호,16942,2014-07-29,영업/정상
경기,용인365동물약국,031-322-0996,"경기도 용인시 처인구 포곡읍 포곡로 220, 제일빌딩 108,109호",경기도 용인시 처인구 포곡읍 둔전리 340 제일빌딩 108-9호,17027,2020-05-29,영업/정상
경기,다온약국,031-8001-3177,"경기도 용인시 수지구 광교중앙로 294, 108호 (상현동)",경기도 용인시 수지구 상현동 1133 108호,16943,2016-02-03,영업/정상
경기,행복한약국,031-693-7998,"경기도 용인시 기흥구 동백중앙로 175, 우함빌딩 105호 (중동)",경기도 용인시 기흥구 중동 853-1 우함빌딩 105호,17006,2021-12-24,영업/정상
경기,더편한약국,031-333-5016,"경기도 용인시 처인구 금령로 64, 아이렉스타워 101호 (김량장동)",경기도 용인시 처인구 김량장동 296-53,17051,2018-09-06,영업/정상
경기,태영약국,031-274-6758,"경기도 용인시 기흥구 어정로 83, 1층 일부호 (상하동)",경기도 용인시 기흥구 상하동 466-3,16986,2025-07-22,영업/정상
경기,미소약국,031-266-9005,경기도 용인시 수지구 문정로 22(풍덕천동),경기도 용인시 수지구 풍덕천동 719-1,16835,2022-09-26,영업/정상
경기,성복새빛약국,031-288-7533,"경기도 용인시 수지구 성복2로 51, 데이파크 A동 110호 (성복동)",경기도 용인시 수지구 성복동 89 데이파크 A동 110호,16849,2025-07-30,영업/정상
경기,한숲온누리,031-339-3756,"경기도 용인시 처인구 남사읍 한숲로 60, 처인프라자 205호",경기도 용인시 처인구 남사읍 아곡리 698,17117,2018-08-27,영업/정상
경기,일층약국,031-328-6412,"경기도 용인시 처인구 금령로 86, 118, 119호 (김량장동)",경기도 용인시 처인구 김량장동 301-3,17051,2026-04-23,영업/정상
경기,도담약국,031-212-0788,"경기도 용인시 수지구 광교중앙로295번길 9, 더블유스퀘어광교 2층 205호 (상현동)",경기도 용인시 수지구 상현동 1116-4 더블유스퀘어광교 205호,16944,2026-06-18,영업/정상
경기,중앙약국,031-662-5688,"경기도 용인시 처인구 금령로39번길 8-1, 1층 (김량장동)",경기도 용인시 처인구 김량장동 324-4,17050,2026-03-17,영업/정상
경기,플렉스팜 약국,031-897-5551,"경기도 용인시 수지구 문인로54번길 2, 수지하우비 B층 B01~B03호 (동천동)",경기도 용인시 수지구 동천동 887 수지하우비,16828,2026-04-20,영업/정상
경기,상현역중앙약국,031-217-8977,"경기도 용인시 수지구 광교중앙로 302, 블루스퀘어 103호 (상현동)",경기도 용인시 수지구 상현동 1131-7 블루스퀘어 103호,16943,2026-06-08,영업/정상
경기,어정메디칼약국,031-8005-9953,경기도 용인시 기흥구 언동로217번길 1 (중동),경기도 용인시 기흥구 중동 627-5,16988,2020-06-04,영업/정상
경기,태영약국,031-712-3475,"경기도 용인시 기흥구 어정로 83, 1층층 (상하동)",경기도 용인시 기흥구 상하동 466-3,16986,2022-06-14,영업/정상
경기,데이파크 약국,031-889-5525,"경기도 용인시 수지구 성복2로 51, 데이파크 B동 120호 (성복동)",경기도 용인시 수지구 성복동 89 데이파크,16849,2026-03-09,영업/정상
경기,약선당약국,031-8067-5235,"경기도 용인시 기흥구 동백죽전대로 444, 쥬네브 1층 1020호 (중동)",경기도 용인시 기흥구 중동 833 쥬네브 1020호,17006,2024-01-22,영업/정상
경기,메디약국,031-333-0362,"경기도 용인시 처인구 금령로 21, 103호 (김량장동, 메디타워)",경기도 용인시 처인구 김량장동 294-16 103호,17050,2016-10-26,영업/정상
경기,팜코리아약국,031-281-2936,"경기도 용인시 기흥구 구갈로60번길 1, 105호 (구갈동)",경기도 용인시 기흥구 구갈동 352-4 105호,16972,2013-10-21,영업/정상
경기,큰사랑약국,031-8005-6421,"경기도 용인시 기흥구 동백중앙로 265, 104호 (중동, 더엠빌딩)",경기도 용인시 기흥구 중동 831-2,17006,2014-07-14,영업/정상
경기,5층우리약국,031-896-2393,"경기도 용인시 수지구 풍덕천로 149 (풍덕천동, 현대그린프라자)",경기도 용인시 수지구 풍덕천동 715-2 현대그린프라자 501호,16837,2016-04-04,영업/정상
경기,조이약국,031-264-6009,"경기도 용인시 수지구 정평로 40-1, 거묵상가1 109호 (풍덕천동)",경기도 용인시 수지구 풍덕천동 1047-1 거묵상가1 109호,16844,2026-05-08,영업/정상
경기,이화약국,031-276-9872,"경기도 용인시 수지구 성복1로 106, B04호 (성복동, 벽산프라자)",경기도 용인시 수지구 성복동 276-1 벽산프라자 B04호,16853,2012-11-09,영업/정상
경기,다정온누리약국,031-889-4240,"경기도 용인시 기흥구 죽전로 2, 현타워 1층 112호 (보정동)",경기도 용인시 기흥구 보정동 1261-2 현타워,16897,2023-01-04,영업/정상
경기,3층 온누리약국,031-307-2882,"경기도 용인시 기흥구 기흥역로 63, 3층 (구갈동, 힐스테이트 기흥)",경기도 용인시 기흥구 구갈동 234,17065,2019-03-14,영업/정상
경기,굿모닝약국,031-286-6756,"경기도 용인시 기흥구 용구대로 2398, 301호 (마북동)",경기도 용인시 기흥구 마북동,16921,2015-07-02,영업/정상
경기,포레나약국,070-8283-8252,"경기도 용인시 수지구 고기로45번길 40, 2층 (동천동, 한화 포레나 수지동천)",경기도 용인시 수지구 동천동 349-10 한화 포레나 수지동천,16824,2024-04-09,영업/정상
경기,모범약국,031-263-7128,"경기도 용인시 수지구 수지로 203, E 마트 지하1층 (신봉동)",경기도 용인시 수지구 신봉동 909 E 마트,16845,2018-07-09,영업/정상
경기,예쁜약국,031-893-0750,"경기도 용인시 수지구 신봉2로 2, 센트럴500 223호 (신봉동)",경기도 용인시 수지구 신봉동 33 센트럴500,16815,2018-05-23,영업/정상
경기,운정한사랑동물약국,031-949-2365,"경기도 파주시 와석순환로 70, 109호 (야당동, 신운정프라자2)",경기도 파주시 야당동 1006-7,10907,2016-02-01,영업/정상
경기,정성약국,031-952-8879,"경기도 파주시 문산읍 방촌로 1759, 홈플러스 1층 Y5호",경기도 파주시 문산읍 당동리 880 홈플러스,10816,2024-04-08,영업/정상
경기,셀메드 오늘약국,031-946-9466,"경기도 파주시 청석로 115, 1층 110호 (동패동)",경기도 파주시 동패동 2080-3,10888,2023-07-20,영업/정상
경기,교하제일약국,031-946-4919,"경기도 파주시 청석로 272, 센타프라자1 109호 (동패동)",경기도 파주시 동패동 1695-2 센타프라자1,10874,2019-07-22,영업/정상
경기,한솔약국,031-944-7107,"경기도 파주시 탄현면 사슴벌레로 28, 한사랑내과 1층 1호",경기도 파주시 탄현면 법흥리 1722 한사랑내과 101호,10861,2019-08-27,영업/정상
경기,문산 종로약국,031-952-5578,"경기도 파주시 문산읍 문산로40번길 6, 1층",경기도 파주시 문산읍 문산리 38-43,10823,2023-02-28,영업/정상
경기,한마음약국,031-957-7516,"경기도 파주시 경의로 1821, 한마음신경외과내과 1층 (아동동)",경기도 파주시 아동동 298-2 한마음신경외과내과,10853,2024-01-31,영업/정상
경기,드림약국,031-943-3113,"경기도 파주시 미래로 610, 운정메디컬프라자 104호 (와동동)",경기도 파주시 와동동 1303-1 운정메디컬프라자,10895,2020-06-02,영업/정상
경기,운정해오름약국,031-943-9992,"경기도 파주시 해올1길 12, 1층 107호 (다율동)",경기도 파주시 다율동 1043-3,10865,2023-12-05,영업/정상
경기,초롱꽃약국,031-941-0589,"경기도 파주시 양지로 119, 1층 102호 (동패동)",경기도 파주시 동패동 2125,10888,2024-03-28,영업/정상
경기,권약국,031-957-1929,"경기도 파주시 숲속노을로 271, 고산프라자 103호 (문발동)",경기도 파주시 문발동 561-3 고산프라자,10884,2020-07-06,영업/정상
경기,월롱우리약국,02-414-6809,경기도 파주시 월롱면 통일로 979,경기도 파주시 월롱면 위전리 426,10946,2021-08-06,영업/정상
경기,신일약국,031-959-4219,"경기도 파주시 적성면 청송로 1025, 화랑빌딩 1층",경기도 파주시 적성면 마지리 46-9 화랑빌딩,10803,2020-06-26,영업/정상
경기,열매약국,031-942-0100,"경기도 파주시 가람로116번길 57, 중앙타워  102호 (와동동)",경기도 파주시 와동동 1488-2,10896,2018-06-18,영업/정상
경기,수약국,031-947-7573,"경기도 파주시 청석로 256, 교하일번가빌딩 1층 108호 (동패동)",경기도 파주시 동패동 1694-2 교하일번가빌딩 108호,10874,2018-07-19,영업/정상
경기,운정사랑약국,070-7799-2191,"경기도 파주시 청암로17번길 53, 월드타워2 1층 106호 (목동동)",경기도 파주시 목동동 939-2 월드타워2,10892,2017-08-28,영업/정상
경기,튼튼약국,031-943-0142,"경기도 파주시 금빛로 24-22, 굿닥터스빌딩 1층 104호 (금촌동)",경기도 파주시 금촌동 989-5 굿닥터스빌딩,10915,2022-01-03,영업/정상
경기,강산약국,031-8035-7102,"경기도 파주시 경의로 1090, 1층 (야당동)",경기도 파주시 야당동 1072-1,10908,2019-03-28,영업/정상
경기,명인약국,031-935-6474,"경기도 파주시 조리읍 통일로 317, 봉일천타워 106호",경기도 파주시 조리읍 봉일천리 210-35 봉일천타워,10937,2024-05-10,영업/정상
경기,금촌프라자약국,031-946-1550,경기도 파주시 문화로 100 (금촌동),경기도 파주시 금촌동 54-24,10929,2021-01-26,영업/정상
경기,백화점약국,031-941-0278,"경기도 파주시 조리읍 고봉로 1039, 아트비전텔 103호",경기도 파주시 조리읍 봉일천리 209-3 아트비전텔,10937,2020-12-22,영업/정상
경기,금촌코끼리약국,031-948-8275,"경기도 파주시 시청로 2 (금촌동, 준성빌딩)",경기도 파주시 금촌동 948-1,10924,2017-05-16,영업/정상
경기,시민온누리약국,031-952-3033,"경기도 파주시 문산읍 문향로49번길 26, 문산시장약국",경기도 파주시 문산읍 문산리 10-104 문산시장약국,10823,2014-10-14,영업/정상
경기,광탄동화약국,031-947-3304,경기도 파주시 광탄면 혜음로 495,경기도 파주시 광탄면 용미리 327-3,10955,2024-03-14,영업/정상
경기,봉일천약국,031-941-1246,경기도 파주시 조리읍 봉천로 43-1 (봉일천약국),경기도 파주시 조리읍 봉일천리 160-54,10937,2016-05-10,영업/정상
경기,팜스프링약국,031-948-5590,"경기도 파주시 송화로 11, 팜스프링아파트 103호 (아동동)",경기도 파주시 아동동 283-10 팜스프링아파트,10851,2019-05-14,영업/정상
경기,시온약국,031-948-7561,,경기도 파주시 탄현면 법흥리 1725-3,,2012-03-15,영업/정상
경기,수온누리약국,031-946-8833,"경기도 파주시 청암로17번길 33, 104호 (목동동, 현대메디컬프라자)",경기도 파주시 목동동 933 현대메디컬프라자 104호,10892,2016-11-16,영업/정상
경기,파주 동물약국,031-947-1577,경기도 파주시 와석순환로 431 (와동동),경기도 파주시 와동동 1365-3,10894,2013-01-11,영업/정상
경기,우리들약국,031-937-8855,"경기도 파주시 경의로 1066, 중앙타워빌딩 101동 2호 (야당동)",경기도 파주시 야당동 1066-3,10908,2019-07-02,영업/정상
경기,파주약국,031-943-2922,경기도 파주시 조리읍 봉천로 43 (파주약국),경기도 파주시 조리읍 봉일천리 168-13,10937,2016-05-31,영업/정상
경기,해솔유명약국,031-945-8280,"경기도 파주시 미래로 620, 106호 (와동동, 해솔프라자)",경기도 파주시 와동동 1301-4 해솔프라자 106호,10895,2016-10-17,영업/정상
경기,운정일번약국,031-947-7575,"경기도 파주시 교하로 87, 1층 (목동동)",경기도 파주시 목동동 941-1,10892,2017-12-01,영업/정상
경기,옵티마운정약국,031-942-1171,경기도 파주시 미래로 371 (동패동),경기도 파주시 동패동 1759-6,10905,2014-05-19,영업/정상
경기,법원신세계약국,031-958-2237,"경기도 파주시 법원읍 사임당로 827, 법원신세계약국",경기도 파주시 법원읍 대능리 94-38 법원신세계약국,10826,2018-08-10,영업/정상
경기,"약국,오늘",031-942-0775,"경기도 파주시 중앙로 328, 313호 (금촌동)",경기도 파주시 금촌동 44-8,10930,2017-09-06,영업/정상
경기,운정하모니약국,031-949-5689,"경기도 파주시 해올1길 7, 103호 (다율동)",경기도 파주시 다율동 산 59-1,10865,2022-03-17,영업/정상
경기,메디칼약국,031-948-0837,"경기도 파주시 와석순환로 125, 104,105호 (동패동, 현대프라자)",경기도 파주시 동패동 1759-2,10905,2016-10-19,영업/정상
경기,대한온누리약국,031-945-8538,경기도 파주시 숲속노을로 275 (문발동),경기도 파주시 문발동 561-1,10884,2013-06-24,영업/정상
경기,기린약국,031-631-7221,경기도 이천시 경충대로2675번길 52 (중리동),경기도 이천시 중리동 396-11,17379,2013-04-01,영업/정상
경기,효양약국,031-635-4881,"경기도 이천시 부발읍 대산로 476-13, 덕원빌딩",경기도 이천시 부발읍 신하리 370-2 덕원빌딩,17327,2024-11-27,영업/정상
경기,유한약국,031-632-2008,"경기도 이천시 마장면 오천로 33, 아리온상가 108호",경기도 이천시 마장면 오천리 408-2,17387,2022-10-31,영업/정상
경기,365열린약국,031-637-7328,"경기도 이천시 구만리로 191 (안흥동, 이천 롯데캐슬 골드스카이)",경기도 이천시 안흥동 474 이천 롯데캐슬 골드스카이 롯데마트2층,17372,2024-07-02,영업/정상
경기,최보은 이진이 대학약국,031-631-8776,"경기도 이천시 경충대로 2738-4, 102호 (관고동)",경기도 이천시 관고동 218-44,17366,2019-01-09,영업/정상
경기,건강약국,031-642-3981,"경기도 이천시 장호원읍 장감로 77, 김내과의원",경기도 이천시 장호원읍 장호원리 115-15 김내과의원,17418,2026-06-30,영업/정상
경기,마장튼튼약국,031-633-6294,"경기도 이천시 마장면 중앙로10번길 30, 104호",경기도 이천시 마장면 오천리 448-1,17387,2024-04-17,영업/정상
경기,에이메디칼약국,031-633-4565,"경기도 이천시 신중리로6번길 6, 106호 (중리동)",경기도 이천시 중리동 524-4,17380,2026-07-16,영업/정상
경기,정약국,031-8011-3695,경기도 이천시 설봉로 28-1 (중리동),경기도 이천시 중리동 3,17375,2026-03-17,영업/정상
경기,최약국,031-635-2024,경기도 이천시 어재연로10번길 60(중리동),경기도 이천시 중리동 217,17374,2022-11-04,영업/정상
경기,한마음약국,031-632-6885,"경기도 이천시 부발읍 무촌로 139, 부발프라자",경기도 이천시 부발읍 무촌리 164-2 부발프라자,17324,2025-01-08,영업/정상
경기,시민약국,031-633-0101,"경기도 이천시 영창로 223, 역전빌딩 (창전동)",경기도 이천시 창전동 457-21 역전빌딩,17363,2025-06-02,영업/정상
경기,마장열린약국,031-8011-3876,"경기도 이천시 마장면 중앙로 92, 중원테라스타",경기도 이천시 마장면 오천리 450-7 중원테라스타,17387,2024-08-01,영업/정상
경기,도암정약국,031-631-4978,경기도 이천시 신둔면 원적로 438,경기도 이천시 신둔면 도암리 343-3,17300,2017-09-01,영업/정상
경기,증포온누리약국,031-631-1363,"경기도 이천시 이섭대천로 1411, 105호 (증포동, 흥인프라자)",,17347,2016-03-09,영업/정상
경기,수온누리약국,031-642-2714,경기도 이천시 장호원읍 장터로 45-15,경기도 이천시 장호원읍 장호원리 101-2,17420,2021-07-28,영업/정상
경기,마장 온누리약국,031-633-1551,"경기도 이천시 마장면 오천로 49, 마장더퍼스트 103동 104호",경기도 이천시 마장면 오천리 56-75,17387,2019-07-10,영업/정상
경기,새이천약국,031-631-0688,"경기도 이천시 경충대로 2750, 101호 (관고동)",경기도 이천시 관고동 186-16,17366,2022-04-21,영업/정상
경기,이천 우리들약국,031-637-9637,경기도 이천시 이섭대천로 1236 (창전동),경기도 이천시 창전동 463-19,17370,2025-06-16,영업/정상
경기,하나약국,031-634-9399,"경기도 이천시 안흥로 70, 1층 (갈산동)",경기도 이천시 갈산동 602,17359,2023-07-07,영업/정상
경기,녹십자약국,031-694-2307,경기도 이천시 이섭대천로 1199 (중리동),경기도 이천시 중리동 217-1,17374,2014-05-21,영업/정상
경기,이천이마트약국,070-4914-6767,"경기도 이천시 이섭대천로 1440-50, 증포동 이마트 1층 (증포동)",경기도 이천시 증포동 47-4,17348,2020-03-31,영업/정상
경기,해오름약국,031-631-8071,"경기도 이천시 이섭대천로 1203, 하나빌딩 (중리동)",경기도 이천시 중리동 218-2 하나빌딩,17374,2025-11-13,영업/정상
경기,부부약국,031-641-6628,경기도 이천시 장호원읍 장터로 45-10,경기도 이천시 장호원읍 장호원리 100-11,17420,2023-05-10,영업/정상
경기,도매당약국,031-637-0149,경기도 이천시 백사면 청백리로 72,경기도 이천시 백사면 모전리 535-4,17316,2022-03-08,영업/정상
경기,다나약국,031-641-7194,경기도 이천시 장호원읍 경충대로 596,경기도 이천시 장호원읍 이황리 430,17414,2026-01-30,영업/정상
경기,가까운 대학약국,031-634-1102,"경기도 이천시 영창로 108, 상가동동 1층 (관고동, 이천 벽산블루밍아파트)",경기도 이천시 관고동 514 이천 벽산블루밍아파트,17366,2019-12-30,영업/정상
경기,큰사랑약국,031-635-3691,경기도 이천시 이섭대천로1454번길 39 (증포동),경기도 이천시 증포동 27-3,17348,2024-06-14,영업/정상
경기,아산약국,031-632-0308,경기도 이천시 애련정로87번길 57(창전동),경기도 이천시 창전동 170-2,17370,2022-10-19,영업/정상
경기,이천 오렌지 약국,031-633-3213,경기도 이천시 애련정로87번길 52 (창전동),경기도 이천시 창전동 464-37,17370,2025-06-20,영업/정상
경기,코끼리약국,031-632-6780,경기도 이천시 부발읍 경충대로1804번길 10,경기도 이천시 부발읍 응암리 41,17403,2023-03-31,영업/정상
경기,하이팜약국,031-632-8406,"경기도 이천시 이섭대천로 1229 (창전동, 이천IS타월빌딩)",,17369,2016-10-20,영업/정상
경기,창호약국,070-8600-1774,경기도 이천시 백사면 이여로88번길 18,경기도 이천시 백사면 모전리 970-13,17316,2021-07-13,영업/정상
경기,설성약국,031-642-2123,경기도 이천시 설성면 설장로 10,경기도 이천시 설성면 금당리 76-3,17411,2010-07-15,영업/정상
경기,라온약국,070-7550-6743,"경기도 이천시 중리천로 76, 411호 (중리동, 이천 라온팰리스)",경기도 이천시 중리동 213 이천 라온팰리스,17374,2025-07-18,영업/정상
경기,푸른약국,031-636-6205,경기도 이천시 경충대로 2566(중리동),경기도 이천시 중리동 466-9,17373,2023-02-14,영업/정상
경기,정다운약국,031-631-7585,경기도 이천시 이섭대천로 1188 (중리동),,17373,2016-10-20,영업/정상
경기,하이후문약국,031-631-5253,"경기도 이천시 대월면 대산로288번길 75, 아미가든쇼핑센타 205호",경기도 이천시 대월면 대흥리 1-6 아미가든쇼핑센타 205호,17336,2025-10-10,영업/정상
경기,사계절약국,031-635-3552,"경기도 이천시 이섭대천로 1213, 시계탑빌딩 (창전동)",경기도 이천시 창전동 169-5 시계탑빌딩,17369,2020-12-22,영업/정상
경기,미소약국,031-676-0711,경기도 안성시 죽산면 죽주로 271,경기도 안성시 죽산면 죽산리 492,17519,2026-04-23,영업/정상
경기,가까운 정문약국,031-674-7789,경기도 안성시 남파로 99 (당왕동),경기도 안성시 당왕동 437,17568,2018-04-16,영업/정상
경기,광동약국,070-7782-7575,"경기도 안성시 공도읍 진사길 23, B동 103호 (광동아이비타운)",경기도 안성시 공도읍 진사리 20-29 광동아이비타운 B동 103호,17564,2013-06-21,영업/정상
경기,바른손약국,031-675-7582,"경기도 안성시 금산길 10, 1층 (연지동)",경기도 안성시 연지동 4,17587,2021-09-15,영업/정상
경기,안성바른약국,031-671-2625,"경기도 안성시 장기로45번길 22-3, 1층 (서인동)",경기도 안성시 서인동 78,17581,2022-06-03,영업/정상
경기,참사랑약국,031-671-3885,"경기도 안성시 장기로 38, 1층 1B호 (인지동)",경기도 안성시 인지동 352-12,17583,2021-09-15,영업/정상
경기,한강약국,031-672-2265,경기도 안성시 중앙로372번길 21 (서인동),경기도 안성시 서인동 104,17581,2025-05-19,영업/정상
경기,365세심당약국,031-672-0365,"경기도 안성시 인지2길 6, 1층 (인지동)",경기도 안성시 인지동 414-1,17583,2020-11-12,영업/정상
경기,라라약국,031-651-0215,"경기도 안성시 공도읍 서동대로 4061, 101호",경기도 안성시 공도읍 용두리 711-1,17552,2025-03-12,영업/정상
경기,안성스타약국,031-8092-1415,"경기도 안성시 공도읍 서동대로 3930-39, 스타필드 안성 1층 1143호",경기도 안성시 공도읍 진사리 354 스타필드 안성,17563,2020-10-05,영업/정상
경기,만세로약국,031-655-1855,"경기도 안성시 원곡면 만세로 1218, 1층",경기도 안성시 원곡면 칠곡리 540-1,17555,2024-04-23,영업/정상
경기,늘푸른약국,031-672-2739,경기도 안성시 대학로 67(당왕동),경기도 안성시 당왕동 544-5,17570,2022-01-10,영업/정상
경기,세명약국,031-672-7900,"경기도 안성시 중앙로 312, 101호 (석정동)",경기도 안성시 석정동 253-3,17578,2022-04-13,영업/정상
경기,공도현대약국,031-654-4613,경기도 안성시 공도읍 승두길 60,경기도 안성시 공도읍 승두리 60-131,17562,2024-05-14,영업/정상
경기,약손 온누리 약국,031-674-8729,경기도 안성시 중앙로 397-1 (대천동),경기도 안성시 대천동 55,17589,2017-09-26,영업/정상
경기,안성온누리약국,031-675-8882,"경기도 안성시 중앙로 374, 104,105,106호 (서인동)",경기도 안성시 서인동 88,17581,2022-05-31,영업/정상
경기,큰사랑약국,031-677-5533,경기도 안성시 남파로 89 (당왕동),경기도 안성시 당왕동 470,17568,2021-06-14,영업/정상
경기,공도동물약국,031-657-5673,경기도 안성시 공도읍 공도로 83,경기도 안성시 공도읍 만정리 820-2,17561,2022-06-21,영업/정상
경기,호호약국,031-653-6396,"경기도 안성시 공도읍 송원길 23, 만정타워 1층 107호",경기도 안성시 공도읍 만정리 779-4 107호,17550,2021-04-29,영업/정상
경기,온누리 우주약국,031-651-7997,"경기도 안성시 공도읍 진사길 32, 상가 A동 115호 (주은청설아파트)",경기도 안성시 공도읍 진사리 36-1 주은청설아파트,17564,2019-12-12,영업/정상
경기,건강한약국,031-671-2627,"경기도 안성시 장기로 9, S TOWER 102호 (석정동)",경기도 안성시 석정동 276 S TOWER,17581,2023-01-19,영업/정상
경기,파란약국,031-657-4670,"경기도 안성시 공도읍 서동대로 3874, 태지빌딩 1층",경기도 안성시 공도읍 진사리 22-8,17564,2022-08-08,영업/정상
경기,안성종로약국,031-675-7788,"경기도 안성시 중앙로382번길 15, 1층 (서인동)",경기도 안성시 서인동 82-1,17581,2022-06-21,영업/정상
경기,다나약국,031-676-9911,"경기도 안성시 아양1로 61, 폴리프라자 1층 10호 (옥산동)",경기도 안성시 옥산동 592 폴리프라자 110호,17577,2021-03-15,영업/정상
경기,성은백세약국,031-654-0403,경기도 안성시 원곡면 지문로 525,경기도 안성시 원곡면 성은리 348-1,17554,2013-07-22,영업/정상
경기,안성마트약국,031-674-5978,"경기도 안성시 중앙로 246, 안성 E-MART 2층 (석정동)",경기도 안성시 석정동 149-3 안성 E-MART,17578,2026-03-09,영업/정상
경기,한성약국,031-981-2065,"경기도 김포시 양촌읍 양곡1로 44, 삼성디지털프라자 1층",경기도 김포시 양촌읍 양곡리 414-8 삼성디지털프라자,10059,2023-09-14,영업/정상
경기,킹콩약국,031-985-5353,"경기도 김포시 김포한강4로 129, 하나프라자 103호 (장기동)",경기도 김포시 장기동 1603 하나프라자,10083,2022-05-31,영업/정상
경기,김포다온약국,031-996-9678,"경기도 김포시 중봉로 15, 청담메디컬빌딩  102호 (감정동)",경기도 김포시 감정동 506,10103,2022-10-06,영업/정상
경기,운양온누리약국,031-998-7174,경기도 김포시 김포한강11로 288-27 (운양동),경기도 김포시 운양동 1297-7,10073,2021-03-29,영업/정상
경기,중앙메디칼 온누리약국,8049-3233,"경기도 김포시 김포한강4로 507, 112호 (구래동, 엠스퀘어)",,10071,2017-03-21,영업/정상
경기,차약국,031-8049-0109,"경기도 김포시 김포한강4로 535, 116호 (구래동)",경기도 김포시 구래동 6879-3 116호,10071,2021-06-10,영업/정상
경기,김포약국,031-984-2029,,경기도 김포시 북변동 290,,2013-08-18,영업/정상
경기,햇살약국,031-998-6230,"경기도 김포시 솔터로 22, 301동 1층 148호 (구래동, 메트로타워 예미지)",경기도 김포시 구래동 6886-4 메트로타워 예미지,10066,2022-05-30,영업/정상
경기,기쁨약국,031-989-4322,"경기도 김포시 김포한강2로 80, 베스트프라자 1층 104호 (장기동)",경기도 김포시 장기동 2039-4,10088,2018-10-25,영업/정상
경기,척척약국,031-991-7599,"경기도 김포시 북변중로 125, 예전디자인 나동 2호호 (북변동)",경기도 김포시 북변동 182-13 예전디자인 나동 2호,10101,2021-05-17,영업/정상
경기,샘약국,031-985-9678,"경기도 김포시 김포한강8로 396, 지오타워 105호 (구래동)",경기도 김포시 구래동 6884-7,10071,2018-05-31,영업/정상
경기,새봄이온누리약국,031-987-2326,"경기도 김포시 태장로 784, 한강블루 117호 (장기동)",경기도 김포시 장기동 2025-5,10090,2024-05-30,영업/정상
경기,경서프라자약국,031-983-4986,"경기도 김포시 김포한강9로76번길 37, 경서프라자 (구래동)",경기도 김포시 구래동 6883-16 경서프라자,10071,2019-04-18,영업/정상
경기,드림약국,031-989-1547,경기도 김포시 김포한강11로 139-33 (장기동),경기도 김포시 장기동 1997-5,10077,2015-01-26,영업/정상
경기,코코동물약국,031-997-3307,경기도 김포시 고촌읍 김포대로 344,경기도 김포시 고촌읍 신곡리 532-70,10125,2013-05-24,영업/정상
경기,다나을약국,031-982-5133,"경기도 김포시 김포한강11로 312, 리앤포레2차 117호 (운양동)",경기도 김포시 운양동 1296-1,10073,2024-05-28,영업/정상
경기,새삼성약국,031-983-3359,"경기도 김포시 양촌읍 양곡1로 65, 102,103호","경기도 김포시 양촌읍 양곡리 443 102,103호",10059,2021-03-29,영업/정상
경기,손선희,031-982-2249,"경기도 김포시 월곶면 군하로 258, 1층",경기도 김포시 월곶면 군하리 118-3,10024,2026-04-06,영업/정상
경기,김포동물약국,070-424-0567,경기도 김포시 유현로 19 (풍무동),경기도 김포시 풍무동 583-6,10120,2014-06-13,영업/정상
경기,사우프라자약국,031-989-8764,"경기도 김포시 사우중로 83, 사우테마프라자 102,103호 (북변동)",경기도 김포시 북변동 826 사우테마프라자,10097,2019-07-10,영업/정상
경기,효원약국,031-983-1290,"경기도 김포시 사우중로 82, 사우프라자 1층 (사우동)",경기도 김포시 사우동 875 사우프라자,10111,2020-12-17,영업/정상
경기,김포동물약국,031-982-7589,"경기도 김포시 통진읍 율마로 480, 1층 메트로오서약국",경기도 김포시 통진읍 서암리 695,10016,2018-05-18,영업/정상
경기,현대센트럴약국,031-8049-0339,"경기도 김포시 김포한강1로 230, 1층 112호 (운양동)",경기도 김포시 운양동 1306-6,10078,2021-11-12,영업/정상
경기,종로프라자약국,031-987-0507,경기도 김포시 통진읍 서암로 61,경기도 김포시 통진읍 마송리 109-9,10019,2020-07-02,영업/정상
경기,푸른온누리약국,031-985-0081,"경기도 김포시 고촌읍 수기로 67-39, 수기마을힐스테이트아파트 상가동 102호",경기도 김포시 고촌읍 신곡리 1256 수기마을힐스테이트아파트,10129,2023-06-08,영업/정상
경기,온약국,031-987-5569,"경기도 김포시 김포한강8로 410, 스타프라자 109호 (구래동)",경기도 김포시 구래동 6884-3 스타프라자,10071,2022-04-28,영업/정상
경기,고촌메디컬센타약국,031-981-8600,"경기도 김포시 고촌읍 수기로 115, 센트럴타워 110호",경기도 김포시 고촌읍 신곡리 880-4,10130,2025-07-17,영업/정상
경기,햇살약국,031-996-0542,경기도 김포시 김포한강9로 36 (구래동),경기도 김포시 구래동 6890-1,10070,2020-11-30,영업/정상
경기,후암사랑샘약국,031-982-4767,경기도 김포시 양촌읍 양곡로 537,경기도 김포시 양촌읍 양곡리 414-3,10059,2021-06-15,영업/정상
경기,함초롬약국,031-981-2119,"경기도 김포시 김포한강9로 30, 103호 (구래동)",경기도 김포시 구래동 6890-4,10070,2018-05-29,영업/정상
경기,크로바약국,031-921-9788,"경기도 김포시 유현로 232, 에버리치빌딩 106호 (풍무동)",경기도 김포시 풍무동 1035 에버리치빌딩,10113,2024-04-01,영업/정상
경기,김포종로약국,031-985-8256,경기도 김포시 봉화로182번길 28 (북변동),경기도 김포시 북변동 754,10101,2014-12-30,영업/정상
경기,옵티마통진약국,031-985-8875,"경기도 김포시 통진읍 김포대로 2225, 통진메디칼타워 103호",경기도 김포시 통진읍 마송리 515-4 통진메디칼타워,10031,2022-04-06,영업/정상
경기,김포세계로약국,031-989-9216,"경기도 김포시 김포대로 859, 하나메디칼센타 101호 (사우동)",경기도 김포시 사우동 937 하나메디칼센타,10108,2022-01-10,영업/정상
경기,오케이약국,031-913-9907,경기도 김포시 돌문로 43 (사우동),경기도 김포시 사우동 237-2,10108,2021-03-03,영업/정상
경기,초록약국,031-832-7569,경기도 연천군 전곡읍 전곡로 124,경기도 연천군 전곡읍 전곡리 308-13,11037,2024-09-12,영업/정상
경기,메디팜원무약국,031-833-3578,경기도 연천군 청산면 궁평로 42,경기도 연천군 청산면 궁평리 474-2,11020,2017-03-02,영업/정상
경기,여름약국,031-832-2200,"경기도 연천군 전곡읍 전곡로161번길 9, 1층 101호 (영도플라자)",경기도 연천군 전곡읍 전곡리 480-35 영도플라자,11028,2022-12-29,영업/정상
경기,동림약국,031-832-1788,"경기도 연천군 전곡읍 음터길 69, 동림약국",경기도 연천군 전곡읍 은대리 577-67 동림약국,11027,2023-12-14,영업/정상
경기,메디팜원무약국,031-833-3578,경기도 연천군 청산면 궁평로 42,경기도 연천군 청산면 궁평리 474-2,11020,2017-03-02,영업/정상
경기,효정약국,031-585-7639,"경기도 가평군 설악면 미사리로 267-181, 의료시설 1동 1층",경기도 가평군 설악면 송산리 426-26,12461,2020-08-11,영업/정상
경기,가평중앙약국,031-581-7522,"경기도 가평군 가평읍 연인1길 1, 임내과의원",경기도 가평군 가평읍 읍내리 476-7 임내과의원,12418,2018-09-05,영업/정상
경기,현대약국,031-584-3524,경기도 가평군 조종면 현창로 41-1,경기도 가평군 조종면 현리 409-3,12437,2026-04-03,영업/정상
경기,보명약국,031-582-7639,"경기도 가평군 가평읍 가화로 123, 보명약국 1층",경기도 가평군 가평읍 읍내리 470-3 보명약국,12418,2023-12-12,영업/정상
경기,서울프라자약국,031-585-1007,경기도 가평군 조종면 현창로38번길 5-1,경기도 가평군 조종면 현리 265-10,12437,2022-08-22,영업/정상
경기,가평온누리약국,031-581-8777,경기도 가평군 가평읍 가화로 113 (새희망의원),,12418,2016-04-28,영업/정상
경기,용문온누리약국,031-770-7735,경기도 양평군 용문면 용문로 380-2,경기도 양평군 용문면 다문리 321-2,12523,2026-01-19,영업/정상
경기,양동동물약국,031-771-8736,경기도 양평군 양동면 학둔지아래길 79,,12539,2014-07-14,영업/정상
경기,소망약국,031-772-4571,경기도 양평군 용문면 용문로 386,경기도 양평군 용문면 다문리 319-3,12523,2013-09-11,영업/정상
경기,신우리약국,031-775-7273,경기도 양평군 양평읍 시민로 40,경기도 양평군 양평읍 양근리 183-11,12561,2026-01-12,영업/정상
경기,강하약국,031-774-2210,경기도 양평군 강하면 강남로 118,경기도 양평군 강하면 운심리 243-1,12574,2021-10-21,영업/정상
경기,새태평양약국,031-775-2739,"경기도 양평군 양평읍 시민로 34, 1층 101호",경기도 양평군 양평읍 양근리 181-3,12561,2026-05-07,영업/정상
경기,은하약국,031-772-9475,경기도 양평군 용문면 용문로 375-1,경기도 양평군 용문면 다문리 331-5,12522,2019-11-15,영업/정상
경기,양평동물약국,031-772-6022,경기도 양평군 양서면 양수로 147-1,,12585,2016-06-03,영업/정상
경기,양평사랑온누리약국,070-7581-0380,"경기도 양평군 양평읍 남북로 76, 롯데마트",경기도 양평군 양평읍 공흥리 468-33,12560,2018-05-29,영업/정상
경기,개군약국,031-773-5960,경기도 양평군 개군면 하자포길 33 (개군우체국),,12568,2017-04-18,영업/정상
경기,단월약국,031-775-4412,경기도 양평군 단월면 보룡길 59,경기도 양평군 단월면 보룡리 341-3,12529,2013-08-29,영업/정상
경기,옥천믿음약국,031-771-0105,경기도 양평군 옥천면 북부길9번길 13,경기도 양평군 옥천면 옥천리 540-9,12507,2019-11-15,영업/정상
경기,봉봉약국,031-771-2846,경기도 양평군 양평읍 시민로 51-1,경기도 양평군 양평읍 양근리 174-4,12557,2021-10-15,영업/정상
경기,양수중앙약국,031-771-8722,경기도 양평군 양서면 양수로 157,경기도 양평군 양서면 양수리 559-10,12585,2013-09-11,영업/정상
경기,새시대동물약국,031-771-7342,경기도 양평군 용문면 용문로 381,경기도 양평군 용문면 다문리 331-18,12522,2014-07-04,영업/정상
경기,양평시장약국,031-773-8998,경기도 양평군 양평읍 시민로 10 (동아빌딩),,12562,2017-09-21,영업/정상
경기,두물머리 약국,032-1771-5177,경기도 양평군 양서면 목왕로 55-1,경기도 양평군 양서면 용담리 245-4,12584,2018-01-10,영업/정상
경기,유일약국,031-236-9955,경기도 화성시 병점구 병점2로 38 (병점동),경기도 화성시 병점구 병점동 316,18414,2015-06-08,영업/정상
경기,새싹약국,031-8003-4134,"경기도 화성시 동탄구 동탄지성로 134, 한솔프라자 (능동)",경기도 화성시 동탄구 능동 1113-6 한솔프라자,18433,2011-10-12,영업/정상
경기,신화성약국,031-223-4383,경기도 화성시 병점구 경기대로 1042-1 (진안동),경기도 화성시 병점구 진안동 527-14,18401,2025-07-24,영업/정상
경기,스마일약국,031-378-8993,경기도 화성시 동탄구 동탄영천로 81-9 (영천동),경기도 화성시 동탄구 영천동 498-2,18467,2020-08-21,영업/정상
경기,365진약국,031-297-8335,"경기도 화성시 효행구 봉담읍 상리중심상가길 28-8, 1층 111-112호",경기도 화성시 효행구 봉담읍 상리 688-2 1층,18309,2024-04-26,영업/정상
경기,동탄프라임온누리약국,031-613-8858,"경기도 화성시 동탄구 노작로 207, 103~111호 (반송동, 삼성스마트쉐르빌)",경기도 화성시 동탄구 반송동 90-1 삼성스마트쉐르빌,18453,2026-06-17,영업/정상
경기,솔약국,031-613-7505,"경기도 화성시 동탄구 동탄반석로 120, 제일프라자 112호 (반송동)",경기도 화성시 동탄구 반송동 107-8 제일프라자 112호,18455,2023-05-09,영업/정상
경기,스마일온누리약국,031-353-2284,"경기도 화성시 만세구 향남읍 상신하길로328번길 26, 키움프라자 108호",경기도 화성시 만세구 향남읍 하길리 1467 108호,18606,2018-05-08,영업/정상
경기,일우약국,031-8003-9839,"경기도 화성시 동탄구 동탄지성로 133, 덕천프라자 103호 (능동)",경기도 화성시 동탄구 능동 1114-6 덕천프라자 103호,18431,2019-11-21,영업/정상
경기,연세중앙약국,031-898-8516,경기도 화성시 병점구 용주로 102 (송산동),경기도 화성시 병점구 송산동 202-6,18357,2013-10-30,영업/정상
경기,단우약국,070-7622-6975,"경기도 화성시 동탄구 동탄기흥로353번길 99-3, 101호 (여울동)",경기도 화성시 동탄구 여울동 997-1 101호,18480,2025-04-09,영업/정상
경기,율암성심약국,031-8059-0667,경기도 화성시 만세구 팔탄면 시청로 761,,18524,2014-07-10,영업/정상
경기,앨리약국,031-372-1288,"경기도 화성시 동탄구 동탄영천로 150, S동 191호 (영천동)",경기도 화성시 동탄구 영천동 844-1 S동 191호,18462,2024-06-11,영업/정상
경기,병점365약국,031-237-2001,"경기도 화성시 병점구 병점노을5로 28, 105호 (병점동)",경기도 화성시 병점구 병점동 887-5,18371,2025-10-02,영업/정상
경기,죠이온누리약국,031-613-0556,경기도 화성시 동탄구 동탄반석로 124 (반송동),경기도 화성시 동탄구 반송동 107-1 104호,18455,2013-08-29,영업/정상
경기,세계로약국,031-357-5220,경기도 화성시 만세구 마도면 마도공단로 252,경기도 화성시 만세구 마도면 쌍송리 670-19,18541,2025-07-27,영업/정상
경기,동탄푸른약국,031-897-5423,"경기도 화성시 동탄구 동탄대로시범길 185, 104호 (청계동)",경기도 화성시 동탄구 청계동 531-2,18476,2023-06-18,영업/정상
경기,마도공단약국,031-355-6415,경기도 화성시 만세구 마도면 마도공단로 228,경기도 화성시 만세구 마도면 쌍송리 669-2,18541,2017-12-12,영업/정상
경기,화성프라자,031-355-8707,경기도 화성시 만세구 남양성지로 147 (남양동),,,2013-08-05,영업/정상
경기,미소온누리약국,031-377-6645,"경기도 화성시 동탄구 동탄순환대로 715, 스타프라자 102,103호 (영천동)","경기도 화성시 동탄구 영천동 679-4 스타프라자 102,103호",18472,2018-03-22,영업/정상
경기,상두늘푸른약국,031-366-5468,경기도 화성시 만세구 향남읍 솔태상두길 26,경기도 화성시 만세구 향남읍 화리현리 258-28,18608,2014-07-10,영업/정상
경기,향남열린약국,031-354-7485,"경기도 화성시 만세구 향남읍 상신하길로328번길 20, 104,105호",경기도 화성시 만세구 향남읍 하길리 1466-3,18606,2019-06-27,영업/정상
경기,다사랑약국,031-8059-0037,"경기도 화성시 만세구 향남읍 행정중앙1로 14, 102호 (제이에스플라자)",경기도 화성시 만세구 향남읍 행정리 462-6,18603,2016-09-22,영업/정상
경기,태평양약국,0312-2218,경기도 화성시 병점구 효행로 1069 (진안동),,18398,2014-05-15,영업/정상
경기,반가워약국,031-613-1452,"경기도 화성시 동탄구 동탄대로 637, 107호 (영천동)",경기도 화성시 동탄구 영천동 852-2,18468,2019-05-24,영업/정상
경기,메가온누리약국,031-707-6539,"경기도 화성시 동탄구 동탄대로5길 9, 더샵 동탄센텀폴리스 2단지 1012호 (송동)",경기도 화성시 동탄구 송동 725-1 더샵 동탄센텀폴리스 2단지,18497,2025-11-10,영업/정상
경기,광장약국,031-613-7674,"경기도 화성시 동탄구 동탄반석로 196, 104호 (반송동, 아이프라자)",경기도 화성시 동탄구 반송동 88-13,18453,2016-10-11,영업/정상
경기,라온약국,031-375-8275,"경기도 화성시 동탄구 동탄신리천로 278, 리더스뷰프라자 105호 (여울동)",경기도 화성시 동탄구 여울동 456 리더스뷰프라자 105호,18486,2018-06-25,영업/정상
경기,1등약국,031-8015-5105,"경기도 화성시 동탄구 동탄중앙로 381-3, 1층 (석우동)",경기도 화성시 동탄구 석우동 41-3,18450,2017-05-17,영업/정상
경기,에이메디칼약국,031-378-1530,"경기도 화성시 동탄구 동탄순환대로20길 124, A동 107호 (목동)",경기도 화성시 동탄구 목동 산 18,18484,2019-06-17,영업/정상
경기,토매당단골약국,031-898-7799,"경기도 화성시 병점구 효행로 1036, 아시아빌딩 1층 (진안동)",경기도 화성시 병점구 진안동 877-4 아시아빌딩,18404,2026-07-24,영업/정상
경기,봉담메디컬약국,031-888-6290,경기도 화성시 효행구 봉담읍 동화길 81-10,경기도 화성시 효행구 봉담읍 동화리 599-1,18302,2024-04-24,영업/정상
경기,동탄우리약국,031-613-5360,"경기도 화성시 동탄구 동탄지성로 139 (능동, 양진빌딩)",경기도 화성시 동탄구 능동 1114-4 양진빌딩 101호,18431,2013-07-22,영업/정상
경기,계림약국,031-613-2461,"경기도 화성시 동탄구 동탄솔빛로 68, 105호 (반송동, 계림개발)",경기도 화성시 동탄구 반송동 218-1,18442,2016-10-11,영업/정상
경기,우림약국,031-613-5332,"경기도 화성시 동탄구 10용사로 343-2, 114호 (능동, 폴리클리닉)",경기도 화성시 동탄구 능동 1152-5,18429,2016-11-22,영업/정상
경기,회춘당약국,031-353-0039,경기도 화성시 만세구 향남읍 평3길 10,,18593,2013-07-26,영업/정상
경기,나이스오서약국,031-358-7541,경기도 화성시 만세구 우정읍 기아자동차로 555,경기도 화성시 만세구 우정읍 화산리 663-1,18569,2018-02-01,영업/정상
경기,건강약국,8015-1914,경기도 화성시 동탄구 동탄반석로 204 (반송동),경기도 화성시 동탄구 반송동 88-1 제일프라자 105호,18453,2013-08-08,영업/정상
경기,태안약국,031-232-6637,"경기도 화성시 병점구 병점서로 33, 두산탑 프라자 (병점동)",경기도 화성시 병점구 병점동 431-3 두산탑 프라자,18413,2021-02-04,영업/정상
경기,하나약국,055-283-2570,"경기도 화성시 효행구 봉담읍 와우로 24, 1층 108, 109호",경기도 화성시 효행구 봉담읍 와우리 221-75,18320,2021-01-04,영업/정상
경기,힘나는 약국,031-378-9845,"경기도 화성시 동탄구 동탄순환대로14길 7, 116, 117호 (산척동)","경기도 화성시 동탄구 산척동 736 116, 117호",18502,2024-04-15,영업/정상
경기,해든약국,031-366-5031,"경기도 화성시 만세구 향남읍 발안로 116, 중앙프라자 1층 110호",경기도 화성시 만세구 향남읍 행정리 487-3 중앙프라자 110호,18600,2023-06-09,영업/정상
경기,채움약국,031-298-1022,"경기도 화성시 효행구 봉담읍 상리3길 43-12, 106호",경기도 화성시 효행구 봉담읍 상리 681-3,18306,2021-09-29,영업/정상
경기,태평양 온누리 약국,8003-1148,"경기도 화성시 동탄구 동탄지성로 141, 104호 (능동, 아크리아)",경기도 화성시 동탄구 능동 1114-3,18431,2016-11-22,영업/정상
경기,영생약국,031-234-0050,경기도 화성시 병점구 효행로763번길 15(안녕동),경기도 화성시 병점구 안녕동 37-6,18362,2022-11-04,영업/정상
경기,미담온누리약국,031-224-0700,"경기도 화성시 병점구 경기대로 990, 101동 107호 (병점동, 병점역SK뷰아파트)",경기도 화성시 병점구 병점동 870 병점역SK뷰아파트 101동 107호,18413,2024-04-30,영업/정상
경기,"안녕하세요, 약국",031-373-0903,"경기도 화성시 동탄구 동탄영천로 81-13, 하우빌딩 1층 (영천동)",경기도 화성시 동탄구 영천동 880-3 하우빌딩 1층,18467,2023-10-13,영업/정상
경기,행복약국,031-222-2697,"경기도 화성시 병점구 효행로763번길 17, 화성삼성정형외과의원 (안녕동)",경기도 화성시 병점구 안녕동 37-106 화성삼성정형외과의원,18362,2021-12-22,영업/정상
경기,삼성제일약국,031-8015-5286,"경기도 화성시 동탄구 삼성1로 144-9, 108호 (석우동)",경기도 화성시 동탄구 석우동 31-7,18450,2025-10-23,영업/정상
경기,남양약국,031-357-9675,경기도 화성시 만세구 남양읍 시청로 109,경기도 화성시 만세구 남양읍 남양리 2072-4,18271,2016-10-14,영업/정상
경기,우리들약국,031-8003-0101,"경기도 화성시 동탄구 동탄솔빛로 67, 102~103호 (반송동, 성우프라자)",경기도 화성시 동탄구 반송동,18443,2015-11-30,영업/정상
경기,이지약국,031-353-9970,"경기도 화성시 동탄구 동탄순환대로 708, 103호 (영천동)",경기도 화성시 동탄구 영천동 681-1,18466,2016-10-25,영업/정상
경기,센텀프라자약국,031-378-4667,경기도 화성시 동탄구 동탄대로시범길 142 (청계동),경기도 화성시 동탄구 청계동 535-2,18476,2017-05-22,영업/정상
경기,남양나무약국,031-357-9871,"경기도 화성시 만세구 남양읍 남양로 829, 114호",경기도 화성시 만세구 남양읍 남양리 2232-5,18266,2022-06-02,영업/정상
경기,동탄하나약국,070-4143-2700,"경기도 화성시 동탄구 동탄공원로3길 36, 1층 (반송동)",경기도 화성시 동탄구 반송동 47-1,18435,2018-11-29,영업/정상
경기,매곡365약국,031-366-5601,경기도 화성시 만세구 팔탄면 3.1만세로 768,경기도 화성시 만세구 팔탄면 매곡리 180-7,18577,2023-05-09,영업/정상
경기,우성약국,031-8059-1357,"경기도 화성시 만세구 향남읍 향남로 392, 우성메디피아 102호",경기도 화성시 만세구 향남읍 행정리 487-6 우성메디피아,18600,2019-02-26,영업/정상
경기,365봉담약국,031-296-0365,"경기도 화성시 효행구 봉담읍 상리2길 51, 10-105호",경기도 화성시 효행구 봉담읍 상리 690-3,18309,2026-01-06,영업/정상
경기,남수원약국,031-231-0016,경기도 화성시 효행구 봉담읍 와우안길 65,경기도 화성시 효행구 봉담읍 와우리 91-3,18321,2013-09-06,영업/정상
경기,성심프라자약국,031-8015-5464,"경기도 화성시 동탄구 동탄중앙로 381-7, 성심프라자 108호 (석우동)",경기도 화성시 동탄구 석우동 41-5 108호,18450,2023-06-14,영업/정상
경기,호반약국,031-063-3463,"경기도 화성시 동탄구 동탄신리천로1길 73, 호반프라자 103호 (산척동)",경기도 화성시 동탄구 산척동 787-1,18489,2025-04-11,영업/정상
경기,한사랑약국,031-354-8653,"경기도 화성시 만세구 향남읍 상신하길로 74, 1층 102, 103호",경기도 화성시 만세구 향남읍 상신리 1327-2,18616,2019-03-22,영업/정상
경기,판도라 동탄약국,070-4115-8544,"경기도 화성시 동탄구 동탄반석로 130, 104호 (반송동, 드림프라자)",경기도 화성시 동탄구 반송동 104-13,18455,2016-10-11,영업/정상
경기,동탄센터약국,031-373-3696,경기도 화성시 동탄구 동탄오산로 82 (여울동),경기도 화성시 동탄구 여울동 968-2,18478,2016-12-01,영업/정상
경기,푸른약국,031-8003-3355,"경기도 화성시 동탄구 동탄솔빛로 44, 신성프라자 1층 104호 (반송동)",경기도 화성시 동탄구 반송동 216-1 신성프라자 104호,18442,2024-01-11,영업/정상
경기,큰사랑약국,031-278-1365,"경기도 화성시 효행구 봉담읍 동화길 93-2, 제이스프라자",경기도 화성시 효행구 봉담읍 동화리 600-7,18302,2019-02-26,영업/정상
경기,서울약국,031-357-1155,"경기도 화성시 만세구 송산면 사강로 208, 대원프라자 104호",경기도 화성시 만세구 송산면 봉가리 150 대원프라자 104호,18550,2024-04-03,영업/정상
경기,병점역약국,031-232-8828,"경기도 화성시 병점구 병점노을4로 29, 병점엘타워 1층 102호 (병점동)",경기도 화성시 병점구 병점동 887-7 병점엘타워 102호,18371,2023-12-14,영업/정상
경기,예일약국,031-222-1108,"경기도 화성시 병점구 효행로1156번길 14, 다인프라자 104호 (병점동)",경기도 화성시 병점구 병점동 203-7,18421,2019-08-01,영업/정상
경기,향남사랑약국,031-8059-1338,경기도 화성시 만세구 향남읍 행정중앙2로 63-3,경기도 화성시 만세구 향남읍 행정리 487-5,18600,2013-07-26,영업/정상
경기,바른약국,031-377-1223,"경기도 화성시 동탄구 동탄신리천로 408, M메디컬프라자 106호 (목동)",경기도 화성시 동탄구 목동 496-4 M메디컬프라자 106호,18490,2023-12-07,영업/정상
경기,기아종합약국,031-358-7533,"경기도 화성시 만세구 우정읍 기아자동차로 535, 101호",경기도 화성시 만세구 우정읍 화산리 1198-4,18569,2022-06-23,영업/정상
경기,새솔약국,031-355-5241,"경기도 화성시 만세구 수노을중앙로 142, 센타프라자 105호 (새솔동)",경기도 화성시 만세구 새솔동 76-8 105호,18244,2022-08-24,영업/정상
경기,에이치원프라자약국,031-8015-8989,"경기도 화성시 동탄구 동탄반석로 134, 102호 (반송동)",경기도 화성시 동탄구 반송동 104-1,18455,2018-12-13,영업/정상
경기,밝음약국,070-7746-9999,"경기도 화성시 만세구 향남읍 발안로 111, 101호",경기도 화성시 만세구 향남읍 행정리 474-8 101호,18591,2023-05-11,영업/정상
경기,새솔약국,031-355-5241,"경기도 화성시 만세구 수노을중앙로 142, 105호 (새솔동)",경기도 화성시 만세구 새솔동 0,18244,2019-05-27,영업/정상
경기,동탄현약국,031-377-7005,"경기도 화성시 동탄구 동탄역로 150, H동 109호 (여울동, 동탄역 롯데캐슬)",경기도 화성시 동탄구 여울동 1089 동탄역 롯데캐슬,18478,2020-11-25,영업/정상
경기,서연센트럴약국,031-302-0439,"경기도 화성시 동탄구 동탄대로4길 39, 104호 (장지동)",경기도 화성시 동탄구 장지동 971-1,18506,2026-01-21,영업/정상
경기,신동탄약국,031-8003-8881,경기도 화성시 동탄구 동탄중심상가1길 40 (반송동),경기도 화성시 동탄구 반송동 103-11 엔터프라임빌딜 106호,18455,2013-03-28,영업/정상
경기,남양메디컬약국,031-356-8533,"경기도 화성시 만세구 남양읍 시청로160번길 46, 107호",경기도 화성시 만세구 남양읍 남양리 1844-8,18270,2018-12-13,영업/정상
경기,화성제일약국,031-356-7579,"경기도 화성시 만세구 남양읍 남양로920번길 12, 107호",경기도 화성시 만세구 남양읍 북양리 692-1,18256,2022-03-31,영업/정상
경기,잘 듣는 튼튼약국,031-804-7502,"경기도 화성시 만세구 수노을중앙로 122, 101호 (새솔동)",경기도 화성시 만세구 새솔동 76-4,18244,2025-01-23,영업/정상
경기,보건약국,031-372-2768,경기도 화성시 효행구 정남면 발안로 1167,경기도 화성시 효행구 정남면 덕절리 31-1,18515,2017-09-18,영업/정상
경기,태평양약국,031-608-6686,경기도 광주시 능평동 능평로 214,경기도 광주시 능평동 153-11,12773,2020-06-09,영업/정상
경기,단비약국,031-763-7408,경기도 광주시 곤지암읍 곤지암로50번길 9,,12804,2016-12-17,영업/정상
경기,양벌약국,031-767-6525,경기도 광주시 오포읍 마루들길 216 (이가빌딩),,12797,2016-10-19,영업/정상
경기,새싹약국,031-769-2801,"경기도 광주시 초월읍 경충대로 912, 106호",경기도 광주시 초월읍 산이리 92-12 106호,12799,2013-04-30,영업/정상
경기,행복한약국,031-765-5250,"경기도 광주시 중앙로 101, 클리닉빌딩 (경안동)",경기도 광주시 경안동 32-3 클리닉빌딩,12759,2019-11-12,영업/정상
경기,다나약국,031-764-1588,,경기도 광주시 곤지암읍 곤지암리 433-11,,2013-07-12,영업/정상
경기,하늘약국,031-765-9152,"경기도 광주시 양벌동 양벌로 332, 1층",경기도 광주시 양벌동 650-3,12795,2019-12-09,영업/정상
경기,평화약국,031-768-5952,"경기도 광주시 중앙로 85 (역동, 신흥빌딩)",경기도 광주시 역동 23-4,12759,2017-06-29,영업/정상
경기,오포사랑약국,031-8022-9010,"경기도 광주시 신현동 태재로 107, 1층 102호",경기도 광주시 신현동 369-7,12772,2021-10-01,영업/정상
경기,광주종로약국,031-766-6663,"경기도 광주시 고불로 113, 1층 (태전동)",경기도 광주시 태전동 298,12785,2019-09-16,영업/정상
경기,서울보룡약국,031-764-4498,경기도 광주시 중앙로 113 (경안동),,12755,2014-03-27,영업/정상
경기,바다약국,031-767-7611,경기도 광주시 초월읍 현산로 90,경기도 광주시 초월읍 도평리 212-3,,2013-06-18,영업/정상
경기,이화약국,031-797-2408,"경기도 광주시 태봉로 51, 111호 (태전동,성원프라자)",경기도 광주시 태전동 251-17 성원프라자 111호,,2006-08-08,영업/정상
경기,경안365 약국,031-765-9875,"경기도 광주시 광주대로 31, 1층 107호 (경안동)",경기도 광주시 경안동 20-16,12758,2024-02-14,영업/정상
경기,중앙약국,031-769-4222,"경기도 광주시 중앙로 95-12, 희망빌딩 1층 10호 (경안동)",경기도 광주시 경안동 33-38 희망빌딩 10호,12759,2020-09-09,영업/정상
경기,경기약국,031-765-8562,"경기도 광주시 고불로 58, 1층 (중대동)",경기도 광주시 중대동 17-17,12768,2020-06-10,영업/정상
경기,메디팜동명약국,031-768-4388,경기도 광주시 문형동 오포로 548,경기도 광주시 문형동 250-6,12774,2019-11-07,영업/정상
경기,해피동물약국,031-798-6508,경기도 광주시 장지1길 28 (장지동),,12777,2017-02-15,영업/정상
경기,태전스타약국,031-762-4062,"경기도 광주시 벼루개로 20, B108호 (태전동)",경기도 광주시 태전동 84-33,12788,2023-10-23,영업/정상
경기,라온온누리약국,031-767-2282,"경기도 광주시 고불로 66, 1층 (태전동)",경기도 광주시 태전동 268,12781,2019-06-11,영업/정상
경기,은혜약국,031-762-2230,"경기도 광주시 퇴촌면 광동로 49, 1층",경기도 광주시 퇴촌면 광동리 236-9,12711,2019-04-17,영업/정상
경기,광주온누리약국,031-761-2229,경기도 광주시 중앙로 110 (경안동),경기도 광주시 경안동 30-3,,2004-12-09,영업/정상
경기,태전 솔빛 약국,031-762-2398,"경기도 광주시 태봉로43번길 10, 상용프라자 109호 (태전동)",경기도 광주시 태전동 254-1 상용프라자,12784,2021-04-26,영업/정상
경기,메디프라자약국,031-765-3326,"경기도 광주시 태전동로 23, 메디프라자 101호 (태전동)",경기도 광주시 태전동 162-4 메디프라자,12787,2019-07-30,영업/정상
경기,누리독립약국,031-798-7048,"경기도 광주시 퇴촌면 천진암로 601, 1층 1호",경기도 광주시 퇴촌면 관음리 507-11,12713,2021-04-09,영업/정상
경기,새롬약국,031-763-3991,경기도 광주시 태봉로43번길 6 (태전동),,12784,2013-10-21,영업/정상
경기,사랑약국,031-769-7908,"경기도 광주시 양벌동 양벌로 208, 청우빌딩 1층",경기도 광주시 양벌동 375-9 청우빌딩,12795,2021-01-27,영업/정상
경기,백제약국,031-763-6846,경기도 광주시 초월읍 경충대로 1083,경기도 광주시 초월읍 쌍동리 260-15,12736,2017-07-21,영업/정상
경기,건강한우리약국,031-798-2888,"경기도 광주시 초월읍 산수로 568, A동 1층",경기도 광주시 초월읍 신월리 405-11,12729,2025-07-23,영업/정상
경기,광주프라자약국,031-762-5230,"경기도 광주시 파발로 147-1, 한부빌딩 (경안동)",경기도 광주시 경안동 98-6 한부빌딩,12755,2021-04-26,영업/정상
경기,우리들온누리약국,031-859-3339,"경기도 양주시 덕계로4길 4, 1층 10호 (덕계동)",경기도 양주시 덕계동 944-4,11461,2024-09-11,영업/정상
경기,자이 프라자 약국,031-842-0328,경기도 양주시 삼숭로38번길 80 (삼숭동),경기도 양주시 삼숭동 685-1,11487,2015-04-08,영업/정상
경기,백석사랑약국,031-877-1388,"경기도 양주시 백석읍 양주산성로 573, 1층 3호",경기도 양주시 백석읍 복지리 125,11512,2023-11-07,영업/정상
경기,옥정우리약국,070-5066-0083,"경기도 양주시 옥정서로 217, 1층 104호 (옥정동)",경기도 양주시 옥정동 878-6,11468,2026-09-02,영업/정상
경기,오산약국,031-829-0163,경기도 양주시 백석읍 권율로 1345-1,경기도 양주시 백석읍 오산리 635-16,11503,2023-06-15,영업/정상
경기,부곡프라자약국,070-8657-4412,"경기도 양주시 장흥면 가마골로 143, 1동",경기도 양주시 장흥면 부곡리 330-2,11521,2024-04-02,영업/정상
경기,선우약국,031-861-1996,경기도 양주시 회정로 101 (덕정동),경기도 양주시 덕정동 224,11451,2013-07-16,영업/정상
경기,알밤약국,031-857-8421,"경기도 양주시 회천남로 76, 한덕타워 115호 (옥정동)",경기도 양주시 옥정동 963-18 한덕타워 115호,11473,2019-02-15,영업/정상
경기,시네마약국,031-868-5897,"경기도 양주시 옥정로 200, 옥정 시네마엠디프라자 1층 5호 (옥정동)",경기도 양주시 옥정동 963-12 옥정 시네마엠디프라자,11473,2023-05-16,영업/정상
경기,태극약국,031-859-3441,"경기도 양주시 회정로 132 (덕정동, 파르코플라자 105호)",경기도 양주시 덕정동 208-5 파르코플라자 105호,11456,2012-07-03,영업/정상
경기,다모아약국,031-866-4450,"경기도 양주시 옥정로 196, 파스텔시티 1층 11호 (옥정동)",경기도 양주시 옥정동 963-13 파스텔시티,11473,2026-05-14,영업/정상
경기,우리약국,031-858-0064,"경기도 양주시 회정로 114, 금강프라자 (덕정동)",경기도 양주시 덕정동 208 금강프라자,11456,2019-05-14,영업/정상
경기,메가타운 약국 양주점,070-7788-2996,경기도 양주시 덕정길 145 (덕정동),경기도 양주시 덕정동 182-10,11450,2026-07-21,영업/정상
경기,다사랑동물약국,031-862-8575,경기도 양주시 평화로1489번길 19-11 (덕계동),경기도 양주시 덕계동 513-14,11440,2013-08-16,영업/정상
경기,라파약국,031-843-7575,"경기도 양주시 고읍남로 2, 해동월드타워 1층 8호 (광사동)",경기도 양주시 광사동 651 해동월드타워,11492,2023-02-03,영업/정상
경기,스마일약국,031-821-2481,"경기도 양주시 고읍남로 18, 가보프라자 (광사동)",경기도 양주시 광사동 654-4 가보프라자,11492,2019-09-25,영업/정상
경기,옥정미소약국,031-823-8852,"경기도 양주시 옥정동로4길 3, 이레프라자 105호 (옥정동)",경기도 양주시 옥정동 1085-1,11476,2019-10-25,영업/정상
경기,강남참약국,031-928-7308,"경기도 양주시 옥정로 226, 제일타워 1층 3호 (옥정동)",경기도 양주시 옥정동 963-3 제일타워 1동 3호,11473,2025-10-21,영업/정상
경기,큰종로 온누리 약국,031-879-7821,경기도 양주시 백석읍 양주산성로 540,경기도 양주시 백석읍 복지리 134-23,11510,2021-02-17,영업/정상
경기,국진약국,031-867-0511,경기도 양주시 남면 개나리17길 9,경기도 양주시 남면 신산리 292-1,11404,2019-06-11,영업/정상
경기,행복한 약국,031-858-7749,"경기도 양주시 회정로 134, 두리테크 덕정타운 111호 (덕정동)",경기도 양주시 덕정동 208-6 두리테크 덕정타운,11456,2019-06-03,영업/정상
경기,탄탄약국,031-864-0888,"경기도 양주시 회천중앙로 252, 회천센트럴타워 1층 6호 (덕계동)",경기도 양주시 덕계동 888-5 회천센트럴타워,11444,2025-06-18,영업/정상
경기,청춘약국,031-859-7575,경기도 양주시 화합로 1339 (덕정동),경기도 양주시 덕정동 350-133,11450,2023-09-25,영업/정상
경기,레몬약국,031-822-7742,"경기도 양주시 회천중앙로 248, 스타프라자 1층 8호 (덕계동)",경기도 양주시 덕계동 892 스타프라자,11444,2023-06-22,영업/정상
경기,은현 약국,031-867-8333,"경기도 양주시 은현면 은현로 63, 은현약국",경기도 양주시 은현면 선암리 475-11 은현약국,11427,2020-04-28,영업/정상
경기,옥정제일약국,031-861-8868,"경기도 양주시 회천남로 92, 센타프라자 1층 6호 (옥정동)",경기도 양주시 옥정동 963-14 센타프라자,11473,2025-12-30,영업/정상
경기,초록온누리약국,031-844-0051,경기도 양주시 고읍로 76 (광사동),경기도 양주시 광사동 651-2,11492,2013-07-17,영업/정상
경기,양주수약국,031-841-3351,"경기도 양주시 고읍남로 1 (광사동, 힘찬프라자)",경기도 양주시 광사동 655,11492,2017-09-15,영업/정상
경기,옥정약국,031-866-5136,경기도 양주시 옥정동로 274 (옥정동),경기도 양주시 옥정동 1032-1,11467,2018-07-11,영업/정상
경기,참사랑약국,031-821-5004,"경기도 양주시 고읍로 96, 그린프라자 1층 8호 (광사동)",경기도 양주시 광사동 655-1 그린프라자,11492,2024-06-17,영업/정상
경기,선교송우 온누리약국,031-542-1375,경기도 포천시 소흘읍 솔모루로 72,경기도 포천시 소흘읍 송우리 172-2,11174,2024-04-15,영업/정상
경기,메디팜종합약국,031-532-3700,경기도 포천시 구절초로 27 (신읍동),경기도 포천시 신읍동 38-3,11147,2025-11-07,영업/정상
경기,동한당약국,031-532-0020,경기도 포천시 중앙로 138 (신읍동),경기도 포천시 신읍동 193-1,11144,2016-05-18,영업/정상
경기,조한약국,031-535-2336,경기도 포천시 원앙로 48 (신읍동),경기도 포천시 신읍동 185-8,11144,2025-10-28,영업/정상
경기,용상약국,031-541-1355,"경기도 포천시 소흘읍 호국로 482, 용상빌딩",경기도 포천시 소흘읍 이동교리 79-4 용상빌딩,11184,2024-05-07,영업/정상
경기,엔젤약국,031-544-1469,"경기도 포천시 소흘읍 솔모루로 41, 1층 102호",경기도 포천시 소흘읍 송우리 149-6 102호,11178,2023-05-07,영업/정상
경기,의정부약국,031-535-8117,"경기도 포천시 구절초로 17, 1층 (신읍동)",경기도 포천시 신읍동 29-12,11147,2017-06-14,영업/정상
경기,민생약국,031-531-8275,경기도 포천시 포천로 1640-1 (신읍동),경기도 포천시 신읍동 236-6,11142,2024-05-24,영업/정상
경기,터미널약국,031-542-6272,"경기도 포천시 가산면 가산로 369, 103호",경기도 포천시 가산면 마산리 146-1,11164,2025-02-05,영업/정상
경기,해든엄마약국,031-535-8863,경기도 포천시 영북면 영북로 187-5,경기도 포천시 영북면 운천리 507-17,11106,2020-05-06,영업/정상
경기,송우늘푸른약국,070-4192-1990,"경기도 포천시 소흘읍 봉솔로5길 27, 1층",경기도 포천시 소흘읍 송우리 163-3 1층,11178,2014-09-16,영업/정상
경기,서울약국,031-532-2466,경기도 포천시 내촌면 내촌로 60,경기도 포천시 내촌면 내리 389-6,11189,2026-01-14,영업/정상
경기,송우태평양약국,031-543-8053,경기도 포천시 소흘읍 솔모루로 98-8,경기도 포천시 소흘읍 송우리 107-21,11174,2022-07-14,영업/정상
경기,마트온누리약국,031-886-0816,"경기도 여주시 세종로 151, 2층 (홍문동, 여주 이마트)",,12633,2017-06-26,영업/정상
경기,가남프라자약국,031-881-3573,경기도 여주시 가남읍 태평로 46,경기도 여주시 가남읍 태평리 174-4,12662,2021-07-16,영업/정상
경기,이포보약국,031-883-3005,"경기도 여주시 대신면 여양로 2004, 1층",경기도 여주시 대신면 천서리 644-2,12608,2025-10-01,영업/정상
경기,세계로약국,031-886-6007,경기도 여주시 여흥로109번길 15 (창동),,12622,2017-04-12,영업/정상
경기,보룡약국,031-886-5147,"경기도 여주시 세종로 77, 1층 (홍문동)",경기도 여주시 홍문동 269-3,12631,2018-03-27,영업/정상
경기,신세계약국,031-881-5335,경기도 여주시 가남읍 태평로 23-2,경기도 여주시 가남읍 태평리 141-63,12662,2022-09-22,영업/정상
경기,금사참약국,031-883-9469,경기도 여주시 금사면 이포로 28,,12604,2017-06-23,영업/정상
경기,여주 태평양 약국,031-886-6003,경기도 여주시 우암로 16 (하동),경기도 여주시 하동 250-4,12623,2018-08-27,영업/정상
경기,여주동물약국,031-886-7561,경기도 여주시 상동 여흥로160번길 8,경기도 여주시 상동 291-9,12628,2013-09-06,영업/정상
경기,신세계약국,031-881-5335,경기도 여주시 가남읍 태평로 23-2,,12662,2017-04-12,영업/정상
경기,세계로약국,031-886-6007,경기도 여주시 여흥로109번길 15 (창동),경기도 여주시 창동 50-4,12622,2024-12-18,영업/정상
