권역,펫샵명,전화번호,도로명주소,지번주소,우편번호,인허가일자,영업상태
서울,요기독 강아지분양 고양이분양 서울본점,,"서울특별시 종로구 지봉로 **, ***호 (창신동, 브라운스톤 창신)",서울특별시 종로구 창신동 **-** 브라운스톤 창신 ***호,03095,2019-01-06,영업/정상
서울,가든조류원,,"서울특별시 종로구 청계천로 ***, D동 *층 **호 (창신동)",,03120,2016-08-24,영업/정상
서울,형제조류,,"서울특별시 종로구 청계천로 ***, D동 *층 **호 (창신동)",,03120,2016-08-24,영업/정상
서울,미화조류,,"서울특별시 종로구 청계천로 ***, D동 *층 **호 (창신동)",,03120,2016-08-24,영업/정상
서울,삼성조류,02-763-1103,"서울특별시 종로구 청계천로 ***, D동 *층 **호 (창신동)",,03120,2016-08-24,영업/정상
서울,Amimong(아미몽),,"서울특별시 중구 왕십리로 ***, **층 ****호 (신당동)",서울특별시 중구 신당동 ***,04580,2023-11-21,영업/정상
서울,뉴욕애견,2264-9032,서울특별시 중구 퇴계로 *** (충무로*가),서울특별시 중구 충무로*가,04558,2008-10-31,영업/정상
서울,펫하우스,02-2274-1259,서울특별시 중구 퇴계로 *** (충무로*가),서울특별시 중구 충무로*가 ***,04558,2012-01-05,영업/정상
서울,롯데마트 서울역점,02-2601-7064,서울특별시 중구 청파로 *** (봉래동*가),서울특별시 중구 봉래동*가 ***,,2012-09-04,영업/정상
서울,유한회사 한국동물보육연합회,,"서울특별시 중구 동호로*길 **, ***호 (신당동)",서울특별시 중구 신당동 ***-***,04596,2018-02-28,영업/정상
서울,해피애견타운 강아지고양이 서울충무로점,,"서울특별시 중구 퇴계로 ***, B**호 (묵정동)",서울특별시 중구 묵정동 **-*,04619,2023-04-06,영업/정상
서울,해피캣타운 고양이강아지 서울충무로점,,"서울특별시 중구 퇴계로 ***, B**호 (묵정동)",서울특별시 중구 묵정동 **-*,04619,2023-05-15,영업/정상
서울,라온동물병원,,"서울특별시 용산구 회나무로 *, *층 (이태원동)",서울특별시 용산구 이태원동 ***,04343,2009-05-18,영업/정상
서울,펫토이동물병원,,서울특별시 용산구 대사관로 ** (한남동),서울특별시 용산구 한남동 ***-**,,2010-11-25,영업/정상
서울,그린프레밀리,,"서울특별시 용산구 한강대로**길 **, 지하*층 (한강로*가)",서울특별시 용산구 한강로*가 **-*** 지하*층,04377,2014-06-17,영업/정상
서울,서울 강아지 분양 고양이 분양 도그마루,,"서울특별시 용산구 서빙고로 **, ****호 (한강로*가)",서울특별시 용산구 한강로*가 **,04387,2022-11-04,영업/정상
서울,퍼피블리,,"서울특별시 성동구 무학로 **, B***호 (하왕십리동, 텐즈힐)",서울특별시 성동구 하왕십리동 **** 텐즈힐,04702,2026-04-07,영업/정상
서울,서울고양이분양 강아지분양 모아펫 왕십리점,,"서울특별시 성동구 마조로 **, *층 (마장동)",서울특별시 성동구 마장동 ***-*,04758,2026-02-12,영업/정상
서울,왕십리조은동물병원,2297-0075,서울특별시 성동구 왕십리로 *** (하왕십리동),서울특별시 성동구 하왕십리동 ***-*,04710,2014-04-17,영업/정상
서울,미니펫 강아지분양 고양이분양 성수점,02-466-9584,서울특별시 성동구 성덕정길 **-* (성수동*가),서울특별시 성동구 성수동*가 ***-**,04775,2014-07-11,영업/정상
서울,고양이분양 전문 달루나캣츠,02-2299-0014,서울특별시 성동구 왕십리로 *** (도선동),서울특별시 성동구 도선동 ***,04707,2014-08-28,영업/정상
서울,도그컴퍼니,,"서울특별시 성동구 아차산로*길 **-*, *층 (성수동*가, 은하여관)",서울특별시 성동구 성수동*가 ***-***,04795,2016-06-01,영업/정상
서울,도그마루(왕십리점),,"서울특별시 성동구 마장로 ***, ***동 *층 ****호 (상왕십리동, 텐즈힐)",서울특별시 성동구 상왕십리동 *** 텐즈힐몰(***동) ****호,04700,2016-12-15,영업/정상
서울,펫츠온더포인트,,"서울특별시 성동구 서울숲*길 **-*, *층 (성수동*가)",서울특별시 성동구 성수동*가 ***-**,04768,2019-08-08,영업/정상
서울,나비캣,,"서울특별시 성동구 금호로 ***, *층 (금호동*가)",서울특별시 성동구 금호동*가 *** *층,04721,2020-04-28,영업/정상
서울,펫살롱,,"서울특별시 성동구 마장로 ***, ***동 *층 ****호 (상왕십리동, 텐즈힐)",서울특별시 성동구 상왕십리동 *** 텐즈힐상가 ****호,04700,2022-08-24,영업/정상
서울,아띠몽,,"서울특별시 성동구 왕십리로 ***, L동 b***호 (하왕십리동, 센트라스)",서울특별시 성동구 하왕십리동 **** 센트라스 L동 b***호,04701,2024-01-11,영업/정상
서울,길고양이마을 성수협력2호점,,"서울특별시 성동구 아차산로 **, 현진빌딩 *층 (성수동*가)",서울특별시 성동구 성수동*가 ***-** 현진빌딩,04794,2025-09-09,영업/정상
서울,코코애견,2246-8712,"서울특별시 성동구 용답중앙**길 ** (용답동,(*층))",서울특별시 성동구 용답동 **-* (*층),,2011-02-17,영업/정상
서울,(주) 밀레펫 왕십리점,2200-1234,"서울특별시 성동구 왕십리광장로 **, *층 (행당동)",서울특별시 성동구 행당동 ***-***,04750,2013-05-20,영업/정상
서울,반값애견,,"서울특별시 성동구 장터길 **, *층 (금호동*가)",서울특별시 성동구 금호동*가 **** *층,04725,2014-03-19,영업/정상
서울,블리독 서울점 고양이 강아지분양 말티푸 비숑 포메라니안,,서울특별시 광진구 자양로 *** (구의동),서울특별시 광진구 구의동 **-**,04992,2008-06-30,영업/정상
서울,(주)밀레펫 자양점,,"서울특별시 광진구 아차산로 *** (자양동, 지하*층 더샵스타시티)",서울특별시 광진구 자양동,05065,2011-10-20,영업/정상
서울,하이바이 분양소,02-453-7338,"서울특별시 광진구 자양로 ***, *층 (구의동)",서울특별시 광진구 구의동 ***-**,05038,2014-09-15,영업/정상
서울,주식회사 컴투펫,,"서울특별시 광진구 자양로 **, 지하, *, *층 (자양동)",서울특별시 광진구 자양동 ***-**,05052,2015-01-23,영업/정상
서울,베베미뇽,,"서울특별시 광진구 능동로**길 **, *층 (중곡동)",서울특별시 광진구 중곡동 **-**,04933,2017-05-11,영업/정상
서울,강아지분양 애견분양 꽃강아지 광진점,,"서울특별시 광진구 용마산로 **, 재영빌딩 *층 (중곡동)",서울특별시 광진구 중곡동 ***-* 재영빌딩,04931,2021-05-24,영업/정상
서울,강아지분양 입양 골든티스비숑전문켄넬 미니비숑 비숑프리제,,"서울특별시 광진구 아차산로**길 *, B***호 (광장동, 유진스웰)",서울특별시 광진구 광장동 *** 유진스웰 B***호,04969,2022-07-22,영업/정상
서울,고양이 행복 쉼터,,"서울특별시 광진구 긴고랑로*길 **, *층 (중곡동)",서울특별시 광진구 중곡동 ***-** *층,04907,2024-10-11,영업/정상
서울,원두볶는 고양이,,서울특별시 동대문구 천호대로**길 * (장안동),서울특별시 동대문구 장안동 ***-**,02636,2017-06-15,영업/정상
서울,TEDDY DOG,,"서울특별시 동대문구 장한로*길 **, *층 (장안동)",서울특별시 동대문구 장안동 ***-**,02630,2019-05-15,영업/정상
서울,보니또따,,"서울특별시 동대문구 답십리로 ***, *층 (답십리동)",서울특별시 동대문구 답십리동 ***-**,02596,2020-12-10,영업/정상
서울,블리독(동대문장안점),,"서울특별시 동대문구 한천로 **, 화성빌딩 *층 (장안동)",서울특별시 동대문구 장안동 ***-** 화성빌딩,02631,2021-11-17,영업/정상
서울,아미몽,,"서울특별시 동대문구 청계천로 ***(신설동, 청계천 대성 스카이렉스*)",서울특별시 동대문구 신설동 ***-** 청계천 대성 스카이렉스*,02586,2022-03-14,영업/정상
서울,미니 & 바니 애견샵,02-3394-5705,"서울특별시 동대문구 장한로 **, 장안현대벤처빌 *층 ***호 (장안동)",서울특별시 동대문구 장안동 ***-* 장안현대벤처빌,02625,2013-02-26,영업/정상
서울,한스강아지방,02-2244-6262,서울특별시 동대문구 망우로**가길 ** (휘경동),,02496,2016-10-17,영업/정상
서울,몽스토리,,"서울특별시 중랑구 망우로**길 **, 신성슈퍼 (망우동)",서울특별시 중랑구 망우동 ***-** 신성슈퍼,02165,2019-03-11,영업/정상
서울,오아이펫,,"서울특별시 중랑구 망우로 ***-*, 리더스웨딩 *층 (중화동)",서울특별시 중랑구 중화동 ***-* 리더스웨딩,02116,2021-04-20,영업/정상
서울,강아지분양 꽃강아지 중랑점,,"서울특별시 중랑구 동일로***길 **, 주마빌딩 (묵동)",서울특별시 중랑구 묵동 ***-** 주마빌딩,02008,2022-05-06,영업/정상
서울,강아지분양 애견분양 퍼피플라워 중랑점,,"서울특별시 중랑구 중랑천로**길 **, ***호 (중화동, 더샤이닝)",서울특별시 중랑구 중화동 ***-** 더샤이닝,02116,2024-09-06,영업/정상
서울,강아지분양 애견분양 퍼피플라워 중랑점,,"서울특별시 중랑구 중랑천로**길 **, *층 (중화동, 더샤이닝)",서울특별시 중랑구 중화동 ***-** 더샤이닝,02116,2024-11-29,영업/정상
서울,코타강쥐,,서울특별시 중랑구 겸재로**길 ** (면목동),서울특별시 중랑구 면목동 ***-**,,2008-11-06,영업/정상
서울,큐티펫,,서울특별시 중랑구 동일로***길 ** (면목동),서울특별시 중랑구 면목동 ***-***,,2009-12-10,영업/정상
서울,펫시랑 상봉점,02-496-7649,"서울특별시 중랑구 망우로 ***, B*층 (상봉동, 홈플러스)",서울특별시 중랑구 상봉동 *** B*층 홈플러스,02087,2013-11-19,영업/정상
서울,숲속동물병원,,서울특별시 중랑구 겸재로 *** (면목동),서울특별시 중랑구 면목동 ***-*,02162,2018-07-09,영업/정상
서울,PUPPY MUM,,"서울특별시 성북구 월계로**길 *, 센트럴타운 ***-*,***-*호 (장위동)",서울특별시 성북구 장위동 ***-* 센트럴타운,02759,2026-05-21,영업/정상
서울,앙팡애견백화점,,서울특별시 성북구 장위로 *** (장위동),서울특별시 성북구 장위동 ***-***,02756,2008-03-12,영업/정상
서울,아름애견,,서울특별시 성북구 동소문로 ***-* (길음동),서울특별시 성북구 길음동 ***-**,02730,2008-07-10,영업/정상
서울,(주)그린프레밀리,02-944-1050,"서울특별시 성북구 도봉로 ** (길음동, 이마트미아점)",서울특별시 성북구 길음동 **-* 이마트미아점,02728,2012-08-10,영업/정상
서울,러블리펫,02-909-2082,서울특별시 성북구 종암로**길 **-* (하월곡동),서울특별시 성북구 하월곡동 **-**,02739,2016-04-21,영업/정상
서울,호펫 강아지 고양이 성신여대본점,,"서울특별시 성북구 동소문로**다길 **, 동선*동새마을금고 *층 (동선동*가)",서울특별시 성북구 동선동*가 *** 동선*동새마을금고,02845,2019-04-15,영업/정상
서울,햄포유,,"서울특별시 성북구 한천로**길 **, 지*층 (석관동)",서울특별시 성북구 석관동 ***-**,02784,2023-12-21,영업/정상
서울,러브펫 멀티펫샵 수유역점,02-908-5554,서울특별시 강북구 한천로 **** (번동),서울특별시 강북구 번동 ***-**,01064,2014-05-09,영업/정상
서울,팁하우스,,서울특별시 강북구 솔샘로 *** (미아동),서울특별시 강북구 미아동 ***-*,01178,2015-04-20,영업/정상
서울,기다려빵아,,"서울특별시 강북구 솔샘로 ***, *층 (미아동)",서울특별시 강북구 미아동 ***-***,01201,2016-07-25,영업/정상
서울,멍가네,,"서울특별시 강북구 오패산로**길 **, *층 ***호 (미아동, 경남빌라)",서울특별시 강북구 미아동 *-** 경남빌라,01234,2016-09-06,영업/정상
서울,삼호동물판매소,,"서울특별시 강북구 도봉로 ***, 지층 **호 (수유동, 삼호아파트,수유프라자)",서울특별시 강북구 수유동 **-**,01114,2017-09-05,영업/정상
서울,주토피아(zutopia),,"서울특별시 강북구 노해로 ***, 윤성약국 *층 (수유동)",서울특별시 강북구 수유동 ***-** 윤성약국,01049,2019-02-21,영업/정상
서울,멍스펫,02-983-3866,"서울특별시 강북구 솔샘로**길 ***, *층 (미아동)",서울특별시 강북구 미아동 ***-*,01175,2019-05-16,영업/정상
서울,블리독수유점 고양이강아지분양 말티푸 미니비숑 포메라니안,,"서울특별시 강북구 도봉로 ***, 테마빌딩 *층 (번동)",서울특별시 강북구 번동 ***-* 테마빌딩,01056,2019-05-27,영업/정상
서울,뵤펫,,"서울특별시 강북구 삼양로 ***-*, ***호 (수유동, 마루스위트**)",서울특별시 강북구 수유동 ***-** 마루스위트** ***호,01044,2024-10-02,영업/정상
서울,멍냥스타 강아지분양 고양이분양,,"서울특별시 강북구 도봉로 ***, 태일빌딩 *층 ***호 (수유동)",서울특별시 강북구 수유동 ***-** 태일빌딩 *층 ***호,01055,2025-09-01,영업/정상
서울,쥬니버스 스토어,,"서울특별시 강북구 삼양로 ***, *층 (수유동)",서울특별시 강북구 수유동 ***-** *층,01033,2025-12-05,영업/정상
서울,솔직하개 정직하개 SOLJICDOG,,"서울특별시 도봉구 방학로 ***, *,*층 (방학동)",서울특별시 도봉구 방학동 ***-*,01343,2016-06-13,영업/정상
서울,(주)코스모이펙트,,"서울특별시 도봉구 노해로**길 *, 비*층 *-***호 (창동)",서울특별시 도봉구 창동 * 비*층 *-***호,01414,2019-06-28,영업/정상
서울,에스(S)펫,,"서울특별시 도봉구 도봉로 ***, *층 *호 (도봉동)",서울특별시 도봉구 도봉동 ***-**,01309,2019-12-02,영업/정상
서울,사랑해줄개,,"서울특별시 도봉구 도봉로 ***, *층 (도봉동)",서울특별시 도봉구 도봉동 ***-*,01307,2020-02-05,영업/정상
서울,도그얌,,서울특별시 도봉구 도당로 ***(방학동),서울특별시 도봉구 방학동 ***-**,01353,2021-06-11,영업/정상
서울,스윗퍼피(sweet puppy),,"서울특별시 도봉구 마들로 ***-**, 방학동메인프라자 *층 ***호 (방학동)",서울특별시 도봉구 방학동 ***-* 방학동메인프라자 ***호,01332,2021-12-16,영업/정상
서울,팝콘독,,"서울특별시 도봉구 도당로 ***, B동 *층 ***호 (방학동, 대원제니스빌)",서울특별시 도봉구 방학동 ***-* 대원제니스빌 B동 ***호,01351,2025-05-21,영업/정상
서울,서울 강아지 고양이 분양 플러팅펫,,"서울특별시 도봉구 해등로 ***, *층 (쌍문동)",서울특별시 도봉구 쌍문동 ***,01395,2025-09-29,영업/정상
서울,잇다펫 강아지분양 고양이분양 노원점,02-515-9996,"서울특별시 노원구 한글비석로**길 *, *층 (상계동)",서울특별시 노원구 상계동 ***-***,01655,2026-04-07,영업/정상
서울,웰리스 스퀘어,,"서울특별시 노원구 섬밭로 ***, 건영옴니백화점 ***호 (중계동)",서울특별시 노원구 중계동 ***-* 건영옴니백화점,01779,2009-04-20,영업/정상
서울,경기관상어,2092-2056,"서울특별시 노원구 노원로 ***, 롯데마트 *층 (중계동)",서울특별시 노원구 중계동 *** 롯데마트 *층,01746,2015-01-08,영업/정상
서울,내품멍냥 노원 강아지분양 고양이분양,02-937-5501,"서울특별시 노원구 노원로 ***, 가동 *층 (상계동)",서울특별시 노원구 상계동 ***,01691,2015-10-23,영업/정상
서울,개냥이네 노원본점,070-4193-0080,"서울특별시 노원구 상계로*길 *, *층 (상계동)",서울특별시 노원구 상계동 ***-*,01692,2019-06-04,영업/정상
서울,아담스펫강아지&가필드고양이,,"서울특별시 노원구 상계로 **, 노원위너스빌딩 *층 ***호 (상계동)",서울특별시 노원구 상계동 ***-* 노원위너스빌딩,01691,2019-06-13,영업/정상
서울,노원 강아지분양 고양이분양 도그마루,,"서울특별시 노원구 동일로 ****, 명석빌딩 ***호 (상계동)",서울특별시 노원구 상계동 ***-* 명석빌딩 ***호,01756,2019-12-03,영업/정상
서울,밀레펫,02-2092-1052,"서울특별시 노원구 마들로*길 **, 월계이마트 *층 (월계동)",서울특별시 노원구 월계동 ***-* 월계이마트 *층,01906,2020-11-23,영업/정상
서울,띠아몽,,"서울특별시 노원구 동일로 ****, *층 (공릉동)",서울특별시 노원구 공릉동 ***-** *층,01845,2021-01-26,영업/정상
서울,골드퍼피동물병원 공릉점,02-971-5955,"서울특별시 노원구 동일로 ****, *층, *층 (공릉동)",서울특별시 노원구 공릉동 ***-*,01848,2021-08-02,영업/정상
서울,플러피하우스(강아지미용&강아지분양),,"서울특별시 노원구 상계로 **, 노원위너스빌딩 ***호 (상계동)",서울특별시 노원구 상계동 ***-* 노원위너스빌딩,01691,2024-02-07,영업/정상
서울,골든햄스터 분양 달빛햄스터리,,"서울특별시 노원구 동일로***길 **, *층 (공릉동)",서울특별시 노원구 공릉동 ***-**,01845,2024-02-15,영업/정상
서울,꽁냥꽁냥,,"서울특별시 노원구 동일로 ****, *층 (공릉동)",서울특별시 노원구 공릉동 ***-**,01844,2025-01-23,영업/정상
서울,애견미용분양샵,,"서울특별시 은평구 불광로 ***, *층 (불광동)",서울특별시 은평구 불광동 **-**,03363,2011-08-01,영업/정상
서울,로얄수족관(본사: 2690-7311),02-380-1054,"서울특별시 은평구 은평로 ***, *층 (응암동)",서울특별시 은평구 응암동 **-* *층,03461,2012-08-23,영업/정상
서울,디지탈디자인(INTERZOO),02-308-8494,"서울특별시 은평구 수색로 ***-*, ***호 (수색동)",서울특별시 은평구 수색동 **-** ***호,03505,2014-07-04,영업/정상
서울,메르시몽프레 포메분양&애견카페,,서울특별시 은평구 통일로 *** (불광동),서울특별시 은평구 불광동 ***-***,03344,2017-02-07,영업/정상
서울,롯데쇼핑토이저러스은평점,,"서울특별시 은평구 통일로 ****, 롯데몰 은평점 (진관동)",서울특별시 은평구 진관동 ** 롯데몰 은평점,03306,2017-05-08,영업/정상
서울,은평애견,02-359-0456,"서울특별시 은평구 연서로 **, ***호 (역촌동)",서울특별시 은평구 역촌동 **-**,03406,2017-06-12,영업/정상
서울,아름다운 애견,,"서울특별시 은평구 가좌로*길 **-*, 지하층 (응암동)",서울특별시 은평구 응암동 ***-**,03482,2019-07-31,영업/정상
서울,앙쥬펫 강아지분양 은평구점,,"서울특별시 은평구 진관*로 **, *층 ***호 (진관동, 은평뉴타운 꿈에그린)",서울특별시 은평구 진관동 ** 은평뉴타운 꿈에그린 ***호,03301,2023-09-12,영업/정상
서울,Marilovelle,,서울특별시 은평구 통일로**길 **-* (녹번동),서울특별시 은평구 녹번동 *-*,03370,2024-03-07,영업/정상
서울,오즈캣 DMC점 마포은평 가정묘분양전문,,"서울특별시 은평구 은평터널로 **, ***호 (수색동, DMC아트포레자이)",서울특별시 은평구 수색동 *** DMC아트포레자이 상가동 ***호,03490,2024-12-19,영업/정상
서울,놀면 묘하냥 은평점,,"서울특별시 은평구 통일로 ***-*, B**호 (녹번동, 삼우에이스빌)",서울특별시 은평구 녹번동 **-** 삼우에이스빌 B**호,03382,2025-06-13,영업/정상
서울,도그바이러스,,서울특별시 서대문구 성산로 *** (연희동),서울특별시 서대문구 연희동,03707,2010-11-15,영업/정상
서울,WALWAL(왈왈),,서울특별시 서대문구 연희로 ** (창천동),서울특별시 서대문구 창천동 ***,03784,2015-04-16,영업/정상
서울,독특,,"서울특별시 서대문구 연희맛로 *, *층 (연희동)",서울특별시 서대문구 연희동 ***-**,03707,2015-07-20,영업/정상
서울,예일,02-303-2066,서울특별시 서대문구 거북골로 ** (홍은동),서울특별시 서대문구 홍은동 ***-**,03662,2017-11-16,영업/정상
서울,몽냥몽냥,02-332-7660,"서울특별시 서대문구 신촌로 **, *층 (창천동)",서울특별시 서대문구 창천동 ***-**,03785,2019-08-01,영업/정상
서울,고양이분양 온리캣,,"서울특별시 서대문구 연희로**길 **, *층 (연희동)",서울특별시 서대문구 연희동 **-*,03723,2020-12-04,영업/정상
서울,바오펫살롱,,"서울특별시 서대문구 연희로 ***, 대림아파트 상가동 ***호 (연희동)",서울특별시 서대문구 연희동 ***,03719,2021-04-06,영업/정상
서울,디캣,,"서울특별시 서대문구 연세로*나길 **, *층 (창천동)",서울특별시 서대문구 창천동 **-**,03789,2021-11-29,영업/정상
서울,비쇼네 이대점,02-363-1781,"서울특별시 서대문구 이화여대길 **, *층 (대현동)",서울특별시 서대문구 대현동 ***-**,03765,2024-11-25,영업/정상
서울,가온펫(안심분양센터),,"서울특별시 서대문구 통일로 ***-*, *층 내제나호 (홍제동)",서울특별시 서대문구 홍제동 ***-*,03632,2025-01-13,영업/정상
서울,미오미오 고양이분양,,"서울특별시 서대문구 연희로 **, 일광빌딩 *층 (창천동)",서울특별시 서대문구 창천동 *** 일광빌딩,03784,2025-06-09,영업/정상
서울,K-PET-S,,"서울특별시 마포구 동교로**길 **, *층 *호 (서교동)",서울특별시 마포구 서교동 ***-*,04031,2026-05-07,영업/정상
서울,서울준동물병원,02-6954-7522,"서울특별시 마포구 대흥로**길 **, 상가 B층 ***호 (염리동, 마포프레스티지자이)",서울특별시 마포구 염리동 *** 마포프레스티지자이,04124,2023-04-07,영업/정상
서울,이마트공덕점 그린프레밀리,,"서울특별시 마포구 백범로 ***(신공덕동, 대우 월드마크마포)",서울특별시 마포구 신공덕동 *** 대우 월드마크마포,04196,2014-05-08,영업/정상
서울,슈가네,02-6396-8234,서울특별시 마포구 연남로 ** (연남동),서울특별시 마포구 연남동 ***-**,03977,2016-05-03,영업/정상
서울,서진 동물병원,02-336-3929,서울특별시 마포구 신촌로**길 **(노고산동),서울특별시 마포구 노고산동 **-*,04057,2018-01-17,영업/정상
서울,(주)상상유니버스,070-7719-0028,"서울특별시 마포구 동교로**길 **, *층 (동교동)",서울특별시 마포구 동교동 ***-*,03992,2018-12-06,영업/정상
서울,마포고양이도레미캣,,"서울특별시 마포구 신촌로**길 *, *층 (노고산동)",서울특별시 마포구 노고산동 **-*,04101,2020-07-21,영업/정상
서울,바나개 강아지 고양이 마포점,,"서울특별시 마포구 신촌로 ***-*, *층 (아현동)",서울특별시 마포구 아현동 ***-*,04114,2021-03-10,영업/정상
서울,내 품 안의 반려견 마포점,,"서울특별시 마포구 월드컵로 ***, ***호 (성산동)",서울특별시 마포구 성산동 ***-**,03970,2022-06-28,영업/정상
서울,고양이분양만 11년 네발하우스 마포점,,"서울특별시 마포구 양화로**길 **, *층 (동교동)",서울특별시 마포구 동교동 ***-*,03985,2023-03-07,영업/정상
서울,(주)그린아쿠아펫 홈플러스 월드컵점,,"서울특별시 마포구 월드컵로 ***, 월드컵주경기장 (성산동)",서울특별시 마포구 성산동 *** 월드컵주경기장,03932,2012-08-24,영업/정상
서울,서울강아지분양 고양이분양 독스캣,,"서울특별시 마포구 신촌로 ***, *층 (염리동)",서울특별시 마포구 염리동 *-**,04113,2026-08-31,영업/정상
서울,주식회사 테이블에이 고양이카페,,"서울특별시 마포구 와우산로 ***, *층 (창전동)",서울특별시 마포구 창전동 *-**,04059,2023-07-31,영업/정상
서울,행복한세상,070-7719-0029,"서울특별시 마포구 동교로**길 **, *층 (동교동)",서울특별시 마포구 동교동 ***-*,03992,2024-07-15,영업/정상
서울,인생브릿지,,"서울특별시 마포구 독막로**길 **, ***동 상가b***-***호 (신수동, 밤섬경남아너스빌)",서울특별시 마포구 신수동 *** 밤섬경남아너스빌 ***동 상가호,04089,2025-08-31,영업/정상
서울,두들다움,,"서울특별시 마포구 토정로**길 **, *층 (상수동)",서울특별시 마포구 상수동 ***-*,04075,2025-12-15,영업/정상
서울,고양이분양 전문 달루나캣츠 마포점,,"서울특별시 마포구 서강로 **, *층 (창전동)",서울특별시 마포구 창전동 **-*,04065,2023-03-11,영업/정상
서울,서울먼치킨분양 프리미엄먼치킨 본점,,"서울특별시 마포구 양화로*길 **, *층 (합정동)",서울특별시 마포구 합정동 ***-**,04047,2026-04-30,영업/정상
서울,펫루나안심분양센터 강아지분양 고양이분양 목동점,,"서울특별시 양천구 목동로**길 *, *층 (신정동)",서울특별시 양천구 신정동 ***-** *층,07938,2013-09-24,영업/정상
서울,고양이분양 루시캣,,"서울특별시 양천구 중앙로 ***, *층 (신정동)",서울특별시 양천구 신정동 ****-**,08091,2017-05-08,영업/정상
서울,냥플레이스,,서울특별시 양천구 목동중앙남로*길 * (목동),서울특별시 양천구 목동 ***-*,07963,2019-11-27,영업/정상
서울,목동 요미독앤캣 강아지분양 고양이분양,02-6397-1566,"서울특별시 양천구 신월로 ***, *층 (신정동)",서울특별시 양천구 신정동 ****-*,08082,2020-06-12,영업/정상
서울,달냥이,,"서울특별시 양천구 오목로**길 *, *층 (신월동)",서울특별시 양천구 신월동 ***-*,07935,2022-02-14,영업/정상
서울,목동강아지분양 고양이분양 도그마루,,"서울특별시 양천구 오목로 ***, 목동 슬로우스퀘어 *층 ***호 (목동)",서울특별시 양천구 목동 ***-** 목동 슬로우스퀘어,07999,2022-10-13,영업/정상
서울,우신펫샵,02-2699-9295,"서울특별시 양천구 중앙로 ***, *층 (신월동)",서울특별시 양천구 신월동 ***-**,08028,2025-02-14,영업/정상
서울,미오즈 고양이분양 목동점,,"서울특별시 양천구 신목로 **, 엘도라도빌딩 *층 *호 (신정동)",서울특별시 양천구 신정동 ***-* 엘도라도빌딩,08015,2025-08-25,영업/정상
서울,우주펫,,"서울특별시 양천구 등촌로 ***, *층 (목동)",서울특별시 양천구 목동 ***-*,07951,2025-12-03,영업/정상
서울,베어독 강아지분양,,"서울특별시 양천구 목동중앙북로*라길 **, *층 ***호 (목동)",서울특별시 양천구 목동 ***-*,07951,2026-04-13,영업/정상
서울,펫엔글라이더 서울목동신월점,,"서울특별시 양천구 신월로 ***, 승일뷰티타워* ***호 (신월동)",서울특별시 양천구 신월동 ***-* 승일뷰티타워*,08064,2026-06-05,영업/정상
서울,펫모아 강아지 고양이 분양,,"서울특별시 양천구 목동로**길 **, *층 (신정동)",서울특별시 양천구 신정동 ***-**,07937,2026-06-04,영업/정상
서울,더왈츠앤조이피아 강서점,,"서울특별시 양천구 가로공원로 ***, 신협빌딩 *층 (신월동)",서울특별시 양천구 신월동 **-* 신협빌딩,07905,2026-09-01,영업/정상
서울,밀레펫(이마트 목동점),031-485-5820,"서울특별시 양천구 오목로 *** (목동,목동트라팰리스 지하 *층)",서울특별시 양천구 목동 *** 목동트라팰리스 지하 *층,,2012-08-22,영업/정상
서울,박지은펫살롱,,"서울특별시 강서구 등촌로 ***, ***-*호 (등촌동)",서울특별시 강서구 등촌동 ***-*,07665,2026-02-11,영업/정상
서울,아프리카펫센터,02-3665-7579,"서울특별시 강서구 공항대로 *** (등촌동, 경왕빌딩)",서울특별시 강서구 등촌동,07590,2011-08-30,영업/정상
서울,(주)그린아쿠아펫,02-2660-8000,"서울특별시 강서구 화곡로 ***, 홈플러스강서점앤본사사옥 *층 (등촌동)",서울특별시 강서구 등촌동 ***-** 홈플러스강서점앤본사사옥,07567,2012-08-17,영업/정상
서울,강동수족관(롯데마트 김포공항점),02-2601-7064,"서울특별시 강서구 하늘길 ** (방화동, 스카이시티)",서울특별시 강서구 방화동,07505,2012-09-04,영업/정상
서울,도그플러스 동물병원,02-3662-3533,"서울특별시 강서구 화곡로 *** (등촌동, 삼성홈플러스강서점)",서울특별시 강서구 등촌동,07567,2014-10-15,영업/정상
서울,퍼피앤허니,,서울특별시 강서구 화곡로 *** (화곡동),서울특별시 강서구 화곡동 **-*,07690,2016-03-17,영업/정상
서울,퍼피대디,,"서울특별시 강서구 금낭화로 **, *층 (방화동)",서울특별시 강서구 방화동 ***-**,07607,2019-02-13,영업/정상
서울,놀러오개,070-4062-0707,서울특별시 강서구 까치산로 ** (화곡동),서울특별시 강서구 화곡동 **-***,07721,2019-03-06,영업/정상
서울,위자드 웹,,"서울특별시 강서구 양천로 ***, 그레이스힐 지하*층 ***-**호 (등촌동)",서울특별시 강서구 등촌동 *** 그레이스힐,07575,2019-06-20,영업/정상
서울,빙글독,,"서울특별시 강서구 강서로**다길 **, *층 (내발산동, 해피하우스)",서울특별시 강서구 내발산동 ***-** 해피하우스,07638,2019-11-26,영업/정상
서울,내 품안의 반려견(강서점),,"서울특별시 강서구 강서로 ***, 경동엠파이어시티 ***동 ***호 (화곡동)",서울특별시 강서구 화곡동 ****-* 경동엠파이어시티,07714,2019-12-16,영업/정상
서울,이펫,,"서울특별시 강서구 강서로 ***, 마곡오드카운티*차 (마곡동)",서울특별시 강서구 마곡동 ***-* 마곡오드카운티*차,07792,2020-01-09,영업/정상
서울,낭만고양이(강서점),,"서울특별시 강서구 마곡중앙*로 **, 이너매스마곡* ***호 (마곡동)",서울특별시 강서구 마곡동 ***-** 이너매스마곡* ***호,07806,2020-03-05,영업/정상
서울,버디독 강아지분양 고양이분양 안심분양센터 서울 강서점,,"서울특별시 강서구 강서로 ***, 성원빌딩 *층 ***호 (화곡동)",서울특별시 강서구 화곡동 **** 성원빌딩,07698,2020-09-14,영업/정상
서울,스타멍스,,"서울특별시 강서구 강서로 ***-**, 지층 **호 (내발산동, 제이에스아이디움)",서울특별시 강서구 내발산동 ***-** 제이에스아이디움,07639,2020-09-22,영업/정상
서울,루나펫,,"서울특별시 강서구 우장산로 ***, *층 (화곡동)",서울특별시 강서구 화곡동 ****-**,07650,2022-05-02,영업/정상
서울,포더독스 강아지 강서 마곡점,,"서울특별시 강서구 마곡중앙*로 **, 마곡역센트럴푸르지오시티 상가동 ***호 (마곡동)",서울특별시 강서구 마곡동 ***-* 마곡역센트럴푸르지오시티 상가동 ***호,07801,2022-05-18,영업/정상
서울,웨스트 펫(West Pet),,"서울특별시 강서구 강서로 ***, 벨리오 ***호 (마곡동)",서울특별시 강서구 마곡동 ***-* 벨리오 ***호,07792,2022-08-04,영업/정상
서울,E.HO Pet,,"서울특별시 강서구 양천로 ***, *층 (가양동)",서울특별시 강서구 가양동 ***-* *층,07573,2022-08-05,영업/정상
서울,푸른들동물병원,02-2699-1222,서울특별시 강서구 양천로 ***-*(염창동),서울특별시 강서구 염창동 ***-**,07543,2023-03-02,영업/정상
서울,심쿵하개 강아지고양이 분양 강서점,,"서울특별시 강서구 송정로 **, *층 (공항동)",서울특별시 강서구 공항동 ***-*,07626,2023-08-14,영업/정상
서울,하이도그 켓,,"서울특별시 강서구 가로공원로**길 **, *층 (화곡동)",서울특별시 강서구 화곡동 ***-**,07761,2023-08-29,영업/정상
서울,웰니스 동물병원,,"서울특별시 강서구 화곡로 ***, 홈플러스강서점앤본사사옥 *층 (등촌동)",서울특별시 강서구 등촌동 ***-** 홈플러스강서점앤본사사옥,07567,2023-08-29,영업/정상
서울,해맑은 동물병원,02-3663-7584,"서울특별시 강서구 양천로**길 **-**, 이스타빌*차 *층 ***호 (가양동)",서울특별시 강서구 가양동 ****-* 이스타빌*차 ***호,07526,2024-03-18,영업/정상
서울,강서고양이분양 나비캣,,"서울특별시 강서구 화곡로**길 **, ***호 (화곡동, 스위트드림아파트)",서울특별시 강서구 화곡동 **** 스위트드림아파트 ***호,07708,2024-04-19,영업/정상
서울,포우블라썸,,"서울특별시 강서구 공항대로 ***, *층 ***호 (마곡동)",서울특별시 강서구 마곡동 ***-* *층 ***호,07806,2024-07-26,영업/정상
서울,하품애니멀&로던트클럽 강서마곡점,,"서울특별시 강서구 공항대로 ***, 센테니아 *층 ***호 (마곡동)",서울특별시 강서구 마곡동 ***-* 센테니아,07802,2024-10-24,영업/정상
서울,부타캣 강서점,,"서울특별시 강서구 공항대로 ***, 열린M타워Ⅱ *층 ***호 (마곡동)",서울특별시 강서구 마곡동 ***-* 열린M타워Ⅱ,07805,2026-01-05,영업/정상
서울,구로애조원,02-868-5911,서울특별시 구로구 구로동로**길 ** (구로동),서울특별시 구로구 구로동 ***-**,08311,2016-01-04,영업/정상
서울,구로다나은동물병원,02-2672-7582,"서울특별시 구로구 신도림로 *, ***호 (신도림동)",서울특별시 구로구 신도림동 ***-* ***호,08206,2022-03-15,영업/정상
서울,로얄수족관,2690-7311,서울특별시 구로구 디지털로**길 ** (구로동),서울특별시 구로구 구로동 ***-** (주)이마트 구로점,08379,2012-09-03,영업/정상
서울,로얄수족관,,"서울특별시 구로구 새말로 ** (구로동, 이마트 신도림내)",,08288,2014-06-17,영업/정상
서울,몽하우스,,"서울특별시 금천구 시흥대로 **-*, *층 (시흥동)","서울특별시 금천구 시흥동 ***-** , *층",08651,2011-04-26,영업/정상
서울,파랑새 동물병원,,,서울특별시 금천구 독산동 ****-****,,2012-04-23,영업/정상
서울,아쿠아플러스(주) 금천점,02-890-8000,"서울특별시 금천구 시흥대로 *** (독산동,홈플러스 *층)",서울특별시 금천구 독산동 ***-* 홈플러스 *층,,2012-08-29,영업/정상
서울,도그킹,02-6487-2227,"서울특별시 금천구 시흥대로 ***, *층 (시흥동)",서울특별시 금천구 시흥동 ***,08628,2017-12-04,영업/정상
서울,릴리퀸 코리아,,"서울특별시 금천구 디지털로*길 **, 대륭포스트타워 *차 제지*층 제비***호 (가산동)",서울특별시 금천구 가산동 **-* 대륭포스트타워 *차,08512,2018-06-20,영업/정상
서울,더독스 강아지분양 서울,,"서울특별시 금천구 두산로 **, 현대지식산업센터 티-엘***호 (독산동)",서울특별시 금천구 독산동 ***-* 현대지식산업센터 티-엘 ***호,08584,2021-03-05,영업/정상
서울,경기관상어,,"서울특별시 금천구 시흥대로 ***, B*층 (독산동, 금천롯데캐슬골드파크*차)",서울특별시 금천구 독산동 **** 금천롯데캐슬골드파크*차,08608,2023-02-15,영업/정상
서울,(주) 엠에이디씨,02-6925-5866,"서울특별시 금천구 가산디지털*로 ***-**, 가산모비우스타워 ****-*호 (가산동)",서울특별시 금천구 가산동 ***-**,08504,2023-02-16,영업/정상
서울,홈플러스 시흥점 수족관,02-895-2080,"서울특별시 금천구 시흥대로 ***, 삼성홈플러스 지하 *층 (시흥동)",서울특별시 금천구 시흥동 ***-** 삼성홈플러스,08632,2023-07-05,영업/정상
서울,웨스티 화이트테리어 직수입 미니비숑 강아지 분양 퍼피픽,,"서울특별시 금천구 가산디지털*로 **-**, 가산 하우스디 와이즈타워 제*층 ***호 (가산동)",서울특별시 금천구 가산동 ***-** 가산 하우스디 와이즈타워 ***호,08592,2026-02-09,영업/정상
서울,패러그린,,"서울특별시 영등포구 문래로 **, 대소빌딩 *층 ***호 (문래동*가)",서울특별시 영등포구 문래동*가 **-** 대소빌딩,07295,2025-01-20,영업/정상
서울,행복한 강아지,,"서울특별시 영등포구 신길로 ***, **동 ***호 (신길동,남서울아파트 A상가)",서울특별시 영등포구 신길동 **** 남서울아파트 A상가 **동 ***호,,2008-10-13,영업/정상
서울,애개애개,,"서울특별시 영등포구 국제금융로*길 * (여의도동,수정상가 ***호)",서울특별시 영등포구 여의도동 **-* 수정상가 ***호,,2008-10-14,영업/정상
서울,도그플러스동물병원,2069-0082,"서울특별시 영등포구 당산로 ** (문래동*가,삼성홈플러스빌딩 *층)",서울특별시 영등포구 문래동*가 **-* 삼성홈플러스빌딩 *층,,2009-03-20,영업/정상
서울,러브펫 동물병원,02-2634-8275,"서울특별시 영등포구 영중로 **, 타임스퀘어 지하층 B***호 (영등포동*가)",서울특별시 영등포구 영등포동*가 *** 타임스퀘어,07305,2009-09-15,영업/정상
서울,(주)그린아쿠아펫,,"서울특별시 영등포구 당산로 **, 홈플러스 *층 (문래동*가)",서울특별시 영등포구 문래동*가 **-* 홈플러스,07297,2012-08-20,영업/정상
서울,화이트홀,,서울특별시 영등포구 경인로 ***-* (영등포동*가),서울특별시 영등포구 영등포동*가 **-*,07303,2016-10-10,영업/정상
서울,베이비몽,02-6180-0086,서울특별시 영등포구 영중로 ** (영등포동*가),서울특별시 영등포구 영등포동*가 **-*,07301,2020-04-20,영업/정상
서울,로얄수족관,,"서울특별시 영등포구 영중로 **, 타임스퀘어 지하*층 (영등포동*가)",서울특별시 영등포구 영등포동*가 *** 타임스퀘어,07305,2020-08-25,영업/정상
서울,신풍,02-835-7572,서울특별시 영등포구 신길로 **(신길동),서울특별시 영등포구 신길동 ****,07436,2021-07-05,영업/정상
서울,주식회사 우연컴퍼니,,"서울특별시 영등포구 선유서로**길 **, 양평동 오피스텔 ***동 *층 B***호 (양평동*가)",서울특별시 영등포구 양평동*가 **-* 양평동 오피스텔 ***동 B***호,07278,2021-10-06,영업/정상
서울,비쇼네,6137-5236,"서울특별시 영등포구 국제금융로 **, 서울 국제금융 센터 비*동 엘*층 (여의도동)",서울특별시 영등포구 여의도동 ** 서울 국제금융 센터,07326,2022-06-16,영업/정상
서울,버디독 강아지분양 안심분양센터 서울 영등포점,,"서울특별시 영등포구 영등포로 ***, 로프트시티 *층 ***호 (영등포동*가)",서울특별시 영등포구 영등포동*가 *-* 로프트시티,07303,2023-04-06,영업/정상
서울,kims pups,,"서울특별시 영등포구 도림로 ***, *층 (신길동)",서울특별시 영등포구 신길동 ***-***,07382,2026-05-19,영업/정상
서울,퍼피 앤,,"서울특별시 관악구 남부순환로 ****, *층 (신림동)",서울특별시 관악구 신림동 ****-**,08776,2024-10-15,영업/정상
서울,나눔,,"서울특별시 관악구 신사로**길 **, ***호 (신림동)",서울특별시 관악구 신림동 ***-**,08702,2018-05-04,영업/정상
서울,독캣 강아지분양 신림점,,"서울특별시 관악구 난곡로 ***, *,*,*층 (신림동)",서울특별시 관악구 신림동 ***-*,08857,2018-10-16,영업/정상
서울,내 품안의 반려견,,"서울특별시 관악구 신림로**길 **, 휴드림 ***호 (신림동)",서울특별시 관악구 신림동 ****-* 휴드림 ***호,08754,2017-07-15,영업/정상
서울,(주)아이싸이랩,,"서울특별시 관악구 관악로 ***, 평창빌딩 ***호 (봉천동)",서울특별시 관악구 봉천동 ****-* 평창빌딩 ***호,08791,2020-10-26,영업/정상
서울,날데려가개,,"서울특별시 관악구 쑥고개로**길 *, *층 (봉천동)",서울특별시 관악구 봉천동 ***-**,08784,2023-12-21,영업/정상
서울,펫나우,,"서울특별시 관악구 호암로**가길 **, *층 (신림동)",서울특별시 관악구 신림동 ****-* 명륜당독서실,08812,2024-01-16,영업/정상
서울,서울강아지분양 고양이분양 서리펫,,"서울특별시 서초구 신반포로**길 **-*, 대산빌딩 *층 (잠원동)",서울특별시 서초구 잠원동 **-** 대산빌딩,06529,2025-07-14,영업/정상
서울,에스제이네이처 이마트양재점,,"서울특별시 서초구 매헌로 **, 지하*층 (양재동)",서울특별시 서초구 양재동 ***,06771,2013-11-01,영업/정상
서울,올리브독,,서울특별시 서초구 주흥길 ** (반포동),서울특별시 서초구 반포동 ***-**,06533,2015-04-06,영업/정상
서울,로즈펫,,서울특별시 서초구 양재천로**길 * (양재동),서울특별시 서초구 양재동 ***-*,06754,2015-04-23,영업/정상
서울,아이러브독 서초점,02-523-8077,서울특별시 서초구 서초대로 *** (방배동),서울특별시 서초구 방배동 ***-**,06661,2015-09-23,영업/정상
서울,언커먼독,02-1600-3466,"서울특별시 서초구 논현로*길 ** (양재동, 서초미르)",서울특별시 서초구 양재동 ***-*,06791,2016-12-07,영업/정상
서울,개아범,,"서울특별시 서초구 신반포로 ** (반포동, 반포상가 *블럭*호)",,06502,2017-05-29,영업/정상
서울,낭만고양이,02-3477-9005,"서울특별시 서초구 사평대로**길 **, *층 (반포동)",서울특별시 서초구 반포동 ***-**,06575,2017-08-17,영업/정상
서울,도그소사이어티,02-582-5998,"서울특별시 서초구 방배중앙로 **, ***호 (방배동)",서울특별시 서초구 방배동 ***-**,06680,2018-07-24,영업/정상
서울,한강아쿠아 롯데마트 서초점,,"서울특별시 서초구 서초대로**길 **, 지하*층 (서초동, 마제스타시티, 힐스테이트 서리풀)","서울특별시 서초구 서초동 ****-* 마제스타시티, 힐스테이트 서리풀",06655,2019-01-04,영업/정상
서울,잇츠그루밍타임,02-533-8086,"서울특별시 서초구 효령로 **, 효서빌딩 (방배동)",서울특별시 서초구 방배동 ***-** 효서빌딩,06687,2021-03-05,영업/정상
서울,킨더펫(Kinder pet),,"서울특별시 서초구 방배중앙로**길 **, 뉴씨엘 (방배동)",서울특별시 서초구 방배동 ***-* 뉴씨엘 ***호,06570,2022-04-21,영업/정상
서울,프리제(frise),,"서울특별시 서초구 논현로**길 **, 두손빌라 *층 ***호 (양재동)",서울특별시 서초구 양재동 ***-* 두손빌라,06781,2022-08-04,영업/정상
서울,퍼피캣 강아지분양 고양이분양 서초양재본점,,"서울특별시 서초구 헌릉로*길 *-*, 내곡플라자 *층 ***호 (내곡동)",서울특별시 서초구 내곡동 *** 내곡플라자,06800,2023-02-16,영업/정상
서울,우진아쿠아,,"서울특별시 서초구 청계산로 **, 농협하나로클럽 *층 (양재동)",서울특별시 서초구 양재동 *** 농협하나로클럽,06797,2023-03-17,영업/정상
서울,디어룸(DEAR:OOM),,"서울특별시 서초구 주흥길 **-**, *층 (반포동)",서울특별시 서초구 반포동 ***-*,06537,2023-11-09,영업/정상
서울,골든햄스터분양 탬펫 강남점,,"서울특별시 서초구 바우뫼로 ***, 성문빌딩 ***호 (양재동)",서울특별시 서초구 양재동 **-** 성문빌딩,06744,2024-04-24,영업/정상
서울,에르멍스,,"서울특별시 강남구 논현로 ***, *층 (논현동)",서울특별시 강남구 논현동 ***-*,06117,2023-11-24,영업/정상
서울,강아지분양 K PUPPY 청담점,,"서울특별시 강남구 학동로**길 **, *층 (청담동)",서울특별시 강남구 청담동 **-**,06065,2024-10-14,영업/정상
서울,미오즈 고양이분양 강아지분양 강남점,,"서울특별시 강남구 압구정로**길 **, ***호 (신사동)",서울특별시 강남구 신사동 ***-*,06031,2025-11-19,영업/정상
서울,르달링,,"서울특별시 강남구 역삼로*길 **, *층 (역삼동)",서울특별시 강남구 역삼동 ***-**,06245,2025-11-26,영업/정상
서울,잇다펫 강아지분양 고양이분양 강남점,,"서울특별시 강남구 선릉로 ***, 제에프***호 (삼성동, 브라운스톤 레전드)",서울특별시 강남구 삼성동 *-* 브라운스톤 레전드,06088,2025-12-03,영업/정상
서울,슈퍼바우,1577-2711,"서울특별시 강남구 선릉로***길 **-*, *층 (신사동)",서울특별시 강남구 신사동 ***-* *층,06018,2012-10-18,영업/정상
서울,강남 요미독앤캣 강아지 분양 고양이 분양,,"서울특별시 강남구 언주로***길 **, *층 (역삼동)",서울특별시 강남구 역삼동 ***-* *층,06143,2013-04-25,영업/정상
서울,강남고양이 분양 히어로펫,,"서울특별시 강남구 강남대로***길 **, 보령빌딩 *층 (논현동)",서울특별시 강남구 논현동 ***-** 보령빌딩,06114,2014-07-07,영업/정상
서울,킴스토리 청담,,"서울특별시 강남구 삼성로***길 *-*, *층 (청담동)",서울특별시 강남구 청담동 *-* *층,06063,2014-11-18,영업/정상
서울,미니펫 강아지분양 고양이분양 강남점,,서울특별시 강남구 논현로***길 * (역삼동),서울특별시 강남구 역삼동 ***-**,06136,2014-12-26,영업/정상
서울,강아지마을2012,070-4001-3345,서울특별시 강남구 압구정로**길 ** (신사동),서울특별시 강남구 신사동,06028,2016-10-11,영업/정상
서울,멈미스,02-512-0401,"서울특별시 강남구 압구정로**길 **-*, *층 (청담동)",서울특별시 강남구 청담동 ***-**,06013,2016-10-18,영업/정상
서울,강남고양이분양 스타돌스,,"서울특별시 강남구 압구정로**길 **, ***호 (신사동, 엑시)",서울특별시 강남구 신사동 ***-* ***호,06030,2017-10-18,영업/정상
서울,강남 고양이 분양 캣프렌즈,,"서울특별시 강남구 압구정로**길 **, *층 *호 (신사동)",서울특별시 강남구 신사동 ***-* ***호,06028,2018-01-09,영업/정상
서울,강남고양이분양 나비캣,,"서울특별시 강남구 도산대로**길 **, *층 (논현동)",서울특별시 강남구 논현동 ** *층,06049,2018-03-27,영업/정상
서울,Pet.J,,서울특별시 강남구 압구정로**길 ** (청담동),서울특별시 강남구 청담동 **-**,06016,2018-06-27,영업/정상
서울,청담펫츠,02-548-8844,"서울특별시 강남구 선릉로 ***, 한솔빌딩 *층 (논현동)",서울특별시 강남구 논현동 ***-** 한솔빌딩 *층,06056,2019-10-21,영업/정상
서울,쪼르르 miniteacuppuppy,,서울특별시 강남구 강남대로***길 **-* (신사동),서울특별시 강남구 신사동 ***-**,06034,2019-11-07,영업/정상
서울,제이제이캣,,"서울특별시 강남구 강남대로***길 **, *층 ***호 (논현동)",서울특별시 강남구 논현동 *** *층 ***호,06121,2019-12-17,영업/정상
서울,캐터리 싱가사랑&사루하우스,,"서울특별시 강남구 역삼로**길 **, H 복합빌딩 *층 (대치동)",서울특별시 강남구 대치동 ***-* H 복합빌딩 *층,06184,2020-01-07,영업/정상
서울,서울고양이분양 묘연,,"서울특별시 강남구 논현로***길 *-*, 제이엔와이빌딩 *층 (신사동)",서울특별시 강남구 신사동 ***-**,06031,2020-05-27,영업/정상
서울,가필드 고양이,,서울특별시 강남구 논현로***길 ** (신사동),서울특별시 강남구 신사동 ***-**,06032,2020-08-03,영업/정상
서울,강남고양이분양 호야캣,,"서울특별시 강남구 논현로***길 **, 카로시티* *층 ***호 (신사동)",서울특별시 강남구 신사동 ***-* 카로시티*,06030,2020-11-25,영업/정상
서울,주식회사 퍼피빌리지,,서울특별시 강남구 학동로**길 **(삼성동),서울특별시 강남구 삼성동 **-**,06084,2021-12-01,영업/정상
서울,파이리코,02-6205-1188,"서울특별시 강남구 영동대로 ***, *층 브이***호 (삼성동, 삼성동 미켈란 ***)",서울특별시 강남구 삼성동 *** 삼성동 미켈란 ***,06083,2022-01-07,영업/정상
서울,시바견 분양 루이몽 강남본점,,"서울특별시 강남구 도산대로**길 **-*, *층 (청담동)",서울특별시 강남구 청담동 ***-**,06011,2022-11-02,영업/정상
서울,폼스키 분양 폼스몽 강남본점,,"서울특별시 강남구 도산대로**길 **-*, *층 (청담동)",서울특별시 강남구 청담동 ***-**,06011,2023-06-28,영업/정상
서울,오 마이 프렌즈,,"서울특별시 강남구 선릉로 ***, ***호 (신사동)",서울특별시 강남구 신사동 ***-*,06018,2023-11-22,영업/정상
서울,로로퍼피,,"서울특별시 강남구 개포로**길 **, ***호 (개포동)",서울특별시 강남구 개포동 ****-**,06308,2026-04-30,영업/정상
서울,네이처 퍼피,,"서울특별시 송파구 마천로 **, *층 (방이동, 한성 나이스빌)",서울특별시 송파구 방이동 ***-* 한성 나이스빌,05645,2026-04-24,영업/정상
서울,Breegle,,"서울특별시 송파구 충민로 **, 가든파이브라이프 *층 ****호 (문정동)",서울특별시 송파구 문정동 *** 가든파이브라이프,05838,2026-05-13,영업/정상
서울,PET WAVE,02-1551-1515,서울특별시 송파구 송파대로 *** (송파동),서울특별시 송파구 송파동 **-*,05625,2024-04-18,영업/정상
서울,서울강아지분양 고양이분양 모아펫 잠실본점,,"서울특별시 송파구 백제고분로 ***, 정방빌딩 *층 (잠실동)",서울특별시 송파구 잠실동 ***-** 정방빌딩,05575,2024-09-24,영업/정상
서울,미오즈 고양이분양 강아지분양 잠실본점,,"서울특별시 송파구 백제고분로**길 **, *층 ***호 (삼전동)",서울특별시 송파구 삼전동 ***-*,05603,2024-11-18,영업/정상
서울,펫퍼스트24시 강아지분양 고양이분양 서울송파위례점,,"서울특별시 송파구 위례광장로 ***, 상가동 B**호 (장지동, 위례중앙푸르지오*단지)",서울특별시 송파구 장지동 *** 위례중앙푸르지오*단지,05852,2025-03-17,영업/정상
서울,강아지분양 원퍼피 송파점,,"서울특별시 송파구 송이로**길 **, *층 (문정동)",서울특별시 송파구 문정동 **-*,05804,2025-05-07,영업/정상
서울,유니온바이오메트릭스,02-6488-3147,"서울특별시 송파구 법원로 ***, 문정대명벨리온 ***호 (문정동)",서울특별시 송파구 문정동 ***-* 문정대명벨리온,05836,2025-05-15,영업/정상
서울,아망도그플레이스,,"서울특별시 송파구 오금로 ***, *층 (거여동)",서울특별시 송파구 거여동 **-*,05744,2019-03-12,영업/정상
서울,NOBLESSE.PET,,"서울특별시 송파구 송파대로 ***, 문정 오벨리스크 *층 ***,***호 (문정동)",서울특별시 송파구 문정동 ***-* 문정 오벨리스크,05855,2019-05-10,영업/정상
서울,돌봄 강아지분양 서울송파점,,"서울특별시 송파구 오금로**길 **, 성지빌딩 *층 (가락동)",서울특별시 송파구 가락동 **-* 성지빌딩,05700,2019-08-28,영업/정상
서울,퍼피빌리지,,"서울특별시 송파구 동남로**길 **, 진태빌딩 *층 (가락동)",서울특별시 송파구 가락동 *** 진태빌딩,05827,2019-10-14,영업/정상
서울,로얄수족관,,"서울특별시 송파구 충민로 **, 가든파이브툴 (문정동)",서울특별시 송파구 문정동 *** 가든파이브툴,05840,2020-02-24,영업/정상
서울,캣통령 잠실점,,서울특별시 송파구 백제고분로*길 ** (잠실동),서울특별시 송파구 잠실동 ***-**,05560,2020-08-05,영업/정상
서울,(주)로지스톤,02-400-1387,"서울특별시 송파구 동남로*길 *, 대전빌딩 *층 (문정동)",서울특별시 송파구 문정동 ** 대전빌딩,05805,2020-08-12,영업/정상
서울,야옹아멍멍해봐 송파위례점,02-3012-4400,"서울특별시 송파구 위례서로 ***, 위례제일주유소 *층 (거여동)",서울특별시 송파구 거여동 산 ** 위례제일주유소,05790,2020-08-25,영업/정상
서울,나를품개,,"서울특별시 송파구 가락로**길 **, ***호 (석촌동)",서울특별시 송파구 석촌동 ***-**,05683,2020-09-21,영업/정상
서울,몽냥몽냥 강아지분양 고양이분양 송파점,,서울특별시 송파구 올림픽로**길 ** (잠실동),서울특별시 송파구 잠실동 ***-*,05563,2020-09-29,영업/정상
서울,잠실 강아지분양 고양이분양 서리펫,1566-8713,"서울특별시 송파구 석촌호수로 ***, *층 (잠실동)",서울특별시 송파구 잠실동 ***-*,05566,2020-11-16,영업/정상
서울,길고양이 마을,,"서울특별시 송파구 오금로**길 **-*, 현대드림밸리 ***호 (방이동)",서울특별시 송파구 방이동 **-* 현대드림밸리,05542,2025-07-21,영업/정상
서울,미유펫 강아지분양 고양이분양 서울점,,"서울특별시 송파구 송이로**길 **, ***-*호 (가락동)",서울특별시 송파구 가락동 **-**,05707,2025-07-22,영업/정상
서울,고양이분양 전문 달루나캣츠 잠실본점,,"서울특별시 송파구 백제고분로**길 *, *층 (삼전동)",서울특별시 송파구 삼전동 *-**,05606,2025-08-22,영업/정상
서울,두유펫,,"서울특별시 송파구 송파대로 ***, 문정 오벨리스크 B**호 (문정동)",서울특별시 송파구 문정동 ***-* 문정 오벨리스크,05855,2025-12-04,영업/정상
서울,화이트 퍼피 강아지 송파점,,"서울특별시 송파구 송파대로**길 *, 한국원예기술정보셴타 *층 (송파동)",서울특별시 송파구 송파동 *** 한국원예기술정보셴타,05676,2020-12-07,영업/정상
서울,바우홀릭 강아지고양이분양 잠실점,,"서울특별시 송파구 송파대로**길 **-*, *층 (석촌동)",서울특별시 송파구 석촌동 ***-**,05697,2021-01-20,영업/정상
서울,디자인바이펫,,"서울특별시 송파구 가락로*길 **, *층 (석촌동)",서울특별시 송파구 석촌동 ***,05681,2021-04-15,영업/정상
서울,톰퍼피 강아지분양,,"서울특별시 송파구 법원로*길 **, 힐스테이트에코문정 ***호 (문정동)",서울특별시 송파구 문정동 ***-* 힐스테이트에코문정,05855,2021-06-14,영업/정상
서울,몽타운,,서울특별시 송파구 동남로*길 ** (문정동),서울특별시 송파구 문정동 **,05804,2021-06-15,영업/정상
서울,코코펫동물판매장,,"서울특별시 송파구 오금로**길 **-*, ***호 (가락동)",서울특별시 송파구 가락동 **-*,05706,2021-08-20,영업/정상
서울,베이비몽송파점애견분양미용호텔,,"서울특별시 송파구 동남로*길 **, *층 (문정동)",서울특별시 송파구 문정동 **,05804,2021-08-30,영업/정상
서울,아르떼 퍼피,,"서울특별시 송파구 송파대로 ***, ***동 ***호 (문정동, 파크하비오)",서울특별시 송파구 문정동 *** 파크하비오,05837,2022-02-10,영업/정상
서울,까멜리아,,"서울특별시 송파구 백제고분로**길 **, 서광빌딩 *층 (석촌동)",서울특별시 송파구 석촌동 ***-* 서광빌딩,05689,2022-06-23,영업/정상
서울,하이엔드 독,,"서울특별시 송파구 법원로*길 *, 문정아이파크 *층 ***호 (문정동)",서울특별시 송파구 문정동 ***-* 문정아이파크,05855,2022-10-19,영업/정상
서울,퍼피고라운드[PUPPY-GO-ROUND],,"서울특별시 송파구 삼학사로 **, *층 (삼전동)",서울특별시 송파구 삼전동 ***-**,05603,2022-11-24,영업/정상
서울,도그존,,"서울특별시 송파구 올림픽로**길 **, *층 (잠실동)",서울특별시 송파구 잠실동 ***-*,05563,2023-02-01,영업/정상
서울,강남강아지 애견분양 헬스독 송파점서울 말티푸푸들비숑포메,,"서울특별시 송파구 백제고분로*길 **, ***호 (잠실동)",서울특별시 송파구 잠실동 ***-**,05560,2023-03-30,영업/정상
서울,타이니펫 송파헬리오시티점,,"서울특별시 송파구 송파대로 ***, 근린생활시설*A동 *층 ****호 (가락동, 헬리오시티)",서울특별시 송파구 가락동 *** 헬리오시티,05698,2023-06-22,영업/정상
서울,잠실준25시동물병원,02-415-7580,서울특별시 송파구 석촌호수로 *** (삼전동),서울특별시 송파구 삼전동 **-*,05600,2008-10-21,영업/정상
서울,몰리스펫샵 코리아퍼피 가든점,070-8870-8245,"서울특별시 송파구 충민로 **, 지하*층 (문정동, 가든파이브툴)",서울특별시 송파구 문정동 *** 가든파이브툴 지하*층,05840,2011-07-01,영업/정상
서울,아쿠아오리지널,,"서울특별시 송파구 올림픽로 ***, 롯데마트 B* 수족관 (잠실동)",서울특별시 송파구 잠실동 **-* 롯데마트 B* 수족관,05554,2012-10-10,영업/정상
서울,캣마을,,"서울특별시 송파구 가락로 **, *층 (석촌동)",서울특별시 송파구 석촌동 ***-* *층,05695,2013-06-14,영업/정상
서울,해피투개더,,"서울특별시 송파구 송이로**길 *, *층 (가락동)",서울특별시 송파구 가락동 ***-** *층,05827,2015-08-25,영업/정상
서울,해피애견타운 서울잠실송파점 강아지분양 말티푸미니비숑포메,,"서울특별시 송파구 송파대로 ***, *층 (송파동)",서울특별시 송파구 송파동 **-* *층,05668,2016-05-02,영업/정상
서울,리얼허브애견카페,02-449-2700,서울특별시 송파구 동남로*길 ** (문정동),,05804,2016-08-16,영업/정상
서울,하트동물메디컬센터,02-424-2955,서울특별시 송파구 삼학사로 ** (삼전동),서울특별시 송파구 삼전동 ***-** 신일빌딩,05603,2017-11-22,영업/정상
서울,미쓰멍,,"서울특별시 송파구 새말로**길 *, *층 (문정동)",서울특별시 송파구 문정동 **-* *층,05810,2018-05-09,영업/정상
서울,도레미캣,,"서울특별시 송파구 올림픽로 ***-*, *층 (풍납동)",서울특별시 송파구 풍납동 ***,05520,2019-02-22,영업/정상
서울,하치이야기,02-479-3385,서울특별시 강동구 양재대로**길 ** (성내동),서울특별시 강동구 성내동 ***-**,05403,2012-07-31,영업/정상
서울,로얄수족관,02-2690-7311,"서울특별시 강동구 천호대로 **** (천호동, 이마트)",서울특별시 강동구 천호동 ***-*,05328,2012-08-20,영업/정상
서울,개들의품격,,서울특별시 강동구 풍성로**길 ** (성내동),서울특별시 강동구 성내동 ***-**,05404,2013-04-11,영업/정상
서울,멍멍이냥 강아지분양,02-470-4469,서울특별시 강동구 상암로 **-*(천호동),서울특별시 강동구 천호동 ***-**,05319,2016-04-18,영업/정상
서울,해피애견타운(Happy Pet Town),,"서울특별시 강동구 양재대로 **** (둔촌동, 원천빌딩)",서울특별시 강동구 둔촌동 ***,05372,2017-03-16,영업/정상
서울,도그에어,,서울특별시 강동구 천호대로 *** (천호동),서울특별시 강동구 천호동 ***-*,05248,2017-07-14,영업/정상
서울,꼬똥켄넬,,"서울특별시 강동구 구천면로**길 *, *층 (천호동)",서울특별시 강동구 천호동 ***-**,05248,2018-07-16,영업/정상
서울,펫바비,,"서울특별시 강동구 진황도로 **-*, *층 (천호동)",서울특별시 강동구 천호동 ***-*,05338,2018-08-22,영업/정상
서울,포포앤미루 강동점,,"서울특별시 강동구 양재대로**가길 **, 키키빌딩 *층 (성내동)",서울특별시 강동구 성내동 ***-** 키키빌딩,05405,2026-05-28,영업/정상
서울,루루애견,,,서울특별시 강동구 길동 ***-* 동서울오네뜨 *층,,2011-01-11,영업/정상
서울,브라우니,,,서울특별시 강동구 길동 ***-**,,2013-01-23,영업/정상
서울,프리미엄펫,,서울특별시 강동구 구천면로 *** (천호동),서울특별시 강동구 천호동,05247,2013-02-20,영업/정상
서울,(주)밀레펫,,"서울특별시 강동구 고덕로 ***, 신세계이마트명일점 *층 (명일동)",서울특별시 강동구 명일동 **-* 신세계이마트명일점,05269,2013-10-18,영업/정상
서울,폴CAT,,서울특별시 강동구 구천면로 *** (천호동),,05320,2015-06-29,영업/정상
서울,Ghiblidoll,,"서울특별시 강동구 구천면로**길 **, 유진빌딩 ***호 (천호동)",서울특별시 강동구 천호동 **-** 유진빌딩,05306,2018-09-27,영업/정상
서울,개냥이네,,서울특별시 강동구 양재대로***길 ** (길동),서울특별시 강동구 길동 ***-**,05343,2019-03-06,영업/정상
서울,로비펫,,"서울특별시 강동구 구천면로 ***, *층 (천호동)",서울특별시 강동구 천호동 ***,05334,2019-04-09,영업/정상
서울,미소펫,02-486-4589,"서울특별시 강동구 양재대로 ****, c동 *층 (길동)",서울특별시 강동구 길동 ***-*,05343,2019-09-10,영업/정상
서울,랙돌캐터리,,"서울특별시 강동구 상암로 **, *층 ***호 (암사동)",서울특별시 강동구 암사동 ***-* ***호,05242,2020-04-27,영업/정상
서울,쁘띠펫,,"서울특별시 강동구 천호대로 ****, 지층 비**호 (천호동, 강동 헤르셔)",서울특별시 강동구 천호동 ***-** 강동 헤르셔,05339,2020-09-17,영업/정상
서울,달펫 소동물샵,,"서울특별시 강동구 성안로 ***, 동명빌딩 *층 (길동)",서울특별시 강동구 길동 ***-* 동명빌딩,05341,2022-05-27,영업/정상
서울,포포앤미루 강동점,02-471-8825,"서울특별시 강동구 양재대로**가길 **, 키키빌딩 *층 (성내동)",서울특별시 강동구 성내동 ***-** 키키빌딩,05405,2022-11-30,영업/정상
서울,예쁘댕냥,,"서울특별시 강동구 명일로 ***-*, 둔촌동 JOY빌딩 ***호 (둔촌동)",서울특별시 강동구 둔촌동 ** 둔촌동 JOY빌딩,05361,2022-12-13,영업/정상
서울,어바웃독,02-558-8077,"서울특별시 강동구 양재대로***길 **, ***호 (성내동)",서울특별시 강동구 성내동 ***-**,05374,2023-03-28,영업/정상
서울,쏘펫,,"서울특별시 강동구 양재대로***길 **, *층 (길동)",서울특별시 강동구 길동 ***-*,05302,2023-04-15,영업/정상
서울,홈플러스 강동점 수족관,,"서울특별시 강동구 양재대로 ****, 천호복합 상업시설 (천호동)",서울특별시 강동구 천호동 ** 천호복합 상업시설,05314,2023-09-08,영업/정상
서울,해피멍냥,,"서울특별시 강동구 양재대로***가길 **, 정현재 *층 (둔촌동)",서울특별시 강동구 둔촌동 **-** 정현재,05364,2024-07-03,영업/정상
서울,로시난테,,"서울특별시 강동구 천호대로***길 **, 금강빌딩 *층 (성내동)",서울특별시 강동구 성내동 *** 금강빌딩,05389,2025-03-26,영업/정상
서울,꼬똥켄넬,,서울특별시 강동구 구천면로**길 ** (천호동),서울특별시 강동구 천호동 ***-*,05326,2026-01-28,영업/정상
부산,한아름애견,,부산광역시 중구 구덕로 ** (남포동*가),부산광역시 중구 남포동*가 **-*,48983,2008-06-25,영업/정상
부산,프로애견사,,부산광역시 중구 구덕로 **-* (남포동*가),부산광역시 중구 남포동*가 **-*,48983,2008-08-05,영업/정상
부산,삼성애견사,,부산광역시 중구 구덕로 ** (남포동*가),부산광역시 중구 남포동*가 **-*,48983,2008-08-05,영업/정상
부산,광원수족관,,"부산광역시 중구 구덕로 *, *층 (남포동*가)",부산광역시 중구 남포동*가 ** *층,48984,2012-08-31,영업/정상
부산,부산강아지분양 고양이분양 베스트펫,051-245-9319,"부산광역시 중구 중앙대로 **-*, *~*층 (중앙동*가)",부산광역시 중구 중앙동*가 *,48957,2017-11-27,영업/정상
부산,한강아쿠아 롯데마트 광복점,031-527-4244,"부산광역시 중구 중앙대로 *, 롯데백화점광복점 *층 (중앙동*가)",부산광역시 중구 중앙동*가 **-* 롯데백화점광복점,48944,2018-12-12,영업/정상
부산,리프패럿 롯데마트 광복점,,"부산광역시 중구 중앙대로 *, 롯데마트 지하*층 (중앙동*가)",부산광역시 중구 중앙동*가 **-* 롯데마트 지하*층,48944,2022-04-26,영업/정상
부산,브룩스캣슬,,"부산광역시 중구 광복로**번길 *, 와이즈파크 *층 (창선동*가)",부산광역시 중구 창선동*가 **-* *층 *-*호,48947,2023-04-12,영업/정상
부산,FIRE DOG,,"부산광역시 중구 초량상로*번길 *, *층 (영주동)",부산광역시 중구 영주동 **-** *층,48910,2024-11-04,영업/정상
부산,퍼피하우스,,부산광역시 서구 구덕로 ***-* (토성동*가),부산광역시 서구 토성동*가 **-*,,2008-06-19,영업/정상
부산,루이&DOGS,,부산광역시 서구 구덕로 *** (부용동*가),,49233,2017-10-20,영업/정상
부산,몽몽이애견미용,051-247-7767,부산광역시 서구 까치고개로 *** (토성동*가),,49224,2017-10-20,영업/정상
부산,"늘, 고운펫",,"부산광역시 서구 충무대로 ***, *층 (남부민동, 충무대로봄여름가을겨울)",부산광역시 서구 남부민동 ***-** 충무대로봄여름가을겨울,49256,2021-04-01,영업/정상
부산,폴인캣츠,,"부산광역시 서구 대티로 ***, ***동 ***호 (서대신동*가, 협성르네상스)",부산광역시 서구 서대신동*가 ***-* 협성르네상스,49208,2022-11-25,영업/정상
부산,퍼피하우스,,"부산광역시 영도구 동삼로 **, *층 (동삼동)",부산광역시 영도구 동삼동 ***-**,49107,2022-09-26,영업/정상
부산,부산강아지분양 앨리스코리아켄넬,,부산광역시 부산진구 양지로 ** (양정동),부산광역시 부산진구 양정동 ***-***,47230,2026-02-10,영업/정상
부산,뽀미펫,,부산광역시 부산진구 거제대로 **-* (양정동),부산광역시 부산진구 양정동 ***-**,47214,2026-06-19,영업/정상
부산,두부네 애견카페,051-891-2688,부산광역시 부산진구 복지로 ** (개금동),부산광역시 부산진구 개금동 ***,47321,2014-06-26,영업/정상
부산,프라임도그 강아지분양 부산점,051-852-0545,부산광역시 부산진구 중앙대로 ***-** (양정동),부산광역시 부산진구 양정동 ***-*,47214,2015-02-16,영업/정상
부산,도그쇼 강아지분양 애견입양 부산본점,051-583-1500,부산광역시 부산진구 거제대로**번길 * (양정동),부산광역시 부산진구 양정동 ***-**,47214,2015-02-25,영업/정상
부산,좋은강아지,,부산광역시 부산진구 거제대로 ** (양정동),,47214,2015-10-14,영업/정상
부산,펫스타샵,051-851-9777,"부산광역시 부산진구 거제대로 **, *층 (양정동)",,47214,2016-10-10,영업/정상
부산,아이조아요양보호소 부산점,,"부산광역시 부산진구 거제대로 **-*, 지하*층 (양정동)",부산광역시 부산진구 양정동 ***-*,47214,2019-01-03,영업/정상
부산,프리미엄캣,051-804-0600,"부산광역시 부산진구 거제대로 *, *층 (양정동)",부산광역시 부산진구 양정동 ***-**,47215,2019-08-09,영업/정상
부산,부산강아지분양 퍼피몰리,,"부산광역시 부산진구 거제천로 **, *층 (양정동)",부산광역시 부산진구 양정동 ***-*,47211,2021-08-06,영업/정상
부산,우니캣,,"부산광역시 부산진구 신암로**번길 **, *호 (범천동)",부산광역시 부산진구 범천동 ****-** *층,47349,2022-04-19,영업/정상
부산,부산애견호텔 강아지유치원 펫퍼센트&코모네하우스,,"부산광역시 부산진구 동평로 ***, *층 (연지동)",부산광역시 부산진구 연지동 **-**,47120,2022-05-19,영업/정상
부산,부산강아지분양 제니스펫,,부산광역시 부산진구 거제대로 **(양정동),부산광역시 부산진구 양정동 ***-**,47214,2023-03-27,영업/정상
부산,착한 고양이,051-863-2779,부산광역시 부산진구 중앙대로 ***-* (양정동),부산광역시 부산진구 양정동 ***-**,47215,2023-06-08,영업/정상
부산,The 캣,,"부산광역시 부산진구 거제대로**번길 *, ***호 (양정동)",부산광역시 부산진구 양정동 ***-**,47214,2024-04-25,영업/정상
부산,뭉치,,"부산광역시 부산진구 중앙대로 ***-*, 상가 ***호 (양정동, 대능더에스티지)",부산광역시 부산진구 양정동 ***-* 대능더에스티지,47214,2024-06-17,영업/정상
부산,미묘,,"부산광역시 부산진구 거제대로 **-*, *층 (양정동)",부산광역시 부산진구 양정동 ***-*,47214,2024-11-19,영업/정상
부산,퍼피슈가 앤 키튼슈가,,"부산광역시 부산진구 성지로***번길 **, *층 (초읍동)",부산광역시 부산진구 초읍동 ***-***,47125,2025-07-29,영업/정상
부산,부산강아지분양 헬스독 애견입양 말티푸들포메라니안미니비숑,,부산광역시 부산진구 새싹로 **-* (부암동),부산광역시 부산진구 부암동 **-*,47192,2025-10-23,영업/정상
부산,부산애견,,부산광역시 부산진구 중앙대로 *** (양정동),부산광역시 부산진구 양정동 ***-**,47215,2008-02-05,영업/정상
부산,시원애견,,부산광역시 부산진구 거제대로 **-* (양정동),부산광역시 부산진구 양정동 ***-**,,2010-02-26,영업/정상
부산,도그도그,,부산광역시 부산진구 거제대로 **-* (양정동),,47214,2011-05-09,영업/정상
부산,미스터독,051-867-3400,"부산광역시 부산진구 전포대로 *** (전포동,대우디오빌투상가)",부산광역시 부산진구 전포동 ***-* 대우디오빌투상가,,2011-11-16,영업/정상
부산,부산강아지분양 앨리펫,051-851-0011,부산광역시 부산진구 거제대로 ** (양정동),,47214,2013-04-22,영업/정상
부산,롯데마트 동래점,031-527-4244,"부산광역시 동래구 중앙대로 ****, 롯데마트 *층 (온천동)",부산광역시 동래구 온천동 ***-* 롯데마트,47727,2023-04-10,영업/정상
부산,부산 강아지 분양 펫하우스(PET HOUSE),,"부산광역시 동래구 온천장로**번길 *, 근린생활시설동 ***호 (온천동, 동래 *차 SK VIEW)",부산광역시 동래구 온천동 **** 동래 *차 SK VIEW,47712,2025-10-17,영업/정상
부산,애견나라,,부산광역시 동래구 명안로 ** (안락동),부산광역시 동래구 안락동 ***-**,47783,2008-02-18,영업/정상
부산,그린펫,070-8725-7300,"부산광역시 동래구 명장로***번길 **, *층 (명장동)",부산광역시 동래구 명장동 ***-**,47778,2014-12-10,영업/정상
부산,도도펫,,"부산광역시 동래구 명륜로 ***-*, *층 (명륜동)",부산광역시 동래구 명륜동 **-**,47740,2018-04-23,영업/정상
부산,애견나라,,부산광역시 동래구 명안로 ** (안락동),부산광역시 동래구 안락동 ***-**,47783,2018-09-17,영업/정상
부산,윈그루밍,,"부산광역시 동래구 충렬대로***번길 *, *층 (온천동)",부산광역시 동래구 온천동 ****-**,47733,2020-05-15,영업/정상
부산,그린펫 동래점,051-557-7311,"부산광역시 동래구 충렬대로***번길 **, *층 (명륜동)",부산광역시 동래구 명륜동 ***-**,47815,2022-09-02,영업/정상
부산,패러그린샵 동래점,,"부산광역시 동래구 충렬대로 ***-**, *층 (명륜동)",부산광역시 동래구 명륜동 ***-***,47815,2022-11-08,영업/정상
부산,멀티펫,,"부산광역시 남구 수영로 **, 금수 (문현동)",부산광역시 남구 문현동 ***-** 금수,48457,2008-08-11,영업/정상
부산,애견마트,051-621-6887,부산광역시 남구 동명로 ***-* (용호동),부산광역시 남구 용호동 ***-*,48566,2008-10-27,영업/정상
부산,아미고펫,051-612-4645,"부산광역시 남구 용소로*번길 **, *층 (대연동)",부산광역시 남구 대연동 **-**,48498,2018-09-17,영업/정상
부산,다온입양센터 부산점 강아지분양 고양이분양,,부산광역시 남구 황령대로***번길 ** (대연동),부산광역시 남구 대연동 ***-**,48510,2020-12-07,영업/정상
부산,부산강아지분양 고양이분양 도그마루,,"부산광역시 남구 수영로 ***, *층 (대연동)",부산광역시 남구 대연동 ****-*,48445,2022-05-04,영업/정상
부산,르헤브 퍼피,,"부산광역시 남구 유엔평화로*번길 **, *층 (대연동)",부산광역시 남구 대연동 ****-*,48504,2023-01-30,영업/정상
부산,프루븐,051-632-1313,부산광역시 남구 수영로 *** (대연동),부산광역시 남구 대연동 ****-*,48445,2023-05-03,영업/정상
부산,오독 강아지 안심분양센터 부산점,,부산광역시 남구 용소로**번길 ** (대연동),부산광역시 남구 대연동 ***-*,48498,2023-09-21,영업/정상
부산,로얄수족관,,"부산광역시 남구 전포대로**번길 **, E마트 (문현동)",부산광역시 남구 문현동 *** E마트,48401,2024-05-29,영업/정상
부산,부산고양이분양 퍼스트캣 부산점,,"부산광역시 남구 수영로 ***, *층 (대연동)",부산광역시 남구 대연동 **-* *층,48509,2024-07-31,영업/정상
부산,패러그린 대연점,,"부산광역시 남구 유엔로***번길 **, 으뜸어린이집 *층 (대연동)",부산광역시 남구 대연동 ***-* 으뜸어린이집,48501,2024-12-06,영업/정상
부산,부산강아지분양 카라멜패밀리,,부산광역시 남구 용소로**번길 * (대연동),부산광역시 남구 대연동 **-*,48498,2026-02-04,영업/정상
부산,애견하우스,051-628-2924,부산광역시 남구 석포로 **-* (감만동),부산광역시 남구 감만동,48490,2008-02-29,영업/정상
부산,강아지 고양이 책임분양센터,,"부산광역시 북구 구포만세길 **, 지오스카이뷰 *층 ***호 (구포동)",부산광역시 북구 구포동 ****-*** 지오스카이뷰,46502,2026-06-18,영업/정상
부산,롯데마트 화명점,051-806-8990,"부산광역시 북구 화명대로 **, 롯데마트 *층 (화명동)",부산광역시 북구 화명동 **** 롯데마트,46525,2012-06-21,영업/정상
부산,바니펫살롱,,"부산광역시 북구 만덕*로 **, 휴먼시아아파트 상가동 ***호 (만덕동)",부산광역시 북구 만덕동 *** 휴먼시아아파트,46561,2019-08-26,영업/정상
부산,여울목 아쿠아,,부산광역시 북구 모분재로 *** (구포동),부산광역시 북구 구포동 ****-**,46624,2021-06-18,영업/정상
부산,부산강아지분양 고양이분양 도그마루,,"부산광역시 북구 금곡대로 ***, *층 (화명동)",부산광역시 북구 화명동 ****-*,46533,2021-10-14,영업/정상
부산,뽀대난 멍냥이,,"부산광역시 북구 덕천로 ***-*, *층 (만덕동)",부산광역시 북구 만덕동 ***-*,46609,2023-05-04,영업/정상
부산,강이네펫샵,,"부산광역시 북구 백양대로 ****, *층 (구포동)",부산광역시 북구 구포동 ***-**,46588,2023-07-27,영업/정상
부산,안심 강아지 고양이 입양소,,"부산광역시 북구 금곡대로***번길 **, *층 (화명동)",부산광역시 북구 화명동 ***-*,46538,2024-07-11,영업/정상
부산,구포동물병원,051-332-1213,"부산광역시 북구 낙동대로 ****, *층 ***호 (구포동)",부산광역시 북구 구포동 ****-*,46503,2025-01-06,영업/정상
부산,리틀펫앤테일,,"부산광역시 북구 백양대로 ****, 상가동 ***호 (구포동, 현대아파트)",부산광역시 북구 구포동 ****-* 현대아파트,46651,2025-10-13,영업/정상
부산,팔레트퍼피,,"부산광역시 해운대구 해운대로 ****-*, *층 (송정동)",부산광역시 해운대구 송정동 ***-**,48073,2026-06-22,영업/정상
부산,(주)코스모스이펙트,,"부산광역시 해운대구 해운대로**번길 **, *층 ***호 (재송동)",부산광역시 해운대구 재송동 ****-*,48054,2019-07-31,영업/정상
부산,시바스럽,,"부산광역시 해운대구 해운대로 ****, *층 (송정동)",부산광역시 해운대구 송정동 ***-*,48073,2020-05-01,영업/정상
부산,스파트리송정,,부산광역시 해운대구 송정해변로 * (송정동),부산광역시 해운대구 송정동 ***-* 해마루,48072,2020-10-23,영업/정상
부산,부산강아지분양 퍼피룸,,"부산광역시 해운대구 재반로 **, *층 (재송동)",부산광역시 해운대구 재송동 ***-* 부일카정비,48056,2021-06-23,영업/정상
부산,소온,,"부산광역시 해운대구 좌동순환로 ***, *층 (중동)",부산광역시 해운대구 중동 ****-*,48114,2021-10-29,영업/정상
부산,(주)우연컴퍼니,,"부산광역시 해운대구 센텀중앙로 **, 센텀스카이비즈 A동 ****호 (재송동)",부산광역시 해운대구 재송동 ****-* 센텀스카이비즈,48058,2022-10-19,영업/정상
부산,퍼피룸 마린시티점,,"부산광역시 해운대구 마린시티*로 **, 카이저빌 ***호 (우동)",부산광역시 해운대구 우동 **** 카이저빌,48118,2022-11-15,영업/정상
부산,하비시앙,,"부산광역시 해운대구 좌동순환로***번길 **, *층 (중동)",부산광역시 해운대구 중동 ****-*,48114,2022-12-22,영업/정상
부산,로얄 수족관,051-608-1234,"부산광역시 해운대구 좌동순환로 ***, 이마트해운대점 *층 (중동)",부산광역시 해운대구 중동 **** 이마트해운대점,48096,2023-07-25,영업/정상
부산,부산 강아지분양 디테일퍼피,,"부산광역시 해운대구 송정광어골로 **, *,*층 (송정동)",부산광역시 해운대구 송정동 ***-*,48073,2023-10-31,영업/정상
부산,망고키즈트라이랩 센텀점,051-522-2223,"부산광역시 해운대구 선수촌로**번길 **, 마린레포츠센터 지하*층 (반여동)",부산광역시 해운대구 반여동 ****-** 마린레포츠센터,48043,2023-11-06,영업/정상
부산,부산강아지분양 브라비펫,,"부산광역시 해운대구 해운대해변로 ***, ***호 (중동)",부산광역시 해운대구 중동 ****-*,48096,2024-05-27,영업/정상
부산,부산고양이분양 캣츠유,,"부산광역시 해운대구 센텀중앙로 **, 센텀 T 타워 ***호 (우동)",부산광역시 해운대구 우동 **** 센텀 T 타워,48059,2024-05-29,영업/정상
부산,부산고양이분양 모나미네코 해운대본점,,"부산광역시 해운대구 달맞이길 **, *층 (중동)",부산광역시 해운대구 중동 ***-*,48097,2024-11-04,영업/정상
부산,스니프 아틀라스,,"부산광역시 해운대구 마린시티*로 ***, ***호 (우동, 현대카멜리아)",부산광역시 해운대구 우동 **** 현대카멜리아,48092,2025-06-11,영업/정상
부산,마마코코-해운대펫츠,,"부산광역시 해운대구 양운로 **, 투모로우 오피스텔 ***호 (좌동)",부산광역시 해운대구 좌동 ****-* 투모로우 오피스텔,48104,2025-07-14,영업/정상
부산,메종 드 네코 센텀본점,,"부산광역시 해운대구 센텀동로 **, 센텀필* ***호 (재송동)",부산광역시 해운대구 재송동 **** 센텀필* ***호,48059,2025-10-17,영업/정상
부산,냥춘기 캣카페,,"부산광역시 해운대구 좌동로 **, 울트라타워 ***호 (좌동)",부산광역시 해운대구 좌동 ****-* 울트라타워,48106,2025-10-31,영업/정상
부산,해운대 강아지분양 큐티독,,"부산광역시 해운대구 마린시티*로 **, 한일오르듀 ***호 (우동)",부산광역시 해운대구 우동 ****-* 한일오르듀,48118,2026-03-30,영업/정상
부산,애견하우스,,"부산광역시 해운대구 재반로 ***-*, *층 (반여동)",부산광역시 해운대구 반여동 ****-****,48051,2008-04-08,영업/정상
부산,나라애견,,부산광역시 해운대구 해운대로 ***-*(우동),부산광역시 해운대구 우동 ***-*,48095,2010-05-12,영업/정상
부산,개키우는 언니,,"부산광역시 해운대구 해운대해변로 ***, ***호 (중동, 동일아파트 상가)",부산광역시 해운대구 중동 ****,48103,2013-04-30,영업/정상
부산,홈플러스 센텀시티점 수족관,,"부산광역시 해운대구 센텀동로 *, 홈플러스 센텀시티점 *층 (우동)",부산광역시 해운대구 우동 **** 홈플러스 센텀시티점,48059,2023-07-25,영업/정상
부산,부산강아지분양 알프펫,,"부산광역시 해운대구 센텀*로 **, 센텀큐 ***호 (우동)",부산광역시 해운대구 우동 **** 센텀큐,48059,2023-08-29,영업/정상
부산,b.b.pet,,"부산광역시 해운대구 마린시티*로 ***, ***호 (우동, 현대카멜리아)",부산광역시 해운대구 우동 **** 현대카멜리아,48092,2023-10-12,영업/정상
부산,쁘띠몽,051-746-2009,"부산광역시 해운대구 좌동로**번길 *, *층 (중동)",부산광역시 해운대구 중동 ****-*,48102,2014-05-04,영업/정상
부산,굿독(Good Dog),,부산광역시 해운대구 양운로**번길 ** (좌동),부산광역시 해운대구 좌동 더퍼스트 오피스텔상가 ***호,48111,2014-09-02,영업/정상
부산,스타독스,051-702-9311,"부산광역시 해운대구 해운대로 ***, ***호 (좌동, 파밀리에펄시티)",,48102,2015-11-13,영업/정상
부산,어메이징펫,,"부산광역시 해운대구 윗반송로**번길 ***, *층 (반송동)",,48005,2017-01-05,영업/정상
부산,견우,051-731-0087,"부산광역시 해운대구 좌동로**번길 **, *층 (중동)",부산광역시 해운대구 중동 ***-*,48082,2017-07-17,영업/정상
부산,펫코스(Pet-cose),051-710-2002,"부산광역시 해운대구 해운대해변로***번길 **, *층 (중동)",부산광역시 해운대구 중동 ****-*,48096,2018-07-19,영업/정상
부산,키티앤퍼피,051-704-7581,"부산광역시 해운대구 해운대로 *** (우동, 해운대한솔솔파크)",부산광역시 해운대구 우동 ***-* 해운대한솔솔파크,48093,2019-05-21,영업/정상
부산,롯데마트 사하점 수족관,051-806-8991,부산광역시 사하구 을숙도대로 *** (장림동),부산광역시 사하구 장림동 ****-**** 롯데마트 사하점,,2012-05-15,영업/정상
부산,똥강아지,051-205-0223,부산광역시 사하구 낙동대로***번길 * (당리동),부산광역시 사하구 당리동 ***-**,49398,2018-09-10,영업/정상
부산,다키애견,,부산광역시 사하구 다대로 *** (다대동),부산광역시 사하구 다대동 ****,49523,2018-09-10,영업/정상
부산,하우스 퍼피,,부산광역시 사하구 장림시장*길 *** (장림동),부산광역시 사하구 장림동 ***-**,49482,2019-10-16,영업/정상
부산,바른개 생활,,"부산광역시 사하구 동매로 **, *층 (하단동)",부산광역시 사하구 하단동 ***-**,49415,2019-11-21,영업/정상
부산,샵돌봄,,부산광역시 사하구 다대로 ***(장림동),부산광역시 사하구 장림동 ***-*,49466,2022-09-16,영업/정상
부산,멍멍아 노~올자,051-526-0901,부산광역시 금정구 서동로 *** (서동),부산광역시 금정구 서동 ***,46318,2008-09-02,영업/정상
부산,예쁜강아지,,부산광역시 금정구 서동로 ***-* (서동),부산광역시 금정구 서동 ***-***,46318,2014-05-13,영업/정상
부산,츄츄애견,,부산광역시 금정구 금정로 ***-* (장전동),부산광역시 금정구 장전동 ***-**,46283,2014-06-03,영업/정상
부산,네로는 검은고양이,,"부산광역시 금정구 수림로 **, *층 (장전동)",부산광역시 금정구 장전동 ***-*,46282,2018-03-23,영업/정상
부산,펫미인,051-583-4144,부산광역시 금정구 금강로 ***-* (구서동),부산광역시 금정구 구서동 ***-**,46242,2018-07-05,영업/정상
부산,캣츠타운,,"부산광역시 금정구 금강로 ***, *층 (남산동)",부산광역시 금정구 남산동 ***-**,46223,2019-02-15,영업/정상
부산,고양이카페 랙돌,,"부산광역시 금정구 금정로**번길 **, *층 (장전동)",부산광역시 금정구 장전동 ***-***,46291,2019-03-08,영업/정상
부산,부산고양이분양 위드캣,,"부산광역시 금정구 중앙대로****번길 **, *층 (구서동)",부산광역시 금정구 구서동 ***-*,46233,2023-04-17,영업/정상
부산,부산강아지분양 마이뭉 24시,,"부산광역시 금정구 금정로 **, 대양빌딩 (장전동)",부산광역시 금정구 장전동 ***-** 대양빌딩,46292,2024-07-31,영업/정상
부산,에스제이네이처(이마트 금정점),,부산광역시 금정구 중앙대로****번길 ** (구서동),부산광역시 금정구 구서동 ***,,2012-08-10,영업/정상
부산,펫피플 스타필드명지점,051-990-0044,"부산광역시 강서구 명지국제*로 ***, 스타필드 시티 명지점 *층 ****호 (명지동)",부산광역시 강서구 명지동 **** 스타필드 시티 명지점,46726,2019-11-01,영업/정상
부산,개츠비 켄넬,,"부산광역시 강서구 명지국제*로 **, ***호 (명지동)",부산광역시 강서구 명지동 ****-*,46726,2020-08-25,영업/정상
부산,드림독 강아지분양 안심분양센터 부산 명지점,,"부산광역시 강서구 명지국제*로***번길 **-*, *층 (명지동)",부산광역시 강서구 명지동 ****-*,46773,2022-04-20,영업/정상
부산,와우펫앤쥬 부산점,,"부산광역시 강서구 명지국제*로 **, 도형건설 ***호호 (명지동)",부산광역시 강서구 명지동 ****-* 도형건설,46726,2022-05-02,영업/정상
부산,뽀글리,,"부산광역시 강서구 명지국제*로**번길 **, *동 *층 ***호 (명지동)",부산광역시 강서구 명지동 ****-*,46726,2022-06-16,영업/정상
부산,올리스24 명지점,,"부산광역시 강서구 명지국제**로 **-*, *층 (명지동)",부산광역시 강서구 명지동 ****-**,46773,2022-08-17,영업/정상
부산,시원애견,,"부산광역시 강서구 명지국제*로**번길 **, ***호 (명지동)",부산광역시 강서구 명지동 ****-*,46726,2023-06-08,영업/정상
부산,부산강아지분양 테디럽 명지본점,,"부산광역시 강서구 명지국제*로***번길 **-*, *층 (명지동)",부산광역시 강서구 명지동 ****-*,46772,2024-01-18,영업/정상
부산,패러그린샵 명지점,,"부산광역시 강서구 명지국제*로 ***, ***호 (명지동)",부산광역시 강서구 명지동 ****-* ***호,46773,2024-06-10,영업/정상
부산,부산햄스터분양 행복햄,,"부산광역시 강서구 신호산단*로 **, 제상가동 *층 *호 (신호동, 부산신호사랑으로부영*차)",부산광역시 강서구 신호동 ***-* 부산신호사랑으로부영*차,46760,2024-10-10,영업/정상
부산,캣플헤븐,,"부산광역시 강서구 명지국제*로 **, 오션퍼스트 *층 ***, ***호 (명지동)",부산광역시 강서구 명지동 ****-* 오션퍼스트,46726,2025-02-12,영업/정상
부산,서울아쿠아룸(홈플러스 아시아드점),,"부산광역시 연제구 종합운동장로 *, 홈플러스 아시아드점 (거제동)",부산광역시 연제구 거제동 **** 홈플러스 아시아드점,47500,2022-11-16,영업/정상
부산,부산강아지분양 드림독 안심분양센터 부산점,,"부산광역시 연제구 연수로**번길 ***, *층 ***호 (연산동)",부산광역시 연제구 연산동 ***-**,47606,2023-02-10,영업/정상
부산,미유펫강아지분양고양이분양 부산점,,"부산광역시 연제구 중앙대로 ****, *층 (연산동)",부산광역시 연제구 연산동 ***-*,47596,2023-12-22,영업/정상
부산,아이디펫 동물병원,,"부산광역시 연제구 중앙대로 ****, *층 (연산동)",부산광역시 연제구 연산동 ***-*,47596,2023-12-22,영업/정상
부산,뷰티 몽,,"부산광역시 연제구 금용로 *, *층 (거제동)",부산광역시 연제구 거제동 ***-*,47530,2025-02-21,영업/정상
부산,로얄수족관,,부산광역시 연제구 연수로 ** (연산동),부산광역시 연제구 연산동 ***-*,,2012-08-28,영업/정상
부산,거제동물병원,,부산광역시 연제구 거제대로 *** (거제동),,47546,2016-10-28,영업/정상
부산,개청순한고양이,051-866-0888,"부산광역시 연제구 반송로 **, ***동 ***호 (연산동, 연산동 일동 미라주 더 스타)",부산광역시 연제구 연산동 **** 연산동 일동 미라주 더 스타 ***동 ***호,47552,2018-04-17,영업/정상
부산,고양이분양 주식회사 제나캣,,"부산광역시 수영구 수영로 ***-*, *층 (남천동)",부산광역시 수영구 남천동 **-**,48316,2024-10-07,영업/정상
부산,파충류샵 스마일게코,,"부산광역시 수영구 연수로***번길 *, 엠아이디엠사옥 지하 *층 (망미동)",부산광역시 수영구 망미동 ***-* 엠아이디엠사옥 지하 *층,48207,2025-01-09,영업/정상
부산,부산강아지분양 유독,051-711-6333,부산광역시 수영구 과정로**번길 ** (망미동),부산광역시 수영구 망미동 ***-**,48218,2025-02-24,영업/정상
부산,냥냥늉늉,,"부산광역시 수영구 광안해변로 ***, 민락동씨랜드활어센타 ***호 (민락동)",부산광역시 수영구 민락동 ***-*** 민락동씨랜드활어센타 ***호,48290,2025-05-28,영업/정상
부산,"나, 비야",,"부산광역시 수영구 구락로 **-*, *층 (수영동)",부산광역시 수영구 수영동 ***-* *층,48225,2025-05-30,영업/정상
부산,꼬똥 드 피피피 펫스테이션점,,"부산광역시 수영구 수영로 지하***, 도시철도 광안역 지하*층 D*호 (광안동)",부산광역시 수영구 광안동 *** 도시철도 광안역 지하*층 D*호,48298,2025-06-10,영업/정상
부산,애니멀숲,,"부산광역시 수영구 민락수변로 **, 민락동 바다마루 ***, ***호 (민락동)","부산광역시 수영구 민락동 ***-*** 민락동 바다마루 ***, ***호",48283,2025-12-19,영업/정상
부산,웰빙펫,051-759-5285,부산광역시 수영구 감포로**번길 ** (민락동),부산광역시 수영구 민락동 ***-**,,2010-07-19,영업/정상
부산,털보애견,,부산광역시 수영구 수영로 *** (광안동),부산광역시 수영구 광안동,48264,2008-02-25,영업/정상
부산,명문애견,,부산광역시 수영구 감포로 ** (광안동),부산광역시 수영구 광안동 **-*,48266,2008-04-11,영업/정상
부산,앰플스위트,,부산광역시 수영구 구락로 ** (수영동),부산광역시 수영구 수영동 ***-**,48225,2014-06-25,영업/정상
부산,펫살롱 코코,,부산광역시 수영구 수영로 ***-* (광안동),,48300,2015-12-11,영업/정상
부산,바우스토리,,"부산광역시 수영구 남천동로***번길 **, *층 (남천동)",,48304,2015-12-17,영업/정상
부산,쁘띠몽 펫샵,,"부산광역시 수영구 망미번영로**번길 ***, *층 (수영동)",부산광역시 수영구 수영동 ***-*,48232,2022-05-23,영업/정상
부산,개키우는오빠 Love&Dog,,"부산광역시 수영구 광남로 ***-*, *층 (민락동)",부산광역시 수영구 민락동 ***-*,48286,2017-04-14,영업/정상
부산,두두펫케어,051-755-1312,부산광역시 수영구 망미로*번길 ** (광안동),부산광역시 수영구 광안동 ****-**,48240,2018-06-12,영업/정상
부산,프란다스의 개,051-753-4490,"부산광역시 수영구 수영로***번길 **, 상가동 ***호 (광안동)",부산광역시 수영구 광안동 ***-* 상가동 ***호,48300,2018-09-06,영업/정상
부산,우리애견,,부산광역시 수영구 구락로**번길 * (망미동),부산광역시 수영구 망미동 ***-*,48216,2018-09-20,영업/정상
부산,LOUISMONG(루이몽),,부산광역시 수영구 망미번영로**번길 ** (수영동),부산광역시 수영구 수영동 ***-*,48231,2019-05-08,영업/정상
부산,부산강아지분양 디몽 광안리본점,,"부산광역시 수영구 민락수변로 **, ***호 (민락동)",부산광역시 수영구 민락동 ***-**,48283,2023-03-30,영업/정상
부산,WPK(더블유피케이),,부산광역시 수영구 연수로***번길 * (망미동),부산광역시 수영구 망미동 ***-*,48207,2023-06-07,영업/정상
부산,꼬똥몽드,,부산광역시 수영구 연수로***번길 * (망미동),부산광역시 수영구 망미동 ***-*,48207,2023-06-07,영업/정상
부산,꼬동이네,,"부산광역시 수영구 광안해변로***번길 **, ***호 (민락동, e편한세상 오션테라스 *단지)",부산광역시 수영구 민락동 *** e편한세상 오션테라스 *단지,48281,2023-06-08,영업/정상
부산,부산고양이분양제나캣 사상점,,"부산광역시 사상구 사상로 ***-*, *층 (덕포동)",부산광역시 사상구 덕포동 ***-**,46954,2025-02-04,영업/정상
부산,(주)바이오시스템아쿠아(롯데마트사상점),051-806-8991,부산광역시 사상구 낙동대로 *** (엄궁동),부산광역시 사상구 엄궁동 ***,47032,2012-06-20,영업/정상
부산,에스제이네이처(이마트사상점),,부산광역시 사상구 광장로 ** (괘법동),부산광역시 사상구 괘법동 ***-*,46970,2013-01-09,영업/정상
부산,도그와트(Dogwarts),,부산광역시 사상구 강선로**번길 ** (덕포동),부산광역시 사상구 덕포동 ***-*,46953,2014-05-09,영업/정상
부산,개발바닥,,부산광역시 사상구 운산로 *-* (삼락동),부산광역시 사상구 삼락동 -*** **통,46912,2016-03-30,영업/정상
부산,큐티퍼피,,부산광역시 사상구 백양대로 *** (덕포동),부산광역시 사상구 덕포동 ***-*,46941,2017-02-15,영업/정상
부산,스몰펫하우스,,"부산광역시 사상구 사상로 ***, *층 (감전동)",부산광역시 사상구 감전동 ***-*,46982,2020-09-24,영업/정상
부산,부산 강아지분양 도로시펫,,"부산광역시 사상구 가야대로 ***, A동 (주례동)",부산광역시 사상구 주례동 ***-**,47007,2021-02-22,영업/정상
부산,부산고양이 분양 도로시펫,,"부산광역시 사상구 가야대로 ***, A동 *층 (주례동)",부산광역시 사상구 주례동 ***-**,47007,2022-04-26,영업/정상
부산,486독스쿨,,부산광역시 사상구 모라로***번길 ** (모라동),부산광역시 사상구 모라동 ***-*,46932,2024-01-29,영업/정상
부산,쁘니＆비키,,부산광역시 사상구 냉정로 *** (주례동),부산광역시 사상구 주례동 **-*,47009,2011-04-13,영업/정상
부산,코네코,,"부산광역시 기장군 정관읍 정관로 ***, ***호",부산광역시 기장군 정관읍 매학리 ***-*,46017,2026-04-19,영업/정상
부산,헤어포펫,,"부산광역시 기장군 정관읍 정관로 ***, ***호",부산광역시 기장군 정관읍 모전리 ***-*,46008,2026-05-18,영업/정상
부산,핑크애견,051-721-8188,부산광역시 기장군 기장읍 차성동로 **,부산광역시 기장군 기장읍 동부리 ***-*,46061,2009-05-25,영업/정상
부산,부산애견대학,,"부산광역시 기장군 장안읍 좌동길 *, *층",부산광역시 기장군 장안읍 좌동리 ***-*,46033,2018-02-09,영업/정상
부산,디오지,,"부산광역시 기장군 정관읍 구연*로 **, B동 ***, ***호","부산광역시 기장군 정관읍 매학리 ***-* B동 ***, ***호",46023,2018-06-21,영업/정상
부산,복남펫하우스,,부산광역시 기장군 정관읍 달산*길 **,부산광역시 기장군 정관읍 달산리 ****-*,46024,2020-10-28,영업/정상
부산,코코스퀘어,,,부산광역시 기장군 기장읍 시랑리 ***-** *층,,2021-06-24,영업/정상
부산,와우펫앤쥬(기장점),,"부산광역시 기장군 정관읍 구연방곡로 **, *층",부산광역시 기장군 정관읍 방곡리 ***,46022,2022-11-15,영업/정상
부산,애견의 집,051-724-2755,부산광역시 기장군 기장읍 차성남로**번길 **,부산광역시 기장군 기장읍 대라리 ***-* 바다마을,46066,2023-01-12,영업/정상
부산,에스쁘레,,부산광역시 기장군 기장읍 차성남로 **,부산광역시 기장군 기장읍 대라리 ***-*,46066,2023-01-26,영업/정상
부산,리프패럿 일광점,,"부산광역시 기장군 일광읍 해빛로 **, 센트럴파크*차 ***호",부산광역시 기장군 일광읍 삼성리 ***-*,46048,2023-03-30,영업/정상
부산,댕천탕,,"부산광역시 기장군 정관읍 정관로 ***, ***동 ***호 (이지 더원 *차 아파트)",부산광역시 기장군 정관읍 모전리 *** 이지 더원 *차 아파트,46007,2025-04-10,영업/정상
부산,JY펫,051-902-0023,"부산광역시 기장군 기장읍 차성동로***번길 *, 엘림음악학원 *층",부산광역시 기장군 기장읍 교리 ***-* 엘림음악학원,46055,2025-12-04,영업/정상
대구,골든햄스터분양 달빛햄스터리 대구점,,"대구광역시 중구 동덕로*길 **-*, *층 (대봉동)",대구광역시 중구 대봉동 ***-***,41953,2026-08-10,영업/정상
대구,대구고양이분양 원펫,,대구광역시 중구 달구벌대로 ****-*(봉산동),대구광역시 중구 봉산동 ***-**,41959,2008-02-25,영업/정상
대구,강아지 대통령,,대구광역시 중구 달구벌대로 **** (봉산동),대구광역시 중구 봉산동 **-*,,2010-10-29,영업/정상
대구,삼덕애견,,대구광역시 중구 달구벌대로 **** (봉산동),대구광역시 중구 봉산동 ***-**,41943,2014-11-17,영업/정상
대구,기역(ㄱ)유통,053-252-9133,대구광역시 중구 태평로 ** (태평로*가),대구광역시 중구 태평로*가 ***-*,41901,2015-08-27,영업/정상
대구,개키우는남자 강아지분양 대구본점,,대구광역시 중구 달구벌대로 **** (봉산동),대구광역시 중구 봉산동 ***-*,41943,2015-12-22,영업/정상
대구,디캣,,대구광역시 중구 달구벌대로 **** (봉산동),대구광역시 중구 봉산동 ***-**,41943,2017-07-18,영업/정상
대구,대구강아지분양 애견입양 아이러브독,,"대구광역시 중구 명덕로 ***, 청구의원 (대봉동)",대구광역시 중구 대봉동 ***-** 청구의원,41953,2017-12-21,영업/정상
대구,도그라이프 대구강아지분양,,대구광역시 중구 달구벌대로 **** (봉산동),대구광역시 중구 봉산동 ***-*,41943,2018-01-05,영업/정상
대구,대구강아지분양 원펫,053-422-0250,"대구광역시 중구 달구벌대로 ****, *층 (봉산동)",대구광역시 중구 봉산동 ***-*,41943,2018-12-24,영업/정상
대구,고양이날다,,"대구광역시 중구 동성로*길 **, *층 (삼덕동*가)",대구광역시 중구 삼덕동*가 **-** *층,41942,2019-02-26,영업/정상
대구,야옹아놀자,,"대구광역시 중구 달구벌대로 ****-*, *층 (봉산동)",대구광역시 중구 봉산동 ***-**,41959,2021-10-05,영업/정상
대구,다온 입양센터 대구점 강아지분양 고양이분양,,"대구광역시 중구 동성로*길 **, *층 ***호 (공평동)",대구광역시 중구 공평동 **-*,41938,2022-01-26,영업/정상
대구,대구 고양이분양 캣갤러리,,대구광역시 중구 달구벌대로 ****(봉산동),대구광역시 중구 봉산동 **-*,41943,2023-02-21,영업/정상
대구,강아지를 부탁해,,대구광역시 중구 달구벌대로 ****(봉산동),대구광역시 중구 봉산동 **-*,41943,2023-03-08,영업/정상
대구,캣플 헤븐 대구 동성로점,,"대구광역시 중구 공평로 **, *층 (삼덕동*가, 동성로 SK 리더스뷰)",대구광역시 중구 삼덕동*가 *** 동성로 SK 리더스뷰,41940,2025-06-02,영업/정상
대구,대구강아지분양 플랜멍 본점,,대구광역시 중구 달구벌대로 **** (봉산동),대구광역시 중구 봉산동 ***-*,41943,2026-08-18,영업/정상
대구,서울아쿠아룸,,"대구광역시 동구 안심로 **, 롯데쇼핑프라자 (율하동)",대구광역시 동구 율하동 **** 롯데쇼핑프라자,41097,2019-03-06,영업/정상
대구,모모애견미용실,,대구광역시 동구 동부로 ** (신천동),대구광역시 동구 신천동 **-*,41226,2019-11-25,영업/정상
대구,벗,,대구광역시 동구 인산로 **-** (진인동),대구광역시 동구 진인동 ***,41015,2019-12-24,영업/정상
대구,고양이무마취미용 무냥무냥 대구점,,"대구광역시 동구 방촌로 ***-*, *층 (방촌동)",대구광역시 동구 방촌동 ***-***,41136,2020-08-11,영업/정상
대구,대구강아지분양 마마스미독 본점,,대구광역시 동구 율하동로**길 **-* (율하동),대구광역시 동구 율하동 ***-**,41122,2021-02-18,영업/정상
대구,이재룡의 뭉개뭉개 유치원,,"대구광역시 동구 이노밸리로**길 **, ***호 (각산동)",대구광역시 동구 각산동 ****-* ***호,41065,2021-07-12,영업/정상
대구,멍냥캉스,,"대구광역시 동구 경안로 ***, 상록빌딩 (각산동)",대구광역시 동구 각산동 ****-* 상록빌딩,41065,2021-09-10,영업/정상
대구,VIP Dog,,"대구광역시 동구 메디밸리로 *-*, ***호 (대림동)",대구광역시 동구 대림동 ***-* ***호,41072,2021-11-24,영업/정상
대구,멜로디펍스,,"대구광역시 동구 율하동로**길 **, 지하*층 (율하동)",대구광역시 동구 율하동 *** 지하*층,41121,2023-06-29,영업/정상
대구,MUMYU,,"대구광역시 동구 신암북로 *-*, *층 (신암동)",대구광역시 동구 신암동 ***-**,41195,2025-03-17,영업/정상
대구,앨리스동물병원,053-963-0775,"대구광역시 동구 안심로 ***, *동 ***호 (신서동)",대구광역시 동구 신서동 ***,41083,2025-08-13,영업/정상
대구,캄그루밍,,대구광역시 동구 파계로 *** (중대동),대구광역시 동구 중대동 ***,41001,2011-09-26,영업/정상
대구,이쁘개귀엽개,070-8126-8761,"대구광역시 동구 국채보상로***길 **, ***동 ***호 (신천동, 우방푸른타운상가)",대구광역시 동구 신천동 ***-* 우방푸른타운상가 ***동 ***호,41267,2014-04-18,영업/정상
대구,에스제이네이처(이마트반야월점),,대구광역시 동구 안심로 ***-* (신서동),대구광역시 동구 신서동 ***-*,41084,2014-10-17,영업/정상
대구,멍's STORY,,대구광역시 동구 동호로*길 ** (신서동),대구광역시 동구 신서동 ***-*,41087,2015-04-13,영업/정상
대구,마이펫 강아지분양 고양이분양 대구2호점,,"대구광역시 동구 안심로 ***-*, 더블럭 ***호 (신서동)",대구광역시 동구 신서동 ***-** 더블럭,41083,2015-07-13,영업/정상
대구,펫매니저(율하점),,"대구광역시 동구 율하동로 **, ***호 (율하동)",대구광역시 동구 율하동 ***호,41102,2016-01-15,영업/정상
대구,묘한냥,,대구광역시 동구 동호로**길 ** (신서동),대구광역시 동구 신서동 ***-*,41088,2017-07-07,영업/정상
대구,에버노블,,"대구광역시 동구 이노밸리로**길 **-*, *층 (신서동)",대구광역시 동구 신서동 ****-*,41068,2017-11-27,영업/정상
대구,신비돌스 랙돌 캐터리,,대구광역시 동구 아양로 *** (신암동),대구광역시 동구 신암동 ***-**,41199,2018-06-14,영업/정상
대구,엔젤퍼피,053-965-5979,대구광역시 동구 안심로**길 **-** (율하동),대구광역시 동구 율하동 ****,41106,2018-11-05,영업/정상
대구,스테이 파우,,"대구광역시 서구 고성로 **, ***동 ***호 (원대동*가, 서대구센트럴자이)",대구광역시 서구 원대동*가 **** 서대구센트럴자이,41716,2026-03-05,영업/정상
대구,아리하우스,,대구광역시 서구 북비산로 ***-* (비산동),대구광역시 서구 비산동 ***-*,41779,2017-09-29,영업/정상
대구,넥서스켄넬,,"대구광역시 서구 서대구로 ***, *층 (비산동)",대구광역시 서구 비산동 ****-*,41710,2018-03-12,영업/정상
대구,우진펫,,대구광역시 서구 북비산로**길 **-* (비산동),대구광역시 서구 비산동 ***-**,41745,2021-01-11,영업/정상
대구,젠틀펫,053-586-3512,대구광역시 서구 와룡로**길 ** (중리동),대구광역시 서구 중리동 ****-***,41843,2023-04-19,영업/정상
대구,몽팸(Mong Fam),,대구광역시 서구 통학로*길 **-* (내당동),대구광역시 서구 내당동 **-*,41862,2023-09-11,영업/정상
대구,스타독스,,대구광역시 서구 통학로 ** (평리동),대구광역시 서구 평리동 ****-**,41831,2025-11-14,영업/정상
대구,애견전람회,,대구광역시 서구 평리로 ***-* (평리동),대구광역시 서구 평리동 ****-*,41840,2014-10-07,영업/정상
대구,하이멍 강아지분양고양이분양 대구점,,"대구광역시 남구 신촌길 **-*, *층 (봉덕동)",대구광역시 남구 봉덕동 ****-*,42510,2026-04-13,영업/정상
대구,야옹아놀자,,"대구광역시 남구 봉덕로*길 **, *층 (봉덕동)",대구광역시 남구 봉덕동 ***-**,42428,2018-08-27,영업/정상
대구,도그어게인,,"대구광역시 남구 대명로 ***, *층 (대명동)",대구광역시 남구 대명동 ****-*,42481,2020-03-19,영업/정상
대구,대구강아지분양 도로시펫,,"대구광역시 남구 명덕로 ***, *층 동편상가호 (대명동)",대구광역시 남구 대명동 ****-*,42402,2024-02-16,영업/정상
대구,대구고양이분양 도로시펫,,"대구광역시 남구 명덕로 ***, *층 서편상가호 (대명동)",대구광역시 남구 대명동 ****-*,42402,2024-02-22,영업/정상
대구,주식회사 대구고양이분양 네코냥,,대구광역시 남구 대경*길 **-* (대명동),대구광역시 남구 대명동 ****-*,42458,2024-12-12,영업/정상
대구,대구 고양이분양 오묘,,"대구광역시 남구 큰골길 ***-*, *층 (대명동)",대구광역시 남구 대명동 ***-*,42452,2025-08-27,영업/정상
대구,아쿠아플러스 남대구점,,대구광역시 남구 대명로 *** (대명동),대구광역시 남구 대명동 ***-* 홈플러스남대구점 *층,,2012-11-02,영업/정상
대구,햄플래닛,,"대구광역시 북구 관음중앙로 **-*, *층 (관음동)",대구광역시 북구 관음동 ****-**,41445,2026-06-24,영업/정상
대구,미유펫대구 강아지분양고양이분양(도그플러스동물병원),053-314-0075,대구광역시 북구 동암로**길 * (동천동),대구광역시 북구 동천동 ***,,2008-12-24,영업/정상
대구,로얄 수족관,,대구광역시 북구 침산로 ** (칠성동*가),대구광역시 북구 칠성동*가 **-*,41593,2014-06-30,영업/정상
대구,뿌이숑,,"대구광역시 북구 학남로 **, *층 (국우동)",대구광역시 북구 국우동 ****-*,41419,2015-04-24,영업/정상
대구,멍뭉몽,,대구광역시 북구 태암남로 ** (구암동),,41465,2016-11-25,영업/정상
대구,미인개,,"대구광역시 북구 매전로 **, *층 (태전동)",대구광역시 북구 태전동 ****,41471,2018-04-16,영업/정상
대구,서울아쿠아룸(홈플러스칠곡점),,"대구광역시 북구 동암로**길 *, 칠곡홈플러스 *층 (동천동)",대구광역시 북구 동천동 *** 칠곡홈플러스 *층,41422,2022-04-01,영업/정상
대구,마스코타 펫,,"대구광역시 북구 복현로 ***, 상가동 *층 ***호 (복현동, 복현*차서한이다음)",대구광역시 북구 복현동 *** 복현*차서한이다음,41522,2023-11-24,영업/정상
대구,대구강아지분양 대구고양이분양 대구펫본점,,대구광역시 북구 동암로 ** (학정동),대구광역시 북구 학정동 ***-*,41406,2024-11-01,영업/정상
대구,마이펫 강아지분양 고양이분양 대구점,,대구광역시 북구 공항로 ** (복현동),대구광역시 북구 복현동 ***-*,41526,2025-04-10,영업/정상
대구,대구강아지분양 대구고양이분양 도그하우스대구점,,"대구광역시 북구 태전로*길 *, ***호 (태전동)",대구광역시 북구 태전동 ***-*,41457,2025-05-01,영업/정상
대구,펫리홈,,"대구광역시 수성구 달구벌대로***길 **, *층 (시지동)",대구광역시 수성구 시지동 ***-* *층,42253,2026-02-26,영업/정상
대구,대구 소동물 파충류샵 게코아트,,"대구광역시 수성구 동원로*길 **, *층 (범어동)",대구광역시 수성구 범어동 ***-**,42031,2026-06-11,영업/정상
대구,작은동물원,,대구광역시 수성구 동원로 **(만촌동),대구광역시 수성구 만촌동 ***-**,42048,2014-02-26,영업/정상
대구,마리오펫,053-248-2858,"대구광역시 수성구 무학로**길 **, *층 (두산동)",대구광역시 수성구 두산동 ***-* *층,42174,2014-05-08,영업/정상
대구,로얄수족관(이마트만촌점),,대구광역시 수성구 동원로 *** (만촌동),대구광역시 수성구 만촌동 ****-*,42037,2014-07-11,영업/정상
대구,퍼피퍼피,,대구광역시 수성구 무학로**길 ** (지산동),대구광역시 수성구 지산동 ****-*,42185,2014-09-01,영업/정상
대구,딱지애견샵,053-763-6445,"대구광역시 수성구 수성로 ** (상동, 수성동일하이빌레이크시티아파트 상가 ***,***호)",,42166,2015-09-16,영업/정상
대구,디오레 포메라니안,,대구광역시 수성구 용학로**길 ** (지산동),,42219,2016-11-18,영업/정상
대구,동일애견샵,,"대구광역시 수성구 수성로 **, 상가A동 *층 ***호 (상동, 수성동일하이빌레이크시티아파트)",대구광역시 수성구 상동 *** 수성동일하이빌레이크시티아파트,42166,2018-07-09,영업/정상
대구,일랑일랑,,대구광역시 수성구 들안로**길 * (두산동),대구광역시 수성구 두산동 **-*,42169,2018-07-26,영업/정상
대구,Hello Dog,,"대구광역시 수성구 희망로**길 **, *층 (황금동)",대구광역시 수성구 황금동 ***-*,42145,2018-12-21,영업/정상
대구,러블리펫,053-795-7771,"대구광역시 수성구 달구벌대로 ****, 상가***동 *호 (신매동, 신매동 효성 백년가약 (청))",대구광역시 수성구 신매동 *** 신매동 효성 백년가약 (청) 상가***동 *호,42271,2019-02-18,영업/정상
대구,해피페이트,,"대구광역시 수성구 수성로 ***, *층 (중동)",대구광역시 수성구 중동 **-*,42133,2020-02-14,영업/정상
대구,더 스마일독,,"대구광역시 수성구 수성로 **-*, *층 (상동)",대구광역시 수성구 상동 ***-**,42201,2022-03-04,영업/정상
대구,도그패밀리,,대구광역시 수성구 청수로 **(중동),대구광역시 수성구 중동 ***-*,42154,2022-04-07,영업/정상
대구,라온캣 대구고양이 분양,,대구광역시 수성구 무열로 ** (만촌동),대구광역시 수성구 만촌동 ***-**,42060,2022-11-11,영업/정상
대구,도그도그샵,,"대구광역시 수성구 달구벌대로***길 **-**, *층 (만촌동)",대구광역시 수성구 만촌동 ***-** *층,42068,2022-11-25,영업/정상
대구,쁘리에숑,,대구광역시 수성구 들안로**길 **(수성동*가),대구광역시 수성구 수성동*가 ***-*,42142,2023-03-27,영업/정상
대구,베비댕,,"대구광역시 수성구 무학로**안길 **, *층 (두산동)",대구광역시 수성구 두산동 ***-*,42174,2024-04-23,영업/정상
대구,대구곤충마트,,"대구광역시 수성구 범어로**길 **, *층 (범어동)",대구광역시 수성구 범어동 ***-*,42087,2024-05-03,영업/정상
대구,대구고양이분양 도레미캣,,"대구광역시 수성구 만촌로 **, *층 (만촌동)",대구광역시 수성구 만촌동 ***-**,42043,2024-05-24,영업/정상
대구,대구강아지분양 럽댕,,"대구광역시 수성구 동원로 **, *층 (범어동)",대구광역시 수성구 범어동 ***-**,42031,2024-06-11,영업/정상
대구,퍼피애견샵,053-782-7940,"대구광역시 수성구 지범로 **, *층 (지산동)",대구광역시 수성구 지산동 ****-**,42187,2025-09-02,영업/정상
대구,피치돌 랙돌캐터리,,"대구광역시 수성구 동대구로**길 **, *층 (지산동)",대구광역시 수성구 지산동 ***-*,42177,2025-10-22,영업/정상
대구,주식회사 대구강아지분양고양이분양도그마루,,"대구광역시 수성구 달구벌대로***길 **, *층 (범어동)",대구광역시 수성구 범어동 ***-** *층,42087,2019-04-19,영업/정상
대구,로얄수족관(이마트 성서점),,대구광역시 달서구 이곡동로 ** (이곡동),,42620,2014-07-01,영업/정상
대구,로얄수족관(이마트 월배점),,대구광역시 달서구 진천로 ** (대천동),,42778,2014-07-01,영업/정상
대구,즐겨찾개,,대구광역시 달서구 야외음악당로 *** (두류동),대구광역시 달서구 두류동 ***-*,42649,2015-03-02,영업/정상
대구,미니펫스토리,070-8779-5058,"대구광역시 달서구 송현동길 **, *층 (송현동)",대구광역시 달서구 송현동 ****-* *층,42740,2018-01-04,영업/정상
대구,캣월드,,대구광역시 달서구 파도고개로 *** (두류동),대구광역시 달서구 두류동 ***-**,42667,2018-03-30,영업/정상
대구,아이러브독도,053-285-3434,"대구광역시 달서구 서당로*길 **, *층 (신당동)","대구광역시 달서구 신당동 ****-* , *층",42608,2018-09-25,영업/정상
대구,플랜멍 강아지분양 대구본점,,"대구광역시 달서구 한실로*길 ***-**, *층 ***호 (대곡동)",대구광역시 달서구 대곡동 ****-*,42829,2021-08-05,영업/정상
대구,대구 고양이분양 퍼스트캣 대구점,,"대구광역시 달서구 상원로 ***, *층 (진천동)",대구광역시 달서구 진천동 **-**,42783,2021-12-23,영업/정상
대구,대구강아지분양 퍼피얌,,"대구광역시 달서구 한실로*길 ***-**, *층 ***호 (대곡동)",대구광역시 달서구 대곡동 ****-*,42829,2022-07-22,영업/정상
대구,서울아쿠아룸(홈플러스 성서점),,"대구광역시 달서구 달구벌대로 ****, 지하*층 (용산동)",대구광역시 달서구 용산동 ***-**,42637,2023-01-06,영업/정상
대구,엔젤짐 반려견 아카데미,,"대구광역시 달서구 달구벌대로***안길 **, *층 (이곡동)",대구광역시 달서구 이곡동 ****-*,42612,2024-06-11,영업/정상
대구,대구강아지분양 홍스퍼피,,"대구광역시 달서구 비슬로***길 *, 우보빌딩 *층 *호 (대곡동)",대구광역시 달서구 대곡동 *** 우보빌딩,42765,2024-12-09,영업/정상
대구,달빛햄스터리 대구점,,"대구광역시 달서구 장기로 **, *층 (성당동)",대구광역시 달서구 성당동 ***-*,42678,2025-09-09,영업/정상
대구,보름달 소동물,,"대구광역시 달서구 상화로**길 **, *층 (진천동)",대구광역시 달서구 진천동 ***,42775,2026-02-09,영업/정상
대구,와우펫앤쥬 대구점,,"대구광역시 달서구 달구벌대로 ****, *층 (이곡동)",대구광역시 달서구 이곡동 ***-*,42612,2022-12-12,영업/정상
대구,살롱드퍼피,,"대구광역시 달성군 유가읍 테크노중앙대로 ***, 하이젠스타",대구광역시 달성군 유가읍 봉리 *** 하이젠스타,43018,2017-06-07,영업/정상
대구,대구강아지분양 테디럽,,"대구광역시 달성군 다사읍 대실역남로*길 **-**, *층",대구광역시 달성군 다사읍 죽곡리 ***-* *층,42917,2026-03-06,영업/정상
대구,별빛수족관,,대구광역시 달성군 논공읍 논공로*길 **,대구광역시 달성군 논공읍 북리 ***-**,42979,2021-04-16,영업/정상
대구,아이조아요양보호소 대구점,,대구광역시 달성군 다사읍 서재로 **-*,대구광역시 달성군 다사읍 서재리 ***-*,42929,2021-12-03,영업/정상
대구,마샹스&마벨독,,대구광역시 달성군 가창면 가창로 ***,대구광역시 달성군 가창면 냉천리 ***-*,42938,2022-05-24,영업/정상
대구,데디펫,,"대구광역시 달성군 현풍읍 테크노상업로 **, 테크노타워 *층 ***호",대구광역시 달성군 현풍읍 중리 ***,43017,2023-09-11,영업/정상
대구,블랙라벨,,"대구광역시 달성군 화원읍 성화로*길 *, *층",대구광역시 달성군 화원읍 성산리 ***-*,42946,2023-12-19,영업/정상
대구,퍼피아뜰리에,,"대구광역시 달성군 현풍읍 테크노상업로 **, *층 ***호",대구광역시 달성군 현풍읍 중리 ***-*,43017,2024-03-12,영업/정상
대구,대구고양이분양 테디럽,,"대구광역시 달성군 다사읍 대실역남로*길 **-**, *층",대구광역시 달성군 다사읍 죽곡리 ***-*,42917,2024-08-21,영업/정상
대구,샤방샤방,053-285-7979,"대구광역시 달성군 현풍읍 테크노상업로 **, ***호",대구광역시 달성군 현풍읍 중리 ***,43017,2019-08-01,영업/정상
인천,봉쥬르멍멍,,"인천광역시 영종구 운서로*번길 **, *층 (운서동)",인천광역시 영종구 운서동 ****-*,22361,2021-03-19,영업/정상
인천,AMI PET CONSULT,,"인천광역시 영종구 백운로 **, *층 (중산동)",인천광역시 영종구 중산동 ****-**,22358,2021-07-17,영업/정상
인천,AMI PET,,"인천광역시 영종구 백운로 **, *층 (중산동)",인천광역시 영종구 중산동 ****-*,22358,2021-07-18,영업/정상
인천,화이트포메라니안,,인천광역시 영종구 오작로 **(중산동),인천광역시 영종구 중산동 ****-*,22391,2022-05-16,영업/정상
인천,인천강아지분양 판도라독 가정분양,,"인천광역시 영종구 은하수로**번길 **, *층 (중산동)",인천광역시 영종구 중산동 ****-*,22410,2023-08-07,영업/정상
인천,개굳,,인천광역시 영종구 운중로 ** (운남동),인천광역시 영종구 운남동 ***-**,22359,2023-09-26,영업/정상
인천,크레이쥬,,"인천광역시 영종구 하늘중앙로***번길 **, 정인타워 ***, ***호 (중산동)",인천광역시 영종구 중산동 ****-* 정인타워,22402,2024-06-20,영업/정상
인천,작은 동물들,,"인천광역시 영종구 자연대로 **, 비젼프라자 II ***호 (중산동)",인천광역시 영종구 중산동 ****-** 비젼프라자 II,22397,2025-11-24,영업/정상
인천,아기와 나 펫살롱,,"인천광역시 영종구 하늘중앙로***번길 **, ***호 (중산동)",인천광역시 영종구 중산동 ****-*,22402,2026-03-13,영업/정상
인천,(주)이마트 동인천점,032-451-1234,"인천광역시 중구 인중로 ***, 동인천이마트 (신생동)",인천광역시 중구 신생동 ** 동인천이마트,22324,2013-01-02,영업/정상
인천,따루네 애견샵,,인천광역시 중구 제물량로 *** (신포동),인천광역시 중구 신포동 **-*,22322,2016-11-07,영업/정상
인천,강아지나라,032-762-1094,"인천광역시 중구 우현로 ** (내동, 피아투,강아지나라)",인천광역시 중구 내동 ***-*,22322,2017-10-25,영업/정상
인천,참 동물병원,,인천광역시 중구 우현로 ** (내동),인천광역시 중구 내동 ***-** 웅이네과일,22322,2019-09-24,영업/정상
인천,아울렛마트,,"인천광역시 중구 우현로 **-*, 아울렛마트(신포국제시장점) (내동)",인천광역시 중구 내동 ***-** 아울렛마트(신포국제시장점),22322,2025-08-27,영업/정상
인천,제시카 폼,,인천광역시 영종구 백운로***번길 * (운남동),인천광역시 영종구 운남동 ***-**,22357,2018-02-23,영업/정상
인천,오요요,,인천광역시 제물포구 화도진로 ** (송현동),인천광역시 제물포구 송현동 **-*,22551,2016-11-28,영업/정상
인천,따루네 애견샵,,인천광역시 제물포구 제물량로 *** (신포동),인천광역시 제물포구 신포동 **-*,22322,2016-11-07,영업/정상
인천,강아지나라,032-762-1094,"인천광역시 제물포구 우현로 ** (내동, 피아투,강아지나라)",인천광역시 제물포구 내동 ***-*,22322,2017-10-25,영업/정상
인천,주주클럽,032-777-4599,인천광역시 제물포구 송림로 *** (송림동),인천광역시 제물포구 송림동 **-**,22545,2018-05-08,영업/정상
인천,멍살롱,,"인천광역시 제물포구 송화로 **-*, *층 (화평동)",인천광역시 제물포구 화평동 ***,22518,2018-06-26,영업/정상
인천,참 동물병원,,인천광역시 제물포구 우현로 ** (내동),인천광역시 제물포구 내동 ***-** 웅이네과일,22322,2019-09-24,영업/정상
인천,아이펫살롱,,"인천광역시 제물포구 새천년로 **-*, *층 (송림동)",인천광역시 제물포구 송림동 **-**,22559,2022-03-02,영업/정상
인천,강경웅,,"인천광역시 제물포구 송향로 **, ***동 ****호 (송림동, 송림휴먼시아*단지)",인천광역시 제물포구 송림동 *** 송림휴먼시아*단지,22535,2023-12-04,영업/정상
인천,아울렛마트,,"인천광역시 제물포구 우현로 **-*, 아울렛마트(신포국제시장점) (내동)",인천광역시 제물포구 내동 ***-** 아울렛마트(신포국제시장점),22322,2025-08-27,영업/정상
인천,(주)이마트 동인천점,032-451-1234,"인천광역시 제물포구 인중로 ***, 동인천이마트 (신생동)",인천광역시 제물포구 신생동 ** 동인천이마트,22324,2013-01-02,영업/정상
인천,밍키애견,032-889-5001,인천광역시 제물포구 새천년로 ** (송림동),인천광역시 제물포구 송림동 **-**,22560,2009-04-01,영업/정상
인천,둥지애견,032-874-1555,인천광역시 미추홀구 인하로***번길 * (용현동),인천광역시 미추홀구 용현동 **-*,22210,2008-11-05,영업/정상
인천,토토애견,032-873-8015,인천광역시 미추홀구 제일로 ** (도화동),인천광역시 미추홀구 도화동 ***-**,22153,2009-08-13,영업/정상
인천,강아지분양 펫앤펫 인천본점,,인천광역시 미추홀구 경인로 *** (주안동),인천광역시 미추홀구 주안동 ****-**,22145,2011-12-12,영업/정상
인천,아지세상(애견샾),032-876-1253,인천광역시 미추홀구 경인로***번길 **-** (주안동),인천광역시 미추홀구 주안동 ***-*,22139,2016-09-29,영업/정상
인천,한울타리,,인천광역시 미추홀구 비룡길**번길 **-** (용현동),인천광역시 미추홀구 용현동 ***-**,22183,2018-07-26,영업/정상
인천,버블멍,,인천광역시 미추홀구 수봉로 ** (숭의동),인천광역시 미추홀구 숭의동 **-**,22163,2018-12-11,영업/정상
인천,어서오개,,"인천광역시 미추홀구 석바위로 **, 백화연구소 *층 (도화동)",인천광역시 미추홀구 도화동 ***-** 백화연구소,22139,2021-03-09,영업/정상
인천,버디독 강아지분양 고양이분양 안심분양센터 인천점,,"인천광역시 미추홀구 주안로 ***, *층 (주안동)",인천광역시 미추홀구 주안동 **-*,22134,2021-09-10,영업/정상
인천,나눔펫책임분양소 강아지분양 고양이분양 인천점,,"인천광역시 미추홀구 인주대로***번길 *, *층 (주안동)",인천광역시 미추홀구 주안동 ****-*,22228,2021-12-07,영업/정상
인천,멍샵 강아지분양 인천본점,,"인천광역시 미추홀구 미추로 **, ***호 (숭의동, 흥진아파트)",인천광역시 미추홀구 숭의동 ***-** 흥진아파트,22169,2022-09-21,영업/정상
인천,독특,,"인천광역시 미추홀구 참외전로 ***, B***호 (숭의동, 스타디움 센트럴시티)",인천광역시 미추홀구 숭의동 *** 스타디움 센트럴시티,22160,2022-11-09,영업/정상
인천,버디독 고양이분양 강아지분양 안심분양센터 인천점,070-4795-9394,"인천광역시 미추홀구 주안로 ***, *층 (주안동)",인천광역시 미추홀구 주안동 **-*,22134,2023-06-29,영업/정상
인천,페르시안 캣,,"인천광역시 미추홀구 매소홀로 **-**, ***호 (용현동)",인천광역시 미추홀구 용현동 ***-***,22190,2024-01-31,영업/정상
인천,홈플러스 인하점 수족관,032-763-2080,"인천광역시 미추홀구 소성로 *, 홈플러스 B*층 (학익동)",인천광역시 미추홀구 학익동 ***-** 홈플러스,22201,2024-02-05,영업/정상
인천,범 아쿠아,,"인천광역시 미추홀구 낙섬서로**번길 **-*, *층 (용현동)",인천광역시 미추홀구 용현동 ***-***,22190,2024-04-04,영업/정상
인천,야옹이를 부탁해(BUTACAT) 앨리웨이 인천점,,"인천광역시 미추홀구 숙골로**번길 **, *층 **~**호 (도화동, 더샵 인천스카이타워 *단지)",인천광역시 미추홀구 도화동 **** 더샵 인천스카이타워 *단지,22101,2024-07-15,영업/정상
인천,쉬크독,,"인천광역시 미추홀구 미추홀대로 ***, 우진빌딩 *층 (주안동)",인천광역시 미추홀구 주안동 ***-** 우진빌딩,22155,2024-08-28,영업/정상
인천,냥만스럽개,,"인천광역시 미추홀구 염창로 **, *층 (주안동)",인천광역시 미추홀구 주안동 **-**,22128,2024-12-17,영업/정상
인천,미오즈 고양이분양 강아지분양 인천점,,"인천광역시 미추홀구 주안로 ***, ***호 (주안동)",인천광역시 미추홀구 주안동 ***-*,22135,2025-11-17,영업/정상
인천,섹시독,032-834-0907,"인천광역시 연수구 컨벤시아대로 **, ***동 ***, ***호 (송도동, 푸르지오월드마크)","인천광역시 연수구 송도동 **-** 푸르지오월드마크 ***동 ***, ***호",22001,2012-05-09,영업/정상
인천,한강아쿠아 롯데마트 연수점,031-527-4244,"인천광역시 연수구 청능대로 ** (청학동, 롯데마트 연수점)",인천광역시 연수구 청학동 ***-*,21926,2012-08-17,영업/정상
인천,몽몽이하우스 인천연수점,032-822-8275,"인천광역시 연수구 청능대로 ***, 홈플러스 인천연수점 B*층 X*,YF호 (동춘동)",인천광역시 연수구 동춘동 *** 스퀘어원,21975,2018-12-03,영업/정상
인천,인천 강아지분양 고양이분양 미유펫 송도점,,"인천광역시 연수구 아트센터대로 ***, 주유소 *동 (송도동)",인천광역시 연수구 송도동 **-** 주유소,22007,2019-07-26,영업/정상
인천,LIFE&DOG,,"인천광역시 연수구 청능대로 ***, 스퀘어원 *층 (동춘동)",인천광역시 연수구 동춘동 *** 스퀘어원 *층,21975,2021-03-09,영업/정상
인천,마마스미독 강아지분양 인천점,,"인천광역시 연수구 아트센터대로***번길 ***, 송도랜드마크푸르지오시티 ***호 (송도동)",인천광역시 연수구 송도동 **-* 송도랜드마크푸르지오시티 ***호,22006,2021-07-22,영업/정상
인천,퍼피하우스 인천송도점,070-4197-9594,"인천광역시 연수구 신송로 ***-**, 대경스위트리아 ***호 (송도동)",인천광역시 연수구 송도동 **-** 대경스위트리아 ***호,22002,2022-05-09,영업/정상
인천,한강아쿠아영어조합법인 송도점,031-527-4244,"인천광역시 연수구 컨벤시아대로 ***, 롯데마트 *층 (송도동)",인천광역시 연수구 송도동 *-** 롯데마트 *층,21998,2023-01-03,영업/정상
인천,주식회사 우연컴퍼니,02-2038-8602,"인천광역시 연수구 테크노파크로***번길 *, 스타빌딩 ***-B**호 (송도동)",인천광역시 연수구 송도동 *-** 스타빌딩 ***호,21998,2023-05-15,영업/정상
인천,도그송 강아지분양 인천 송도점,,"인천광역시 연수구 해돋이로***번길 *, 대홍프라자 ***호 (송도동)",인천광역시 연수구 송도동 **-** 대홍프라자 ***호,22002,2024-09-13,영업/정상
인천,펫제이,,"인천광역시 연수구 인천타워대로***번길 **, ***~***호 (송도동)",인천광역시 연수구 송도동 ** ***~*호,22009,2026-06-18,영업/정상
인천,인천고양이분양 호야캣,,"인천광역시 연수구 컨벤시아대로 **, ***동 *층 ***호 (송도동, 인천송도힐스테이트)",인천광역시 연수구 송도동 **-** 인천송도힐스테이트 ***동 ***호,22002,2026-05-04,영업/정상
인천,디어마이펫,,"인천광역시 연수구 먼우금로 ***, 이리옴프라자 ***호 (청학동)",인천광역시 연수구 청학동 ***-* 이리옴프라자 ***호,21926,2025-04-05,영업/정상
인천,DoReMi PeT's 도레미 펫츠,,"인천광역시 연수구 인천타워대로 ***, ***동 A-***호 (송도동, 디에트르 송도 시그니처뷰)",인천광역시 연수구 송도동 **-* 디에트르 송도 시그니처뷰 ***동 A-***호,22007,2025-04-24,영업/정상
인천,이마트 연수점,,"인천광역시 연수구 경원대로 ***, 이마트 *층 (동춘동)",인천광역시 연수구 동춘동 ***-* 이마트,21975,2025-10-24,영업/정상
인천,애니멀클럽 송도점,,"인천광역시 연수구 송도미래로 *, 비알씨(주) 연구소 ***~*** 일부호 (송도동)",인천광역시 연수구 송도동 ***-* 비알씨(주) 연구소,21988,2026-01-14,영업/정상
인천,(주)그린아쿠아펫,,"인천광역시 남동구 청능대로 ***, 홈플러스 (논현동)",인천광역시 남동구 논현동 ***-*,21667,2012-08-24,영업/정상
인천,The 사랑할개(더사랑할개),,"인천광역시 남동구 논고개로***번길 **, *층 ***호 (논현동)",인천광역시 남동구 논현동 ***-* ***호,21653,2013-04-26,영업/정상
인천,강아지분양 애견입양 아이러브독 인천점,,인천광역시 남동구 경인로 *** (간석동),인천광역시 남동구 간석동 ***-**,21508,2015-11-12,영업/정상
인천,유앤미펫 강아지분양 고양이분양 인천본점,1670-2699,인천광역시 남동구 남동대로 *** (간석동),인천광역시 남동구 간석동 ***-*,21545,2017-04-21,영업/정상
인천,인천강아지분양 고양이분양 엘르펫,,"인천광역시 남동구 소래역동로 *, *층 (논현동)",인천광역시 남동구 논현동 ***-* *층,21669,2018-01-19,영업/정상
인천,인천개공원 카페,032-461-6021,인천광역시 남동구 무네미로 ***-** (장수동),인천광역시 남동구 장수동 ***-*,21530,2018-10-12,영업/정상
인천,애견용품 창고형 할인매장,032-471-0289,인천광역시 남동구 인주대로 *** (만수동),인천광역시 남동구 만수동 ***-**,21589,2018-12-31,영업/정상
인천,러브미독,,"인천광역시 남동구 구월로 ***, *층 (만수동)",인천광역시 남동구 만수동 ***-**,21543,2019-08-27,영업/정상
인천,인천강아지분양 고양이분양 도그마루,1566-8713,"인천광역시 남동구 앵고개로 ***, *층 ***, ***, ***호 (논현동)","인천광역시 남동구 논현동 ***-* *층 ***, ***, ***호",21673,2020-06-26,영업/정상
인천,유앤미펫 고양이분양 강아지분양 인천본점,,"인천광역시 남동구 남동대로 ***, *층 (간석동)",인천광역시 남동구 간석동 ***-* *층,21545,2020-09-01,영업/정상
인천,랙돌카페냐옹,,"인천광역시 남동구 인하로 ***, *층 ***호 (구월동)",인천광역시 남동구 구월동 ****-*,21585,2020-10-12,영업/정상
인천,펫엔글라이더 인천점,,"인천광역시 남동구 남촌로***번길 **-*, ***호 (남촌동)",인천광역시 남동구 남촌동 ***-** ***호,21623,2020-12-22,영업/정상
인천,베이비몽 인천논현점,,"인천광역시 남동구 소래역남로**번길 **, ***-*호 (논현동)",인천광역시 남동구 논현동 ***-*,21674,2022-05-24,영업/정상
인천,(주)그린아쿠아펫,,"인천광역시 남동구 경원대로 ***, 홈플러스 (간석동)",인천광역시 남동구 간석동 ***-*,21500,2022-11-01,영업/정상
인천,인천강아지분양 멍벤져스 본점,,"인천광역시 남동구 백범로***번길 *, ***호 (간석동)",인천광역시 남동구 간석동 ***-*,21508,2023-07-12,영업/정상
인천,금성수족관,,"인천광역시 남동구 호구포로***번길 **-**, *,*호 (구월동)",인천광역시 남동구 구월동 ****-*,21534,2024-10-31,영업/정상
인천,인천강아지분양 홍스퍼피 본점,,"인천광역시 남동구 인주대로 ***, *층 (구월동)",인천광역시 남동구 구월동 ****-* *층,21571,2025-04-02,영업/정상
인천,햄스터빌리지,,"인천광역시 남동구 인주대로***번길 **, *층 (구월동)",인천광역시 남동구 구월동 **** *층,21569,2025-07-10,영업/정상
인천,미니펫,,"인천광역시 남동구 석산로 ***-*, *층 (간석동)",인천광역시 남동구 간석동 ***-** *층,21545,2025-07-15,영업/정상
인천,멍그레 간석점,,"인천광역시 남동구 경인로 ***-*, 제*호동 *층 (간석동)",인천광역시 남동구 간석동 ***-* 제*호동 *층,21550,2025-08-28,영업/정상
인천,인천 강아지분양 고양이분양 멍개구름 인천본점,,"인천광역시 남동구 석정로 ***, *층 (간석동)",인천광역시 남동구 간석동 ***-* *층,21504,2025-12-29,영업/정상
인천,햄스터분양 패러그린 인천점,,"인천광역시 남동구 앵고개로***번길 **, 골든프라자 *동 *층 ***호 (논현동)",인천광역시 남동구 논현동 ***-* 골든프라자 *동 ***호,21679,2026-04-22,영업/정상
인천,메가펫,,"인천광역시 부평구 마장로 ***, *층 (청천동)",인천광역시 부평구 청천동 ***-**,21305,2026-07-15,영업/정상
인천,마리켄넬 24시강아지분양 고양이분양 애견분양 인천점,,"인천광역시 부평구 경인로 ****, *층 (부개동)",인천광역시 부평구 부개동 ***-*,21427,2019-03-12,영업/정상
인천,강동수족관(롯데마트 삼산점),,"인천광역시 부평구 길주로 ***, 롯데마트 (삼산동)",인천광역시 부평구 삼산동 ***-* 대덕리치아노,21344,2019-03-29,영업/정상
인천,청순하개,,"인천광역시 부평구 장제로 **, 부평 현대 더로프트 *동 ***호 (부평동)",인천광역시 부평구 부평동 ***-* 부평 현대 더로프트,21404,2020-03-02,영업/정상
인천,한강아쿠아 롯데마트 부평역점,,"인천광역시 부평구 광장로 **, 부평민자역사 *층 롯데마트 부평역점 (부평동)",인천광역시 부평구 부평동 ***-** 부평민자역사,21404,2020-11-03,영업/정상
인천,컴투펫 강아지분양 고양이분양 인천본점,,"인천광역시 부평구 평천로 ***, *,*,*층 (갈산동)","인천광역시 부평구 갈산동 **-* *,*,*층",21330,2021-06-17,영업/정상
인천,Dream Cat (드림캣),,"인천광역시 부평구 경인로****번길 **-**, *층 (부개동)",인천광역시 부평구 부개동 ***-* *층,21426,2021-12-24,영업/정상
인천,롯데마트 부평점(수족관),,"인천광역시 부평구 마장로 ***, 롯데마트 부평점 *층 (산곡동)",인천광역시 부평구 산곡동 ***-** 롯데마트 부평점 *층,21362,2023-01-17,영업/정상
인천,제리펫,,"인천광역시 부평구 장제로 ***, *층 (삼산동)",인천광역시 부평구 삼산동 ***-* *층,21317,2024-01-04,영업/정상
인천,퍼피살롱,,"인천광역시 부평구 부일로**번길 *, *층 ***호 (부평동)",인천광역시 부평구 부평동 ***-* *층 ***호,21400,2024-02-08,영업/정상
인천,털찐댕댕이,,"인천광역시 부평구 장제로***번길 **, *층 ***호 (부평동, 지선아파트)",인천광역시 부평구 부평동 ***-** 지선아파트 *층 ***호,21360,2024-04-30,영업/정상
인천,인천강아지분양 고양이분양 블리독인천점,,"인천광역시 부평구 장제로***번길 **-*, *층 (갈산동)",인천광역시 부평구 갈산동 ***-*,21337,2024-12-17,영업/정상
인천,찐이캣,,"인천광역시 부평구 주부토로 ***, *층 (갈산동)",인천광역시 부평구 갈산동 ***-*,21316,2024-12-20,영업/정상
인천,멍그레 부평점,,"인천광역시 부평구 부평문화로***번길 **, 해피플러스 상가동 ***호 (부평동)",인천광역시 부평구 부평동 ***-** 해피플러스 상가동 ***호,21392,2025-05-16,영업/정상
인천,인천강아지분양 고양이분양 아가몽,,"인천광역시 부평구 부흥로***번길 **, *층 (부평동)",인천광역시 부평구 부평동 ***-**,21360,2025-07-22,영업/정상
인천,인천강아지분양 고양이분양 서리펫,,"인천광역시 부평구 세월천로 **, *층 (산곡동)",인천광역시 부평구 산곡동 *-*,21305,2025-08-19,영업/정상
인천,미유하우스,,"인천광역시 부평구 부평대로 ***, *층 (부평동)",인천광역시 부평구 부평동 **-**,21366,2025-12-18,영업/정상
인천,퍼피월드,032-551-7896,"인천광역시 계양구 장제로 ****, 장기빌딩 *층 (장기동)",인천광역시 계양구 장기동 ***-* 장기빌딩,21007,2020-12-28,영업/정상
인천,헤이독(HEY-DOG),,"인천광역시 계양구 안남로 ***, A동 ***호 (효성동)",인천광역시 계양구 효성동 **-* A동 ***호,21098,2022-01-12,영업/정상
인천,롯데마트 계양점(수족관),,"인천광역시 계양구 장제로 ***, 롯데마트 계양점 *층 (계산동)",인천광역시 계양구 계산동 ****-* 롯데마트 계양점,21060,2023-01-17,영업/정상
인천,작은숲,,"인천광역시 계양구 계산천동로 *, *층 (계산동)",인천광역시 계양구 계산동 ***-**,21053,2023-07-07,영업/정상
인천,은하수펫샵,,"인천광역시 계양구 계양대로**번길 *, *층 ***호 (작전동)",인천광역시 계양구 작전동 ***-*,21120,2023-07-26,영업/정상
인천,아시아펫,,인천광역시 계양구 장기로 * (장기동),인천광역시 계양구 장기동 ***-**,21006,2025-06-09,영업/정상
인천,한중펫,,"인천광역시 계양구 장기로**번길 **, *층 (장기동)",인천광역시 계양구 장기동 ***-*,21006,2025-07-30,영업/정상
인천,햄덕방,,"인천광역시 계양구 마장로***번길 **, 제일풍경채계양위너스카이*단지 판매시설 B*동 *층 ***호 (효성동)",인천광역시 계양구 효성동 *** 제일풍경채계양위너스카이*단지 판매시설 B*동 ***호,21105,2025-12-26,영업/정상
인천,어스펫,,"인천광역시 계양구 장기로**번길 **, *, *층 (장기동)",인천광역시 계양구 장기동 ***-*,21006,2026-06-25,영업/정상
인천,인천고양이분양 미소캣,,"인천광역시 계양구 임학서로 **, *층 (임학동)",인천광역시 계양구 임학동 **-*,21032,2026-04-16,영업/정상
인천,로얄 퍼피 코리아,,"인천광역시 계양구 장기로 **, *층 ***호 (장기동)",인천광역시 계양구 장기동 ***-* ***호,21007,2026-05-29,영업/정상
인천,자연동물병원,032-551-0975,"인천광역시 계양구 계양대로**번길 *, ***호 (작전동)",인천광역시 계양구 작전동 ***-* ***호,21120,2010-09-07,영업/정상
인천,요크독애견샵,,"인천광역시 계양구 효서로 ***, *층 (작전동)",인천광역시 계양구 작전동 *** *층,21124,2018-06-27,영업/정상
인천,라이프독 인천본점 24시 강아지분양 고양이분양,,"인천광역시 계양구 장제로 ***, ***호 (임학동)",인천광역시 계양구 임학동 **-** ***호,21034,2020-12-14,영업/정상
인천,고양이유치원 앤 포키돌,,인천광역시 서해구 길주로 ** (석남동),인천광역시 서해구 석남동 ***-**,22789,2017-03-29,영업/정상
인천,베이비몽 강아지분양 인천청라점,032-561-9770,인천광역시 서해구 옥빛로*번안길 * (청라동),인천광역시 서해구 청라동 ***-**,22765,2018-06-07,영업/정상
인천,판다팜 서구신현점,032-572-9341,"인천광역시 서해구 가정로 ***, 서경 플러스 존 B**층 (신현동)",인천광역시 서해구 신현동 ***-* 서경 플러스 존,22778,2018-07-27,영업/정상
인천,우리동물병원,032-566-0075,"인천광역시 서해구 서곶로 ***, *층 (연희동)",인천광역시 서해구 연희동 ***-*,22722,2018-08-02,영업/정상
인천,펫퍼스트 24시 강아지분양 고양이분양,,"인천광역시 서해구 중봉대로***번길 **-**, 청라프라자* *층 (청라동)","인천광역시 서해구 청라동 ***-* 청라프라자*, *층",22736,2018-09-14,영업/정상
인천,푸르캣(purr cat),,"인천광역시 서해구 청라한내로 **, 하엘에스페이스 ***호 (청라동)",인천광역시 서해구 청라동 **-* 하엘에스페이스,22758,2026-07-07,영업/정상
인천,헤르젠PH컷,032-577-0365,"인천광역시 서해구 고래울로 **, *층 (가좌동)",인천광역시 서해구 가좌동 ***-* *층,22813,2018-10-01,영업/정상
인천,수애견,,"인천광역시 서해구 건지로***번길 **-*, *층 (가좌동)",인천광역시 서해구 가좌동 ***-** *층,22809,2018-10-19,영업/정상
인천,고양이분양 꽃개와 꽃냥 인천 청라점,,"인천광역시 서해구 청라루비로**번길 *-**, *층 ***호 (청라동)",인천광역시 서해구 청라동 ***-**,22763,2021-03-30,영업/정상
인천,멍그레,,"인천광역시 서해구 청라에메랄드로 **, 지젤엠청라  지하*층 비***호 (청라동)",인천광역시 서해구 청라동 ***-** 지젤엠청라,22738,2022-01-25,영업/정상
인천,우아퍼피,,"인천광역시 서해구 보석로**번안길 **, *층 (청라동)",인천광역시 서해구 청라동 ***-***,22766,2022-08-03,영업/정상
인천,하이바이분양소 인천점,,"인천광역시 서해구 새오개로***번안길 **-*, ***-*호 (신현동)",인천광역시 서해구 신현동 ***-*,22779,2023-01-16,영업/정상
인천,인천반려동물농장,,"인천광역시 서해구 건지로***번길 **-*, 지하*층 (가좌동)",인천광역시 서해구 가좌동 ***-**,22834,2023-02-09,영업/정상
인천,인천강아지분양 고양이분양 24시 블리독청라점,,"인천광역시 서해구 청라에메랄드로 **, 커낼에비뉴 제씨동 제*층 **호 (청라동)",인천광역시 서해구 청라동 ***-** 커낼에비뉴,22738,2023-08-02,영업/정상
인천,에르멍스 강아지분양 고양이분양 인천점,,"인천광역시 서해구 대평로 *, ***동 b***호 (심곡동, 파인빌)",인천광역시 서해구 심곡동 *** 파인빌,22725,2023-08-21,영업/정상
인천,캣츄(cat's you),,"인천광역시 서해구 승학로***번길 *, *층 (연희동)",인천광역시 서해구 연희동 ***-**,22723,2023-08-21,영업/정상
인천,행복만개 강아지분양 고양이분양 인천본점,,"인천광역시 서해구 가정로 ***, 상가 가동 ***호 (신현동, 루원e-편한세상하늘채)",인천광역시 서해구 신현동 ***-* 루원e-편한세상하늘채,22778,2023-08-24,영업/정상
인천,강아지 보호센터,,"인천광역시 서해구 청라커낼로***번길 **, 청라한신더휴커낼웨이 ***~***호 (청라동)",인천광역시 서해구 청라동 ***-** 청라한신더휴커낼웨이,22762,2024-08-14,영업/정상
인천,인천강아지분양 고양이분양 미유펫 청라검단점,,"인천광역시 서해구 이화로 **, 행운빌딩 *층 (경서동)",인천광역시 서해구 경서동 *** 행운빌딩,22700,2024-08-19,영업/정상
인천,상도그 검암점,,"인천광역시 서해구 승학로 ***, 아카데미프라자 ***호 (검암동)",인천광역시 서해구 검암동 ***-* 아카데미프라자,22705,2024-10-07,영업/정상
인천,캣플헤븐 엘리스빌 인천서구점,,"인천광역시 서해구 서곶로 **, **~**호 (가정동, 루원 린스트라우스 더 린시티)",인천광역시 서해구 가정동 * 루원 린스트라우스 더 린시티,22776,2025-01-13,영업/정상
인천,톰퍼피,,"인천광역시 서해구 중봉대로***번길 **, 상가B동 *층 **호 (청라동, 청라 엑슬루타워)",인천광역시 서해구 청라동 ***-* 청라 엑슬루타워,22737,2025-11-13,영업/정상
인천,인천강아지분양 고양이입양 다온입양센터 인천점,,"인천광역시 서해구 새오개로***번안길 **, *동 *층 **호 (신현동)",인천광역시 서해구 신현동 ***-**,22779,2025-11-13,영업/정상
인천,미니펫스쿨 인천점,,"인천광역시 서해구 서달로***번길 **, *층 (석남동)",인천광역시 서해구 석남동 ***-*,22801,2026-02-02,영업/정상
인천,애견용품 할인매장,,인천광역시 서해구 가정로 *** (석남동),인천광역시 서해구 석남동 ***-*,22784,2014-07-23,영업/정상
인천,젊은열대어,,"인천광역시 검단구 검단로 *** (불로동, 상원빌딩)",인천광역시 검단구 불로동 ***-*,22620,2016-09-09,영업/정상
인천,드림독 강아지분양 안심분양센터 인천점,,"인천광역시 검단구 검단로 ***, 뷰비스타운 ***호 (왕길동)",인천광역시 검단구 왕길동 ***-* 뷰비스타운,22636,2021-10-29,영업/정상
인천,핀 독,,"인천광역시 검단구 이음*로 **, 새샘프라자 *층 ***,***호 (원당동)",인천광역시 검단구 원당동 ****-* 새샘프라자,22865,2022-03-21,영업/정상
인천,로얄수족관,,"인천광역시 검단구 서곶로 ***, 이마트 검단점 내 (당하동)",인천광역시 검단구 당하동 ****-* 당하 이마트,22686,2023-02-23,영업/정상
인천,롯데마트 검단점,,"인천광역시 검단구 원당대로 ***, 롯데마트 (마전동)",인천광역시 검단구 마전동 ****-* 롯데마트,22637,2023-03-17,영업/정상
인천,파충류샵 게코몽,,"인천광역시 검단구 이음*로 **, 서영아너시티*차 ***호 (원당동)",인천광역시 검단구 원당동 ****-* 서영아너시티*차,22865,2024-01-04,영업/정상
인천,인천강아지분양 고양이분양 도그마루,,"인천광역시 검단구 이음*로 **, 더원타워 ***호 (원당동)",인천광역시 검단구 원당동 ****-*,22866,2024-04-02,영업/정상
인천,털뭉치즈,,"인천광역시 검단구 원당대로 ***, ***호 (원당동)",인천광역시 검단구 원당동 ****-**,22866,2025-05-16,영업/정상
인천,인천강아지분양 고양이분양 헬스독,,"인천광역시 검단구 서곶로 ***, 홀리랜드 *동 *층 ***호 (당하동)",인천광역시 검단구 당하동 ****-* 홀리랜드,22677,2025-09-29,영업/정상
인천,사랑하개냥,,인천광역시 검단구 원당대로***번길 **-* (원당동),인천광역시 검단구 원당동 ***-**,22644,2025-11-11,영업/정상
인천,인천조류원,,"인천광역시 검단구 봉수대로 ****, *동 (왕길동)",인천광역시 검단구 왕길동 ***-*,22671,2014-09-02,영업/정상
인천,러브독애견카페,,인천광역시 강화군 내가면 강화서로 **,인천광역시 강화군 내가면 외포리 ***-*,23054,2021-02-18,영업/정상
인천,강화애견훈련학교,,인천광역시 강화군 양도면 강화남로 ***-*,인천광역시 강화군 양도면 도장리 ***-**,23058,2025-06-04,영업/정상
인천,월곳켄넬,,인천광역시 강화군 강화읍 해안북로 ***-*,인천광역시 강화군 강화읍 월곳리 **-**,23021,2025-03-25,영업/정상
인천,살롱드포메(Salon de Pome),,인천광역시 강화군 내가면 해안서로 ***,인천광역시 강화군 내가면 외포리 ***,23054,2025-02-13,영업/정상
대전,예쁜 강아지,,대전광역시 동구 동산초교로**번길 ** (홍도동),대전광역시 동구 홍도동 **-**,34558,2017-10-16,영업/정상
대전,더폼나고 더폼나개,,대전광역시 동구 계족로 *** (대동),대전광역시 동구 대동 ***-*,34659,2018-05-15,영업/정상
대전,금성애견,,대전광역시 동구 계족로 *** (소제동),대전광역시 동구 소제동 ***-**,34602,2018-06-19,영업/정상
대전,일프로 애견,,대전광역시 동구 계족로***번길 ** (용전동),대전광역시 동구 용전동 **-**,34546,2018-12-17,영업/정상
대전,라온캣 대전고양이 분양 본점,,대전광역시 동구 동서대로 **** (삼성동),대전광역시 동구 삼성동 ***-*,34566,2019-02-19,영업/정상
대전,라온캣독 대전강아지분양 고양이분양,,"대전광역시 동구 동서대로 ****, *층 (삼성동)",대전광역시 동구 삼성동 ***-*,34566,2026-06-08,영업/정상
대전,코리아 프렌치 불독,,대전광역시 동구 계족로 *** (용전동),"대전광역시 동구 용전동 **-** , *층",34541,2026-06-09,영업/정상
대전,멍멍하니?,,대전광역시 동구 동대전로 *** (가양동),대전광역시 동구 가양동 ***-**,34597,2020-03-14,영업/정상
대전,야옹아 멍멍해봐,,대전광역시 동구 대전로 *** (가오동),대전광역시 동구 가오동 ***-**,34695,2020-11-02,영업/정상
대전,로얄수족관,,"대전광역시 동구 동서대로 ****, 대전복합터미널(서관) *층 (용전동)",대전광역시 동구 용전동 **-* 대전복합터미널(서관),34551,2020-12-29,영업/정상
대전,팝스 컴퍼니,,"대전광역시 동구 동대전로***번길 **, 지하*층 (대동)",대전광역시 동구 대동 **-**,34648,2021-04-20,영업/정상
대전,냥이파파,,"대전광역시 동구 계족로 ***, *층 (용전동)",대전광역시 동구 용전동 ***-*,34544,2021-06-23,영업/정상
대전,코리아펫,,대전광역시 동구 용운로 ***(용운동),대전광역시 동구 용운동 ***-*,34661,2021-08-24,영업/정상
대전,작은동물원수족관,,"대전광역시 동구 은어송로 **, 패션아일랜드 *층 ****호 앞호 (가오동)",대전광역시 동구 가오동 *** 패션아일랜드,34681,2021-09-16,영업/정상
대전,리틀캣,,"대전광역시 동구 대전로 ***, *층 (효동)",대전광역시 동구 효동 ***-*,34636,2022-07-08,영업/정상
대전,도그앤 패션브랜드,,대전광역시 동구 비래서로**번길 ***(가양동),대전광역시 동구 가양동 **-**,34532,2022-08-24,영업/정상
대전,초초펫,,"대전광역시 동구 동대전로***번길 **, ***호 (대동)",대전광역시 동구 대동 **-* ***호,34649,2023-11-28,영업/정상
대전,낭만펫 강아지분양 고양이분양 대전 본점,,"대전광역시 동구 동서대로****번길 *, *층 (삼성동)",대전광역시 동구 삼성동 ***-*,34566,2024-06-21,영업/정상
대전,버니팜,,"대전광역시 동구 대전천북로 *, ***호 (삼성동)",대전광역시 동구 삼성동 ***-*,34570,2024-07-08,영업/정상
대전,푸바오애견,,"대전광역시 동구 계족로***번길 *, *층 (용전동)",대전광역시 동구 용전동 ***-**,34544,2024-08-27,영업/정상
대전,푸바오애견 2호점,,"대전광역시 동구 계족로 ***, ***호 (용전동)",대전광역시 동구 용전동 ***-*,34544,2024-11-04,영업/정상
대전,까꿍#,,"대전광역시 동구 동부로**번길 **, *층 (판암동)",대전광역시 동구 판암동 ***,34675,2026-01-07,영업/정상
대전,코리아애견,,대전광역시 동구 우암로 *** (가양동),대전광역시 동구 가양동 **-*,,2008-08-13,영업/정상
대전,거상애견,,대전광역시 동구 동서대로****번길 ** (삼성동),대전광역시 동구 삼성동 ***-**,34566,2008-07-28,영업/정상
대전,베이비독,,대전광역시 동구 대전로 *** (효동),대전광역시 동구 효동 ***-*,34636,2015-06-05,영업/정상
대전,리틀애견타운,,대전광역시 동구 석천로 ** (낭월동),대전광역시 동구 낭월동 ***,34706,2017-05-23,영업/정상
대전,더 개편한 세상,,대전광역시 동구 한밭대로****번길 * (용전동),"대전광역시 동구 용전동 **-* , *호",34537,2017-08-01,영업/정상
대전,N&A로열독,,대전광역시 동구 동대전로 ***-* (자양동),,34607,2021-05-10,영업/정상
대전,안녕펫(물어보개),,대전광역시 중구 중교로 **(대흥동),대전광역시 중구 대흥동 ***-*,34925,2022-07-07,영업/정상
대전,투투펫,042-223-0922,대전광역시 중구 대흥로***번길 **(대흥동),대전광역시 중구 대흥동 *-*,34926,2022-06-29,영업/정상
대전,캣플 코지눅 대전은행점,,"대전광역시 중구 중앙로***번길 **, *층 (은행동)",대전광역시 중구 은행동 **-*,34923,2025-04-18,영업/정상
대전,대전 고양이분양 미유펫,,"대전광역시 중구 대흥로 ***, *층 (대흥동)",대전광역시 중구 대흥동 ***-*,34917,2025-08-20,영업/정상
대전,대전 강아지분양 미유펫,,"대전광역시 중구 대흥로 ***, *층 (대흥동)",대전광역시 중구 대흥동 ***-*,34917,2025-08-20,영업/정상
대전,제일애견,,대전광역시 중구 중교로 ** (은행동),대전광역시 중구 은행동 ***-*,34924,2013-09-10,영업/정상
대전,대전애견경매장,042-272-0454,대전광역시 중구 대흥로***번길 ** (대흥동),대전광역시 중구 대흥동 *-*,34926,2014-11-11,영업/정상
대전,데이즈,042-335-1139,대전광역시 중구 중앙로***번길 ** (은행동),대전광역시 중구 은행동 **-*,34923,2016-08-26,영업/정상
대전,작은동물원,,대전광역시 중구 중교로 **-* (대흥동),대전광역시 중구 대흥동 ***-*,34925,2017-08-30,영업/정상
대전,하나로 플라워 수족관,042-581-2004,"대전광역시 중구 대둔산로***번길 **, *층 (안영동)",대전광역시 중구 안영동 *** *층,35084,2018-08-27,영업/정상
대전,탑애견 강아지 고양이 대전점,,"대전광역시 중구 중교로 **, *층 (대흥동)",대전광역시 중구 대흥동 ***-*,34925,2019-08-23,영업/정상
대전,대전강아지분양 고양이분양 동양애견,,"대전광역시 중구 대흥로***번길 **, *층 (대흥동)",대전광역시 중구 대흥동 ***-*,34925,2022-09-05,영업/정상
대전,대한반려동물 영농조합법인,,"대전광역시 서구 가수원로 ***, *호동 ***호 (가수원동, 은아아파트*단지)",대전광역시 서구 가수원동 *** *호동 ***호,35386,2017-09-22,영업/정상
대전,대청애견수족관,,대전광역시 서구 도솔로 *** (도마동),대전광역시 서구 도마동 **-*,35333,2011-01-25,영업/정상
대전,강아지의 하루,042-581-2240,대전광역시 서구 정림동로*번길 ** (정림동),대전광역시 서구 정림동 ***,35396,2016-01-05,영업/정상
대전,초초,,"대전광역시 서구 정림동로*번길 **, *층 (정림동)",대전광역시 서구 정림동 ***,35396,2017-05-02,영업/정상
대전,도그웨이살롱,042-542-1799,"대전광역시 서구 관저북로**번길 **-** (관저동, 이솔하우스)",대전광역시 서구 관저동 ****,35360,2016-01-14,영업/정상
대전,대전강아지분양 홍스퍼피,,"대전광역시 서구 둔산로**번길 **, *층 ***호 (둔산동)",대전광역시 서구 둔산동 ***,35229,2026-08-21,영업/정상
대전,참좋은애견,,대전광역시 서구 도산로 ** (도마동),대전광역시 서구 도마동 ***-**,35332,2017-11-17,영업/정상
대전,더개,,대전광역시 서구 문정로***번길 ** (탄방동),대전광역시 서구 탄방동 ***,35256,2018-02-14,영업/정상
대전,펫플레이스,,"대전광역시 서구 갈마로 ***, *층 ***호 (괴정동)",대전광역시 서구 괴정동 **-**,35293,2018-10-05,영업/정상
대전,하얀강아지,042-534-9393,"대전광역시 서구 갈마로 **, *층 (갈마동)",대전광역시 서구 갈마동 ***-**,35272,2019-02-07,영업/정상
대전,대전강아지분양 고양이분양 도그마루,,"대전광역시 서구 문정로 **, *층 (둔산동)",대전광역시 서구 둔산동 ****,35235,2020-09-08,영업/정상
대전,루나캣 대전고양이분양 본점,,"대전광역시 서구 괴정로**번길 *, *층 ***호 (괴정동)",대전광역시 서구 괴정동 **-**,35292,2020-09-14,영업/정상
대전,피터펫,,"대전광역시 서구 유등로 ***, *층 (탄방동)",대전광역시 서구 탄방동 ****-**,35253,2021-05-20,영업/정상
대전,블랑퍼피 대전강아지분양 본점,,"대전광역시 서구 계룡로***번길 *, ***호 (둔산동, 갤러리빌*차)",대전광역시 서구 둔산동 **** 갤러리빌*차,35235,2021-11-25,영업/정상
대전,꽁냥꽁냥,070-4042-8433,"대전광역시 서구 관저남로**번길 **-**, ***호 (관저동)",대전광역시 서구 관저동 ****-*,35383,2021-11-25,영업/정상
대전,마리앤쥬,,"대전광역시 서구 둔지로 **, 경희빌딩 *층 (둔산동)",대전광역시 서구 둔산동 **** 경희빌딩,35230,2021-12-22,영업/정상
대전,네옹고양이,,대전광역시 서구 도솔로 **(도마동),대전광역시 서구 도마동 ***-**,35338,2022-05-18,영업/정상
대전,반할꼬양,,"대전광역시 서구 도안동로**번길 **, KD U PLAZA *층 ***호 (도안동)",대전광역시 서구 도안동 **** KD U PLAZA,35368,2022-08-12,영업/정상
대전,캣카페 낭만고양이,,"대전광역시 서구 둔산로 **-**, ***호 (둔산동)",대전광역시 서구 둔산동 **** ***호,35230,2023-01-11,영업/정상
대전,하이바이분양소 강아지고양이 대전점,,"대전광역시 서구 원도안로***번길 **-*, *층 (도안동)",대전광역시 서구 도안동 ****,35357,2023-03-14,영업/정상
대전,로얄수족관,,"대전광역시 서구 둔산북로 **, 대전둔산이마트 *층 (둔산동)",대전광역시 서구 둔산동 ***-* 대전둔산이마트,35229,2023-08-08,영업/정상
대전,펫엔글라이더 대전점,,"대전광역시 서구 계룡로***번길 ***, *층 (탄방동)",대전광역시 서구 탄방동 **-*,35257,2024-02-28,영업/정상
대전,도미에르펫,042-488-0869,"대전광역시 서구 문정로***번길 **, ***호 (탄방동)",대전광역시 서구 탄방동 ***,35256,2025-07-30,영업/정상
대전,하치코,,대전광역시 서구 갈마로 *** (내동),대전광역시 서구 내동 **-*,35288,2025-09-26,영업/정상
대전,리틀주,,"대전광역시 서구 둔산로 **-**, *층 (둔산동)",대전광역시 서구 둔산동 ****,35230,2026-04-02,영업/정상
대전,멍품 강아지분양 본점,,"대전광역시 유성구 계룡로 **, *층 ***호 (봉명동, 미성샤르망)",대전광역시 유성구 봉명동 ***-* 미성샤르망 ***호,34178,2021-09-29,영업/정상
대전,애니멀즈 강아지분양 고양이분양 대전점,042-824-8885,대전광역시 유성구 온천북로 **(봉명동),대전광역시 유성구 봉명동 ***-*,34185,2022-06-16,영업/정상
대전,햄토피아 유성점,,"대전광역시 유성구 은구비남로**번길 **, *층 (지족동)",대전광역시 유성구 지족동 ***-*,34086,2022-08-04,영업/정상
대전,대전 강아지분양 고양이분양 파라다이스펫본점,,"대전광역시 유성구 유성대로 ***, *층 (장대동)",대전광역시 유성구 장대동 ***-*,34166,2023-01-03,영업/정상
대전,(주)대전 강아지분양 고양이분양 퍼피댕 안심분양소 대전본점,,"대전광역시 유성구 지족동로 ***, *층 (반석동)",대전광역시 유성구 반석동 ***-**,34070,2023-04-18,영업/정상
대전,퍼피댕 강아지분양 무료분양 대전유성점말티즈포메라니안입양,,"대전광역시 유성구 지족동로 ***, *층 (반석동)",대전광역시 유성구 반석동 ***-**,34070,2024-03-11,영업/정상
대전,주식회사 코리아펫,,"대전광역시 유성구 유성대로***번길 **, *층 ***호 (장대동)",대전광역시 유성구 장대동 ***-*,34136,2025-05-21,영업/정상
대전,애니멀스타,,"대전광역시 유성구 금남구즉로 ****, *층 (봉산동)",대전광역시 유성구 봉산동 ***-*,34003,2025-09-30,영업/정상
대전,(주)코스모스이펙트,,"대전광역시 유성구 장대로 ***, *층 **A호 (장대동)",대전광역시 유성구 장대동 ***-*,34165,2025-11-17,영업/정상
대전,대전 강아지 분양 우리 강아지,,"대전광역시 유성구 유성대로 ***, *층 (장대동)",대전광역시 유성구 장대동 ***-*,34165,2026-01-16,영업/정상
대전,코코르펫,,"대전광역시 유성구 원신흥남로**번길 **-**, *층 ***호 (원신흥동)",대전광역시 유성구 원신흥동 ***-*,34195,2026-01-23,영업/정상
대전,송강애견,042-935-2929,대전광역시 유성구 구즉로 ** (송강동),대전광역시 유성구 송강동 **-*,34009,2008-05-02,영업/정상
대전,도그퀸,,"대전광역시 유성구 계룡로 **, ***호 (봉명동, 미성샤르망아파트)",대전광역시 유성구 봉명동 ***-*,34178,2014-03-18,영업/정상
대전,유성애견호텔,042-823-4274,대전광역시 유성구 유성대로***번길 **-** (장대동),대전광역시 유성구 장대동 ***-**,34136,2008-05-02,영업/정상
대전,해바라기 애견 퍼피하우스,042-825-8230,"대전광역시 유성구 유성대로 ***, *층 ***호 (장대동)",대전광역시 유성구 장대동 ***-*,34165,2011-11-02,영업/정상
대전,애견수족관,042-861-7778,대전광역시 유성구 은구비남로 ** (지족동),대전광역시 유성구 지족동 *** 열매마을 @ ***동 ***호,34085,2014-09-29,영업/정상
대전,강아지분양 더펫,1566-4944,대전광역시 유성구 온천동로 ** (봉명동),대전광역시 유성구 봉명동 ***-*,34185,2012-01-05,영업/정상
대전,프랜독(FRIENDOG),042-823-9959,대전광역시 유성구 유성대로***번길 * (장대동),대전광역시 유성구 장대동 ***-**,34173,2012-07-09,영업/정상
대전,서울아쿠아룸,042-541-0771,대전광역시 유성구 교촌로*번길 ** (교촌동),대전광역시 유성구 교촌동 ***-*,34225,2012-08-17,영업/정상
대전,서울아쿠아룸(홈플러스 유성점),042-841-2080,"대전광역시 유성구 한밭대로 *** (봉명동, 홈플러스 유성점)",대전광역시 유성구 봉명동 *** 홈플러스 유성점,34184,2014-09-29,영업/정상
대전,홈플러스 서대전점 수족관,,대전광역시 유성구 대정로 ** (대정동),대전광역시 유성구 대정동 ***-*,34219,2012-08-24,영업/정상
대전,롯데마트 대덕점(한강아쿠아),042-930-2500,"대전광역시 유성구 테크노중앙로 ** (관평동, 롯데마트 대덕테크노밸리점)",대전광역시 유성구 관평동 *** 롯데마트 대덕테크노밸리점,34017,2012-09-03,영업/정상
대전,스누피 펫 유성점,,"대전광역시 유성구 지족로***번길 **, ***~***호 (지족동)",대전광역시 유성구 지족동 ***-*,34077,2015-04-24,영업/정상
대전,애니 멍,042-864-0959,대전광역시 유성구 전민로**번길 * (전민동),대전광역시 유성구 전민동 ***-*,34052,2015-05-01,영업/정상
대전,24시 대전동물의료센터,042-823-7559,"대전광역시 유성구 계룡로 ***, *층 (봉명동)",대전광역시 유성구 봉명동 ***-** *층,34187,2015-06-15,영업/정상
대전,센스펫(노은점),042-823-1682,대전광역시 유성구 노은동로 ** (노은동),대전광역시 유성구 노은동 ***,34091,2015-11-05,영업/정상
대전,펫콩,,"대전광역시 유성구 반석동로**번길 **-**, *층 (반석동)",대전광역시 유성구 반석동 ***-* *층,34068,2017-11-06,영업/정상
대전,펫츠마트,,대전광역시 유성구 전민로*번길 ** (전민동),대전광역시 유성구 전민동 ***-*,34052,2017-11-07,영업/정상
대전,멍멍이 집,042-545-8801,대전광역시 유성구 진잠로***번길 **-* (원내동),대전광역시 유성구 원내동 **-*,34227,2017-12-22,영업/정상
대전,서울아쿠아룸,042-541-0771,"대전광역시 유성구 유성대로 **-**, 롯데마트 서대전점 (원내동)",대전광역시 유성구 원내동 **-* 롯데마트 서대전점,34223,2018-01-26,영업/정상
대전,PETERRA,042-825-5602,"대전광역시 유성구 봉명서로 **-**, *층 (봉명동)",대전광역시 유성구 봉명동 ****-* *층,34190,2018-02-01,영업/정상
대전,아지파파,,대전광역시 유성구 와룡로***번길 ** (봉산동),대전광역시 유성구 봉산동 ***-*,34007,2018-03-13,영업/정상
대전,브리더독,,"대전광역시 유성구 은구비로***번안길 *-*, *층 (죽동)",대전광역시 유성구 죽동 ***-*,34097,2020-10-06,영업/정상
대전,마음펫 살롱,,"대전광역시 유성구 월드컵대로***번길 **, *층 (구암동)",대전광역시 유성구 구암동 ***-**,34182,2026-08-27,영업/정상
대전,똥싼강아지,042-823-9797,"대전광역시 유성구 대학로 **, *층 ***호 (봉명동)",대전광역시 유성구 봉명동 ***-*,34168,2026-03-20,영업/정상
대전,코리아펫,,"대전광역시 대덕구 신탄진로***번길 *, A*호 (신탄진동)",대전광역시 대덕구 신탄진동 ***-**,34311,2021-10-21,영업/정상
대전,더펫(산타하우스),1566-4414,대전광역시 대덕구 계족로 *** (중리동),대전광역시 대덕구 중리동 ***-*,34422,2026-04-09,영업/정상
대전,카카오독,042-623-1203,대전광역시 대덕구 홍도로 *** (중리동),대전광역시 대덕구 중리동 ***-**,34428,2025-02-12,영업/정상
대전,우리애견,042-633-4748,대전광역시 대덕구 아리랑로***번길 *** (대화동),대전광역시 대덕구 읍내동 ***-**,,2008-06-27,영업/정상
대전,(주)야옹아멍멍해봐펫 강아지고양이 대전신탄진점,,대전광역시 대덕구 덕암로***번길 ** (덕암동),대전광역시 대덕구 덕암동 **-*,,2011-10-17,영업/정상
대전,펫아일랜드,,대전광역시 대덕구 계족산로**번길 * (중리동),대전광역시 대덕구 중리동 ***-*,34411,2018-01-02,영업/정상
대전,우아펫 대전점,,대전광역시 대덕구 신탄진로***번길 * (신탄진동),대전광역시 대덕구 신탄진동 ***-*,34311,2019-11-19,영업/정상
대전,애견천국,042-931-8319,대전광역시 대덕구 신탄진로 *** (신탄진동),대전광역시 대덕구 신탄진동 ***-*,34311,2020-03-10,영업/정상
울산,캣플 성남점,,"울산광역시 중구 학성로 **, 울산 태화강 아이파크 ***~***호 (성남동)",울산광역시 중구 성남동 *** 울산 태화강 아이파크,44532,2026-06-30,영업/정상
울산,멍멍왕자 야옹공주,,"울산광역시 중구 학성로 **, A동 *층 (성남동)",울산광역시 중구 성남동 ***-**,44532,2020-06-16,영업/정상
울산,티니미니 울산본점,,울산광역시 중구 중앙길 **(성남동),울산광역시 중구 성남동 ***-**,44529,2021-07-27,영업/정상
울산,강아지마을,,울산광역시 중구 중앙길 **(성남동),울산광역시 중구 성남동 ***-**,44529,2022-06-15,영업/정상
울산,꽃강아지,,울산광역시 중구 태화로 ***(태화동),울산광역시 중구 태화동 ***-*,44456,2022-06-28,영업/정상
울산,울산 강아지분양 퍼피포유,,울산광역시 중구 중앙길 ** (성남동),울산광역시 중구 성남동 ***-**,44529,2025-05-08,영업/정상
울산,울산강아지분양 엔젤인독스,,울산광역시 남구 삼산로 ***-* (달동),울산광역시 남구 달동 ***,44722,2011-03-11,영업/정상
울산,큐티애견,,울산광역시 남구 돋질로 *** (신정동),울산광역시 남구 신정동 ***-*,,2012-02-24,영업/정상
울산,에스제이네이처(이마트울산점),,"울산광역시 남구 남중로 ** *층 (삼산동, 이마트울산점)",울산광역시 남구 삼산동 **** *층,,2012-08-14,영업/정상
울산,봄날애견,,울산광역시 남구 중앙로 *** (달동),울산광역시 남구 달동 ***-*,44691,2013-05-02,영업/정상
울산,꿈나라 아쿠아펫샵,,"울산광역시 남구 삼산로 **, 지하*층 (달동)",울산광역시 남구 달동 ***-* 지하*층,44722,2012-09-14,영업/정상
울산,꿀강아지,052-223-2721,울산광역시 남구 신복로**번길 ** (무거동),울산광역시 남구 무거동 ****-*,44603,2014-03-13,영업/정상
울산,B&B(바비브라운 비숑프리제),,"울산광역시 남구 화합로***번길 **, *층 (삼산동)",울산광역시 남구 삼산동 ****-*,44713,2016-01-22,영업/정상
울산,멍 클레어,052-269-6678,울산광역시 남구 중앙로 *** (신정동),울산광역시 남구 신정동,44676,2016-02-01,영업/정상
울산,펫인더파크,,"울산광역시 남구 두왕로 *** (신정동, 삼성리빙프라자)",울산광역시 남구 신정동,44740,2016-05-03,영업/정상
울산,렛츠개릿,,"울산광역시 남구 봉월로 **, *층 (신정동)",울산광역시 남구 신정동 ****-*,44650,2018-04-12,영업/정상
울산,꽁냥꽁냥캣,,울산광역시 남구 돋질로 *** (달동),울산광역시 남구 달동 ***-*,44695,2018-07-12,영업/정상
울산,미미펫살롱,,울산광역시 남구 신정로**번길 ** (달동),울산광역시 남구 달동 ****-*,44722,2019-04-25,영업/정상
울산,울산고양이분양 모나미네코 울산본점,,"울산광역시 남구 삼산로***번길 **, *층 (달동)",울산광역시 남구 달동 ****-*,44703,2019-08-02,영업/정상
울산,벨슈어퍼피,,울산광역시 남구 중앙로 *** (신정동),울산광역시 남구 신정동 ***-*,44676,2019-12-05,영업/정상
울산,울산 강아지분양 고양이분양 도그마루,,울산광역시 남구 왕생로 *** (달동),울산광역시 남구 달동 ****-*,44703,2020-07-27,영업/정상
울산,도그랜드,052-276-5500,"울산광역시 남구 삼산로 **-*, *층 (달동)",울산광역시 남구 달동 ***-*,44722,2021-09-02,영업/정상
울산,상아지네,,"울산광역시 남구 옥현로**번길 **, *층 (무거동)",울산광역시 남구 무거동 ***-*,44614,2021-10-13,영업/정상
울산,파충류샵 디노이드 울산점,,"울산광역시 남구 도산로***번길 *, *층 (달동)",울산광역시 남구 달동 **-**,44728,2022-09-22,영업/정상
울산,meow meow,,"울산광역시 남구 신정로**번길 **-**, *층 (달동)",울산광역시 남구 달동 ***-*,44725,2022-12-09,영업/정상
울산,건즈하우스 카페,,"울산광역시 남구 돋질로 ***, *층 (삼산동)",울산광역시 남구 삼산동 ***-*,44712,2023-10-19,영업/정상
울산,울산고양이분양 제나캣,,울산광역시 남구 돋질로 *** (삼산동),울산광역시 남구 삼산동 ****-**,44709,2024-05-10,영업/정상
울산,루이몽 앤 폼스몽,,"울산광역시 남구 왕생로**번길 **, *층 (달동)",울산광역시 남구 달동 ****-**,44707,2024-10-10,영업/정상
울산,울산 강아지분양 미유펫,,"울산광역시 남구 번영로**번길 **, *층 (달동)",울산광역시 남구 달동 ****-** *층,44728,2025-02-05,영업/정상
울산,울산 고양이분양 미유펫,,"울산광역시 남구 번영로**번길 **, *층 (달동)",울산광역시 남구 달동 ****-** *층,44728,2025-02-05,영업/정상
울산,퓨어펫 강아지분양 고양이분양 울산점,,울산광역시 남구 돋질로 **-* (신정동),울산광역시 남구 신정동 ***-*,44690,2025-03-06,영업/정상
울산,월드펫,,"울산광역시 남구 삼산로***번길 **-*, ***호 (달동)",울산광역시 남구 달동 ****-** ***호,44703,2025-03-31,영업/정상
울산,꼬순내 by. pet shop,,울산광역시 남구 팔등로 *** (신정동),울산광역시 남구 신정동 ***-**,44685,2025-06-30,영업/정상
울산,블랑 하우스,,"울산광역시 남구 동산로 **, *층 (신정동)",울산광역시 남구 신정동 ****-**,44656,2025-09-01,영업/정상
울산,울산 강아지분양 고양이분양 멍클레어,,울산광역시 남구 삼산로***번길 ** (달동),울산광역시 남구 달동 ****-*,44703,2025-12-16,영업/정상
울산,도그몬트 울산 강아지분양,052-265-2492,"울산광역시 남구 삼산로 ***, *층 (달동)",울산광역시 남구 달동 ***-*,44725,2026-06-09,영업/정상
울산,그린애견,,,울산광역시 남구 달동 ****-**,,2008-07-16,영업/정상
울산,대구애견,,울산광역시 남구 중앙로 ***-* (신정동),울산광역시 남구 신정동 ***-*,44669,2008-07-16,영업/정상
울산,루비캣,,울산광역시 남구 옥현로 * (무거동),울산광역시 남구 무거동 ***-**,44611,2008-07-16,영업/정상
울산,뉴웨이브코커,,,울산광역시 남구 삼산동 ****-**,,2008-08-04,영업/정상
울산,러브러브,,,울산광역시 남구 달동 ****-*,,2009-10-06,영업/정상
울산,덕신 애견 농장,,,울산광역시 남구 신정동 ****-*,,2010-07-23,영업/정상
울산,바비 애견샵,,,울산광역시 남구 야음동 ***-*,,2010-09-06,영업/정상
울산,너는 내운명,,울산광역시 동구 봉수로 *** (전하동),울산광역시 동구 전하동 ***-**,44019,2015-11-17,영업/정상
울산,애완동물원,,,울산광역시 동구 전하동 ***-*,,2010-06-29,영업/정상
울산,개인공간,,울산광역시 동구 미포*길 ** (동부동),울산광역시 동구 동부동 ***-**,44007,2014-04-21,영업/정상
울산,쿨펫,052-286-3567,"울산광역시 북구 신답로 **, 홈플러스 *층 (상안동)",울산광역시 북구 상안동 ***-*,44209,2018-07-03,영업/정상
울산,정철동물병원,052-287-0348,울산광역시 북구 진장**길 ** (진장동),울산광역시 북구 진장동 ***-*,44250,2018-09-17,영업/정상
울산,Star Club,,울산광역시 북구 동남로 *** (대안동),울산광역시 북구 대안동 ***-*,44232,2019-07-03,영업/정상
울산,와우펫,,"울산광역시 북구 진장**길 **, 뉴베네치아 ***호 (진장동)",울산광역시 북구 진장동 ***-* ***호,44250,2021-11-10,영업/정상
울산,쿨펫동물병원 홈플러스북구점,052-227-8275,"울산광역시 북구 신답로 **, 홈플러스 (상안동)",울산광역시 북구 상안동 ***-* 홈플러스,44209,2024-08-07,영업/정상
울산,참 조은 훈이네 강아지,,울산광역시 울주군 청량면 동지용산길 **-*,울산광역시 울주군 청량면 개곡리 ***-*,44982,2014-11-11,영업/정상
울산,알프경매장,052-254-3310,"울산광역시 울주군 삼남면 중남로 **, *층",울산광역시 울주군 삼남면 가천리 **,44953,2018-01-26,영업/정상
울산,마이도그 강아지분양 울산본점,,"울산광역시 울주군 범서읍 점촌*길 **-*, MY DOG *층",울산광역시 울주군 범서읍 구영리 ***-*,44924,2021-06-21,영업/정상
울산,너와함개,,울산광역시 울주군 언양읍 동문길 **,울산광역시 울주군 언양읍 남부리 ***-*,44946,2023-01-05,영업/정상
울산,노블랙돌,,"울산광역시 울주군 범서읍 천상*길 **-**, *층",울산광역시 울주군 범서읍 천상리 ***-**,44930,2024-02-28,영업/정상
울산,아쿠아펫 카페수족관,,울산광역시 울주군 온산읍 덕망로 **,울산광역시 울주군 온산읍 덕신리 ****-**,45002,2025-01-10,영업/정상
울산,동산농장,,울산광역시 울주군 웅촌면 중보길 **,울산광역시 울주군 웅촌면 고연리 ****-**,44968,2013-12-26,영업/정상
울산,웨글웨글,,"울산광역시 울주군 범서읍 구영로 ***, *층",울산광역시 울주군 범서읍 구영리 ***-*,44925,2026-07-30,영업/정상
경기,캣플 코지눅 수원아이파크시티점,,"경기도 수원시 권선구 경수대로 ***, IPARK CITY 수원 아이파크 시티 **단지 *층 **호 (권선동)",경기도 수원시 권선구 권선동 **** IPARK CITY 수원 아이파크 시티 **단지,16662,2026-02-20,영업/정상
경기,미오,,"경기도 수원시 팔달구 권광로***번길 *, *층 (우만동)",경기도 수원시 팔달구 우만동 ***-*,16498,2026-06-29,영업/정상
경기,수원강아지분양 고양이분양 드림독안심분양센터,,"경기도 수원시 팔달구 중부대로***번길 **, 클래시엘 *층 ***호 (우만동)",경기도 수원시 팔달구 우만동 ***,16494,2026-01-26,영업/정상
경기,수원고양이분양 강아지분양 드림캣안심분양센터,,"경기도 수원시 팔달구 중부대로***번길 **, 클래시엘 *층 ***호 (우만동)",경기도 수원시 팔달구 우만동 ***,16494,2026-01-26,영업/정상
경기,수원강아지분양 고양이분양 독스캣,,"경기도 수원시 장안구 장안로 **-*, *층 (영화동)",경기도 수원시 장안구 영화동 ***-**,16273,2008-07-15,영업/정상
경기,애견백화점,031-256-5090,경기도 수원시 팔달구 정조로 *** (장안동),경기도 수원시 팔달구 장안동 **-*,16252,2008-07-14,영업/정상
경기,펫독 강아지고양이분양 미용,031-698-6821,"경기도 수원시 권선구 세권로 ***, ***호 (세류동, 해피하임아파트)",경기도 수원시 권선구 세류동 ****-* 해피하임아파트 ***호,16579,2010-10-25,영업/정상
경기,수원강아지분양 고양이분양 벨라독,,경기도 수원시 장안구 정조로 *** (조원동),경기도 수원시 장안구 조원동 ***-*,16310,2011-09-06,영업/정상
경기,고양이네 생선가게,,경기도 수원시 팔달구 향교로 **-* (매산로*가),경기도 수원시 팔달구 매산로*가 **-**,,2012-06-05,영업/정상
경기,(주)그린아쿠아펫 북수원점,,경기도 수원시 장안구 경수대로 *** (조원동),경기도 수원시 장안구 조원동 ***,,2012-08-24,영업/정상
경기,(주)그린아쿠아펫 영통점,,"경기도 수원시 영통구 봉영로 **** (영통동, 영통홈플러스)",경기도 수원시 영통구 영통동 ***-*,16704,2012-08-24,영업/정상
경기,(주)밀레펫 서수원점,031-485-5820,경기도 수원시 권선구 수인로 *** (구운동),경기도 수원시 권선구 구운동 ***,,2012-08-24,영업/정상
경기,(주)밀레펫 수원점,031-485-5820,"경기도 수원시 권선구 경수대로 ***, *층 (권선동)",경기도 수원시 권선구 권선동 ****,16585,2012-08-24,영업/정상
경기,쿨펫동물병원,031-237-1175,경기도 수원시 권선구 동수원로 *** (권선동),경기도 수원시 권선구 권선동 ****-* 롯데마트 권선점 *층,16553,2014-03-07,영업/정상
경기,수원강아지분양 고양이분양 아이러브독 말티즈말티푸미니비숑,031-204-2357,경기도 수원시 영통구 반달로 ** (영통동),경기도 수원시 영통구 영통동 ****-* *층,16705,2015-08-21,영업/정상
경기,펫츠랑,031-226-1515,"경기도 수원시 권선구 정조로 ***, *층 (세류동)",경기도 수원시 권선구 세류동 ***-*,16577,2016-10-14,영업/정상
경기,착한애견분양강아지 수원광교본점,,"경기도 수원시 영통구 센트럴파크로***번길 ***, ***호 (이의동)",경기도 수원시 영통구 이의동 ****-*,16506,2016-12-16,영업/정상
경기,미니펫 강아지분양 고양이분양 수원점,,"경기도 수원시 영통구 봉영로 ****, *층 ***호,***호 (영통동)",경기도 수원시 영통구 영통동 ***-*,16704,2017-02-17,영업/정상
경기,수원고양이분양 고사남 본점,,"경기도 수원시 영통구 동수원로 ***, *층 (매탄동)",경기도 수원시 영통구 매탄동 ***-**,16531,2017-07-28,영업/정상
경기,강아지분양 퍼피베이비,,"경기도 수원시 영통구 월드컵로**번길 **, *층 ***호 (원천동)",경기도 수원시 영통구 원천동 ***-*,16518,2018-02-12,영업/정상
경기,수원고양이분양 나비캣,,"경기도 수원시 권선구 정조로 ***, THE BEIGE *층 (세류동)",경기도 수원시 권선구 세류동 ***-* THE BEIGE,16655,2018-09-27,영업/정상
경기,수원고양이분양 도레미캣,,"경기도 수원시 영통구 반달로 **, *층 (영통동)",경기도 수원시 영통구 영통동 ****-*,16705,2019-09-24,영업/정상
경기,해피주 수원점,031-546-0980,"경기도 수원시 장안구 대평로**번길 **, 라이프스포츠 수원 ***,***(일부)호 (정자동)",경기도 수원시 장안구 정자동 ***-* 라이프스포츠 수원,16334,2019-11-22,영업/정상
경기,해피펫클럽,031-234-2001,"경기도 수원시 팔달구 중부대로**번길 **, *,*층 (인계동)",경기도 수원시 팔달구 인계동 ***-**,16470,2020-01-02,영업/정상
경기,수원강아지분양 고양이분양 멍앤냥,,"경기도 수원시 팔달구 경수대로***번길 **, ***호 (인계동)",경기도 수원시 팔달구 인계동 ****-* ***호,16489,2020-08-25,영업/정상
경기,수원고양이분양 가토캣슬 영통본점,,"경기도 수원시 영통구 반달로 **, *층 (영통동)",경기도 수원시 영통구 영통동 ****-*,16705,2021-06-09,영업/정상
경기,수원시바견,031-303-9525,경기도 수원시 팔달구 정조로***번길 ** (매교동),경기도 수원시 팔달구 매교동 **-*,16465,2021-07-15,영업/정상
경기,수원강아지분양 헬스독 애견입양 말티푸들포메라니안미니비숑,,"경기도 수원시 영통구 대학*로*번길 **, *층 (이의동)",경기도 수원시 영통구 이의동 ****-*,16226,2021-11-03,영업/정상
경기,수원고양이전문분양 아임캣 (I'M CAT),,"경기도 수원시 영통구 매영로***번길 *, ***(일부)호 (원천동)",경기도 수원시 영통구 원천동 ***-**,16675,2021-12-16,영업/정상
경기,퍼피스토리,,"경기도 수원시 영통구 법조로 **, 광교 더샵 레이크파크 *층 **(일부)호 (하동)",경기도 수원시 영통구 하동 **** 광교 더샵 레이크파크,16514,2021-12-16,영업/정상
경기,캣츠앤독스 강아지분양 고양이분양 수원점,,"경기도 수원시 영통구 센트럴파크로***번길 **, *층 ***호,***호 (이의동)",경기도 수원시 영통구 이의동 ****,16506,2022-03-08,영업/정상
경기,하이바이분양소 수원점,,"경기도 수원시 권선구 하탑로 *, *층 ***호 (탑동, 갑진빌딩)",경기도 수원시 권선구 탑동 ***-* 갑진빌딩,16606,2022-04-13,영업/정상
경기,폴리매스 주식회사,,"경기도 수원시 영통구 청명남로 **, 럭셔리프라자 *층 ***호*호 (영통동)",경기도 수원시 영통구 영통동 ***-* 럭셔리프라자,16704,2022-08-05,영업/정상
경기,수원강아지분양 고양이분양 도그마루,,"경기도 수원시 권선구 경수대로 ***, *층 (권선동)",경기도 수원시 권선구 권선동 ***-*,16565,2022-09-26,영업/정상
경기,강아지분양 고양이분양 컴투펫 수원점,,"경기도 수원시 팔달구 고화로 ***, *,*층 (화서동)",경기도 수원시 팔달구 화서동 **-*,16440,2022-12-07,영업/정상
경기,댕집사장 강아지분양,,"경기도 수원시 권선구 정조로 ***-*, 청계 *(일부)층 (세류동)",경기도 수원시 권선구 세류동 ***-* 청계,16655,2022-12-16,영업/정상
경기,아가마미 고양이카페,031-203-4075,"경기도 수원시 영통구 청명남로 **, 거성빌딩 *층 ***호 (영통동)",경기도 수원시 영통구 영통동 ****-** 거성빌딩 ***호,16705,2023-03-10,영업/정상
경기,홈플러스 동수원점 수족관,,"경기도 수원시 팔달구 효원로 ***, 홈플러스동수원점 *층 일부호 (인계동)",경기도 수원시 팔달구 인계동 **** 홈플러스동수원점,16490,2023-08-07,영업/정상
경기,수달앤쥬,,"경기도 수원시 권선구 금곡로 ***, 리더스빌딩 *층 ***(일부)호 (금곡동)",경기도 수원시 권선구 금곡동 ****-* 리더스빌딩,16391,2023-10-25,영업/정상
경기,달빛햄스터리 수원점,,"경기도 수원시 영통구 덕영대로****번길 **, 벽적골롯데아파트 생활편익시설동 지***(일부)호 (영통동)",경기도 수원시 영통구 영통동 ***-* 벽적골롯데아파트,16700,2023-11-06,영업/정상
경기,숭구리댕댕,,"경기도 수원시 권선구 서둔로 ***-*, *(일부)층 (탑동)",경기도 수원시 권선구 탑동 **-**,16605,2024-08-29,영업/정상
경기,다온 입양센터 수원점 강아지분양 고양이분양,,"경기도 수원시 영통구 대학*로*번길 **, *(일부)층 (이의동)",경기도 수원시 영통구 이의동 ****-*,16226,2025-04-03,영업/정상
경기,엘르퍼피,,"경기도 수원시 영통구 도청로**번길 **, 힐스테이트광교중앙역 ***호 (이의동)",경기도 수원시 영통구 이의동 **** 힐스테이트광교중앙역,16508,2025-04-14,영업/정상
경기,블리독수원점 고양이강아지분양 미니비숑프리제말티푸포메입양,,"경기도 수원시 팔달구 인계로 ***, 수원미디어시티 ***,***(일부)호 (인계동)",경기도 수원시 팔달구 인계동 **** 수원미디어시티,16489,2025-04-25,영업/정상
경기,수원고양이분양 캣토리,,"경기도 수원시 영통구 동수원로 ***, *층 일부호 (매탄동)",경기도 수원시 영통구 매탄동 ***-**,16531,2025-06-05,영업/정상
경기,멍글루,,"경기도 수원시 팔달구 화서문로**번길 *-*, *층 (북수동)",경기도 수원시 팔달구 북수동 ***,16253,2025-08-14,영업/정상
경기,수원강아지분양 홍스퍼피 본점,,"경기도 수원시 영통구 봉영로 ****, 모던타운 ***(일부)호 (영통동)",경기도 수원시 영통구 영통동 ***-* 모던타운,16703,2025-11-19,영업/정상
경기,미오즈 고양이분양 강아지분양 수원광교점,,"경기도 수원시 영통구 도청로 **, 광교유니코어 B*-***호 (이의동)",경기도 수원시 영통구 이의동 ****-* 광교유니코어,16509,2025-11-20,영업/정상
경기,수원강아지분양 고양이분양 미유펫 수원점,,"경기도 수원시 팔달구 효원로***번길 **-*, 큐빌딩 *층 ***호 (인계동)",경기도 수원시 팔달구 인계동 ****,16490,2026-08-05,영업/정상
경기,분당고양이분양 고사남,,경기도 성남시 분당구 느티로**번길 *-* (정자동),경기도 성남시 분당구 정자동 **-**,13610,2014-05-27,영업/정상
경기,아마존,031-714-5530,"경기도 성남시 분당구 금곡로 ***, ***호 (금곡동)",경기도 성남시 분당구 금곡동 ***,13617,2014-07-22,영업/정상
경기,우정앤독스,070-4202-7788,경기도 성남시 분당구 발이봉북로**번길 * (수내동),경기도 성남시 분당구 수내동 ***-*,13601,2014-11-26,영업/정상
경기,몽땅 펫샾,070-5035-0760,경기도 성남시 수정구 수정남로***번길 * (산성동),경기도 성남시 수정구 산성동 ***,13123,2015-02-12,영업/정상
경기,비포유,031-715-2298,"경기도 성남시 분당구 성남대로 ***, ***호 (정자동, 시그마타워)",경기도 성남시 분당구 정자동 **-*,13558,2015-05-01,영업/정상
경기,The Man's Dog,,경기도 성남시 분당구 서현로***번길 * (서현동),경기도 성남시 분당구 서현동 ***-**,13578,2015-06-26,영업/정상
경기,A. DOG(어독),,경기도 성남시 분당구 운중로***번길 *-* (판교동),경기도 성남시 분당구 판교동 ***-*,13477,2015-08-21,영업/정상
경기,멍스터,8016-5359,경기도 성남시 분당구 운중로***번길 *-* (판교동),경기도 성남시 분당구 판교동 ***-*,13477,2015-09-23,영업/정상
경기,해피애견타운 분당판교점,031-713-3210,경기도 성남시 분당구 백현로***번길 *-* (정자동),경기도 성남시 분당구 정자동 **-**,13609,2015-10-12,영업/정상
경기,마쵸,031-723-9567,"경기도 성남시 중원구 광명로***번길 **, *층 (성남동)",경기도 성남시 중원구 성남동 ****,13362,2015-12-23,영업/정상
경기,도그스101,031-701-7942,경기도 성남시 분당구 안양판교로****번길 ** (백현동),,13539,2016-09-02,영업/정상
경기,사랑하시개,,경기도 성남시 중원구 은이로*번길 * (은행동),,13153,2016-09-19,영업/정상
경기,분당강아지분양 프렌즈독,,경기도 성남시 분당구 발이봉북로**번길 * (수내동),,13601,2016-10-07,영업/정상
경기,펫 파라다이스,070-8840-8182,"경기도 성남시 분당구 백현로 *** (정자동, 정자I PARK)",경기도 성남시 분당구 정자동 **,13596,2016-12-13,영업/정상
경기,분당캣,,경기도 성남시 분당구 느티로**번길 ** (정자동),경기도 성남시 분당구 정자동 **-*,13610,2017-02-28,영업/정상
경기,(주)펫꼬뺑이,02-6457-8000,경기도 성남시 수정구 오야남로**번길 **-* (오야동),,13100,2017-09-06,영업/정상
경기,한빛,070-8888-9830,"경기도 성남시 수정구 시민로 ***, ***호 (신흥동)",경기도 성남시 수정구 신흥동 ****,13347,2017-09-11,영업/정상
경기,키워주시개,,경기도 성남시 중원구 둔촌대로**번길 ** (성남동),,13383,2017-09-29,영업/정상
경기,러빈펫(lovin pet),070-7756-2986,"경기도 성남시 분당구 운중로***번길 **-*, *층 (판교동)",경기도 성남시 분당구 판교동 ***-*,13477,2018-01-31,영업/정상
경기,행복한강아지,031-755-8384,"경기도 성남시 수정구 탄리로**번길 *, *층 (태평동)",경기도 성남시 수정구 태평동 ****-* *층,13288,2018-06-25,영업/정상
경기,서울동물병원,031-733-1119,경기도 성남시 중원구 희망로 *** (금광동),경기도 성남시 중원구 금광동 *,13180,2018-07-30,영업/정상
경기,분당고양이분양 나비캣,,"경기도 성남시 분당구 서현로***번길 *, *층 (서현동)",경기도 성남시 분당구 서현동 ***-** *층,13578,2018-09-21,영업/정상
경기,(유)애니멀코퍼레이션 동물보육원,,"경기도 성남시 중원구 자혜로 **, *층 (금광동)",경기도 성남시 중원구 금광동 ****,13171,2019-03-14,영업/정상
경기,퍼피블러썸,070-4119-3355,"경기도 성남시 분당구 판교역로**번길 **, *층 (백현동)",경기도 성남시 분당구 백현동 ***-*,13536,2019-04-12,영업/정상
경기,㈜코스모스이펙트,,"경기도 성남시 분당구 황새울로***번길 **, 멜로즈프라자 *층 ***(***)호 (서현동)",경기도 성남시 분당구 서현동 ***-* 멜로즈프라자,13590,2019-07-12,영업/정상
경기,중앙동물병원,031-755-9429,"경기도 성남시 수정구 수정로 ***, *층 (태평동)",경기도 성남시 수정구 태평동 ****,13305,2019-08-20,영업/정상
경기,바우스토리,031-756-5882,"경기도 성남시 수정구 위례서일로*길 *-**, *층 (창곡동)",경기도 성남시 수정구 창곡동 ***-**,13647,2019-09-17,영업/정상
경기,성남강아지분양 고양이분양 미유펫 분당판교점,,"경기도 성남시 분당구 동판교로 **, 제이스타빌딩 *층 ***호 (백현동)",경기도 성남시 분당구 백현동 *** 제이스타빌딩 ***호,13535,2019-10-17,영업/정상
경기,아인츠독 강아지애견분양 성남위례본점,031-757-4885,"경기도 성남시 수정구 위례서일로*길 *-**, *층 ***호 (창곡동)",경기도 성남시 수정구 창곡동 ***-* ***호,13647,2019-12-26,영업/정상
경기,분당강아지분양 고양이분양 도그마루,,"경기도 성남시 분당구 궁내로**번길 **, *층 (궁내동)",경기도 성남시 분당구 궁내동 ***-*,13550,2020-04-09,영업/정상
경기,퍼피벨르,,"경기도 성남시 분당구 판교역로***번길 **, 판교타워 *층 ***호 (삼평동)",경기도 성남시 분당구 삼평동 *** 판교타워,13524,2020-06-12,영업/정상
경기,반하다펫,031-713-4552,"경기도 성남시 분당구 불곡로 *, 리더스프라자 *층 ***호 (정자동)",경기도 성남시 분당구 정자동 ***-* 리더스프라자,13604,2020-07-02,영업/정상
경기,인터하이테크,,"경기도 성남시 수정구 위례광장로 *-**, 아롬타워 ***호 (창곡동)",경기도 성남시 수정구 창곡동 ***-* 아롬타워 ***호,13646,2020-07-27,영업/정상
경기,나는 고양이에 빠지다,,"경기도 성남시 분당구 운중로***번길 *, ***호 (운중동)",경기도 성남시 분당구 운중동 ****-* ***호,13467,2020-08-14,영업/정상
경기,퍼피 베어(PUPPY-BEAR),,"경기도 성남시 수정구 위례순환로*길 **, *층 지하*층층 (창곡동)",경기도 성남시 수정구 창곡동 ***-**,13642,2020-11-26,영업/정상
경기,시그니처펍스 강아지분양 고양이분양 성남본점,,"경기도 성남시 수정구 위례순환로*길 **, *층 (창곡동)",경기도 성남시 수정구 창곡동 ***-* *층,13642,2022-04-20,영업/정상
경기,주식회사 우연컴퍼니,,"경기도 성남시 분당구 성남대로***번길 *-**, ***호 (정자동)",경기도 성남시 분당구 정자동 ***-*,13558,2022-11-10,영업/정상
경기,플란다스의 개,031-718-4552,"경기도 성남시 분당구 불곡로 *, ***호 (정자동,리더스프라자)",경기도 성남시 분당구 정자동 ***-* 리더스프라자 ***호,,2010-09-09,영업/정상
경기,냥냥펀치,,"경기도 성남시 수정구 위례광장로 **, *B동 ***호 (창곡동, 위례역 푸르지오 *단지)",경기도 성남시 수정구 창곡동 *** 위례역 푸르지오 *단지,13646,2022-12-06,영업/정상
경기,탑클래스 펫,,경기도 성남시 분당구 판교공원로*길 ** (판교동),경기도 성남시 분당구 판교동 ***-*,13477,2023-09-14,영업/정상
경기,팅커벨,,"경기도 성남시 수정구 위례광장로 **, ***,***호 (창곡동, 위례역 푸르지오 *단지)",경기도 성남시 수정구 창곡동 *** 위례역 푸르지오 *단지,13646,2024-03-11,영업/정상
경기,유앤미펫 강아지분양 고양이분양 위례점,,"경기도 성남시 수정구 위례서일로*길 **, ***,***호 (창곡동)",경기도 성남시 수정구 창곡동 ***,13647,2024-08-14,영업/정상
경기,파라키스,,경기도 성남시 분당구 동판교로**번길 ** (백현동),경기도 성남시 분당구 백현동 ***-*,13535,2024-09-20,영업/정상
경기,작소,,"경기도 성남시 중원구 둔촌대로**번길 **-*, *층 ***호 (성남동)",경기도 성남시 중원구 성남동 ****,13377,2025-02-07,영업/정상
경기,주식회사 키워,,"경기도 성남시 중원구 성남대로****번길 **, ***호 (성남동)",경기도 성남시 중원구 성남동 **** ***호,13366,2025-04-04,영업/정상
경기,디어퍼피 위례점,,"경기도 성남시 수정구 위례서일로*길 **-*, ***,***호 (창곡동)",경기도 성남시 수정구 창곡동 ***-*,13647,2025-08-19,영업/정상
경기,펫다방,070-4632-3239,"경기도 성남시 수정구 시민로 ***, *층 (신흥동)",경기도 성남시 수정구 신흥동 ****,13352,2025-09-19,영업/정상
경기,마이 프렌즈,8017-7708,경기도 성남시 분당구 판교역로**번길 **-* (백현동),경기도 성남시 분당구 백현동 ***-*,,2011-10-26,영업/정상
경기,프라임 도그,070-8639-2098,경기도 성남시 분당구 동판교로**번길 **-* (백현동),경기도 성남시 분당구 백현동 ***-*,,2012-01-12,영업/정상
경기,가온동물병원,,경기도 성남시 중원구 둔촌대로 *** (성남동),경기도 성남시 중원구 성남동 ****,,2012-07-26,영업/정상
경기,㈜그린프레밀리,,경기도 성남시 수정구 수정로 *** (태평동),경기도 성남시 수정구 태평동 ****,,2012-08-10,영업/정상
경기,아쿠아오리지널롯데마트서현점,,경기도 성남시 분당구 황새울로***번길 ** (서현동),경기도 성남시 분당구 서현동 ***,,2012-11-14,영업/정상
경기,물고기자리,,"경기도 성남시 수정구 산성대로 ***, 지*층 (신흥동)",경기도 성남시 수정구 신흥동 ****-* 지*층일부,13272,2013-02-20,영업/정상
경기,이리온동물병원 아브뉴프랑 판교점,031-8017-6125,"경기도 성남시 분당구 동판교로***번길 ** (삼평동, 판교 호반 써밋 플레이스)",경기도 성남시 분당구 삼평동 ***,13525,2013-03-13,영업/정상
경기,사랑해줄개,031-713-1366,"경기도 성남시 분당구 내정로**번길 *-**, ***호 (정자동, 금산파킹프라자)",경기도 성남시 분당구 정자동 *** 금산파킹프라자 ***호,13612,2013-03-24,영업/정상
경기,달려라 바우,070-4643-1302,"경기도 성남시 분당구 분당로***번길 **, ***호 (서현동, 효자촌 분산상가 )",경기도 성남시 분당구 서현동 ***,13586,2013-04-12,영업/정상
경기,젠동물병원,031-752-0075,"경기도 성남시 분당구 양현로 ***, *층 (야탑동)",경기도 성남시 분당구 야탑동 ***-*,13501,2013-11-11,영업/정상
경기,스타펫,,"경기도 성남시 분당구 운중로***번길 **-*, *층 (판교동)",경기도 성남시 분당구 판교동 ***-*,13477,2013-12-16,영업/정상
경기,꽃강아지,031-701-2770,"경기도 성남시 분당구 양현로**번길 *, ***호 (이매동)",경기도 성남시 분당구 이매동 ***-*,13568,2014-04-08,영업/정상
경기,베어룸바이퍼피베어,,"경기도 성남시 중원구 둔촌대로**번길 *-*, *층 (성남동)",경기도 성남시 중원구 성남동 ****,13383,2026-07-23,영업/정상
경기,(주)그린프레밀리,,"경기도 의정부시 민락로 *** (민락동, 이마트)",경기도 의정부시 민락동,11814,2013-07-24,영업/정상
경기,베스트 의정부 애견 미용학원,031-821-2066,경기도 의정부시 태평로 ** (의정부동),,11697,2016-01-18,영업/정상
경기,도그메리트 강아지,,경기도 의정부시 평화로 *** (의정부동),경기도 의정부시 의정부동 ***-**,11692,2016-09-06,영업/정상
경기,서정대학교 부설 반려동물센터(펫인쥬),,"경기도 의정부시 호국로****번길 **, *층 (의정부동)",경기도 의정부시 의정부동 ***-*,11692,2017-11-30,영업/정상
경기,의정부고양이분양 나비캣,,"경기도 의정부시 금신로***번길 **, *층 (신곡동)",경기도 의정부시 신곡동 **,11778,2018-05-14,영업/정상
경기,데일리독 의정부강아지분양 애견분양,031-878-6319,"경기도 의정부시 시민로 **, 센트럴타워 *층 ***,***,***,***호 (의정부동)",경기도 의정부시 의정부동 *** 센트럴타워,11651,2019-03-26,영업/정상
경기,(주)코스모스이펙트,,"경기도 의정부시 경의로 **, *층 ***-*호 (의정부동)",경기도 의정부시 의정부동 ***-*,11654,2019-08-05,영업/정상
경기,플래니터리헬스,,"경기도 의정부시 둔야로**번길 *, 덕암빌딩 B*층 *-**호 (의정부동)",경기도 의정부시 의정부동 ***-* 덕암빌딩 *-**호,11673,2019-10-24,영업/정상
경기,루이스펫샵 의정부 강아지분양 애견미용샵,,"경기도 의정부시 민락로 ***, 중흥에스-클래스트와이스 *층 ***호 (민락동)",경기도 의정부시 민락동 ***-*,11813,2020-11-10,영업/정상
경기,빼로독 강아지분양 의정부본점,,"경기도 의정부시 평화로 ***, ***호 (의정부동)",경기도 의정부시 의정부동 ***-**,11697,2020-12-17,영업/정상
경기,펫캐슬 의정부 강아지분양 고양이분양 애견샵,031-846-8255,경기도 의정부시 호국로 ****(의정부동),경기도 의정부시 의정부동 ***-*,11692,2021-10-28,영업/정상
경기,도그버킷,,"경기도 의정부시 평화로 ***, *층 (의정부동)",경기도 의정부시 의정부동 ***-*,11691,2022-08-31,영업/정상
경기,베리독 강아지 고양이 의정부점,031-848-2230,"경기도 의정부시 시민로***번길 **, *층 (의정부동)",경기도 의정부시 의정부동 ***-*,11695,2022-09-06,영업/정상
경기,러블리캣독 의정부고양이분양 강아지분양,,"경기도 의정부시 시민로 **, 센트럴타워 A동 *층 ***호 (의정부동)",경기도 의정부시 의정부동 *** 센트럴타워 A동 ***호,11651,2023-10-23,영업/정상
경기,FOR YOU DOG,,"경기도 의정부시 오목로***번길 **, 테라스프라자 *층 ***호 (민락동)",경기도 의정부시 민락동 ***-* 테라스프라자 ***호,11813,2023-11-15,영업/정상
경기,의정부 고양이분양 강아지분양 이쁘냥 애견샵,,"경기도 의정부시 녹양로 **, *층 (가능동)",경기도 의정부시 가능동 ***-*,11616,2024-02-01,영업/정상
경기,멍냥스타 강아지분양 고양이분양,,"경기도 의정부시 가금로 **, 지승메디컬프라자 *층 ***호 (가능동)",경기도 의정부시 가능동 **-* 지승메디컬프라자 ***호,11611,2024-02-28,영업/정상
경기,몬스타주,,"경기도 의정부시 용민로 **, ***호 (용현동, 베르우스M)",경기도 의정부시 용현동 **-* 베르우스M ***호,11785,2025-02-13,영업/정상
경기,의정부 강아지분양 고양이분양 애견분양 펫하임 의정부본점,031-843-4200,"경기도 의정부시 행복로 **, *, *층 (의정부동)","경기도 의정부시 의정부동 ***-** *, *층",11692,2025-06-10,영업/정상
경기,엣지펫 의정부 강아지분양 고양이분양 반려동물 애견샵,,"경기도 의정부시 행복로 **, *층 (의정부동)",경기도 의정부시 의정부동 ***-**,11692,2025-08-05,영업/정상
경기,블리독 의정부점 강아지고양이분양 말티푸비숑포메 입양,,"경기도 의정부시 태평로 ***, *층 ***호 (의정부동)",경기도 의정부시 의정부동 **-** ***호,11693,2025-11-14,영업/정상
경기,아임멍멍,,"경기도 의정부시 오목로***번길 **, 메가타워 ***호 (민락동)",경기도 의정부시 민락동 ***-* 메가타워 ***호,11813,2026-01-08,영업/정상
경기,용현애견방,,경기도 의정부시 시민로 ***(용현동),경기도 의정부시 용현동 ***-*,11792,2008-05-20,영업/정상
경기,코리아애견샵,,"경기도 의정부시 새말로 * (신곡동, 풍림프라자 ***호)",,11777,2008-06-30,영업/정상
경기,메종드켄넬,,"경기도 의정부시 천보로 **, ****호 (민락동)",경기도 의정부시 민락동 ***-* ****호,11813,2026-05-04,영업/정상
경기,안양애견,031-448-9339,경기도 안양시 만안구 안양로***번길 * (안양동),경기도 안양시 만안구 안양동 ***-**,13991,2008-09-03,영업/정상
경기,럭셔리애견사랑,031-444-0724,경기도 안양시 만안구 안양로 *** (안양동),경기도 안양시 만안구 안양동 ***-***,13991,2011-06-21,영업/정상
경기,이즈펫 강아지분양 고양이분양 본점,031-458-8282,"경기도 안양시 만안구 안양로 ***, *층 (안양동)",경기도 안양시 만안구 안양동 ***-**,13988,2011-11-25,영업/정상
경기,주식회사 그린프레밀리,,"경기도 안양시 동안구 관악대로 *** (비산동,리홈안양이마트 *층)",경기도 안양시 동안구 비산동 ***-* 리홈안양이마트 *층,,2012-09-03,영업/정상
경기,로얄수족관,,"경기도 안양시 동안구 시민대로 *** (관양동,이마트평촌점)",경기도 안양시 동안구 관양동 ****-* 이마트평촌점,,2012-10-15,영업/정상
경기,스타독,031-465-3188,"경기도 안양시 만안구 만안로 ***, *층 (안양동)",경기도 안양시 만안구 안양동 ***-* *층,13992,2013-11-14,영업/정상
경기,허니애견,,"경기도 안양시 만안구 충훈로 **, *-**동 *층 (석수동)",경기도 안양시 만안구 석수동 ***-**,13974,2013-12-17,영업/정상
경기,베베캣 고양이,031-387-2080,"경기도 안양시 동안구 관악대로 ***-*, *층 (관양동)",경기도 안양시 동안구 관양동 ****-** *층,13937,2017-06-23,영업/정상
경기,웰니스(평촌),031-382-0011,"경기도 안양시 동안구 시민대로 ***, 이마트평촌점 지하*층 (관양동)",경기도 안양시 동안구 관양동 **** 이마트평촌점,14066,2018-03-20,영업/정상
경기,(주)코스모스이펙트,,"경기도 안양시 동안구 흥안대로 ***, 타워빌딩 ***호 (관양동)",경기도 안양시 동안구 관양동 ****-* 타워빌딩 ***호,13943,2019-06-21,영업/정상
경기,힐링주,031-340-4411,"경기도 안양시 동안구 시민대로***번길 *, W에이스타워 ***호, ***호 (관양동)",경기도 안양시 동안구 관양동 ****-* W에이스타워,14055,2020-01-28,영업/정상
경기,키즈멍 안양본점,,"경기도 안양시 만안구 만안로 ***-*, *,*층 (안양동)","경기도 안양시 만안구 안양동 ***-** *,*층",13992,2020-12-04,영업/정상
경기,안양 강아지분양 고양이분양 도그마루,,"경기도 안양시 동안구 관악대로 ***-*, 해든빌딩 *층 (관양동)",경기도 안양시 동안구 관양동 ****-* 해든빌딩,13949,2021-02-01,영업/정상
경기,캣츠앤몬스터 고양이카페&분양,,"경기도 안양시 동안구 관악대로 ***, *층 (관양동)",경기도 안양시 동안구 관양동 ****-** *층,13938,2021-07-16,영업/정상
경기,안양강아지분양 고양이분양 멍앤냥,,"경기도 안양시 만안구 박달로 ***, *층 (안양동)",경기도 안양시 만안구 안양동 ***-*** *층,13991,2021-09-30,영업/정상
경기,특별한 동물가게,,"경기도 안양시 만안구 덕천로 **, 에버앤비 스퀘어 ***호 (안양동)",경기도 안양시 만안구 안양동 ***-** 에버앤비 스퀘어,14087,2022-09-13,영업/정상
경기,평촌동물병원,031-384-9505,"경기도 안양시 동안구 평촌대로 ***, 평촌트윈마트 ***호 일부, ***호 일부호 (평촌동)","경기도 안양시 동안구 평촌동 ***-* 평촌트윈마트 ***호 일부, ***호 일부호",14103,2025-05-30,영업/정상
경기,댕댕이라개 강아지분양 안양본점,,"경기도 안양시 만안구 박달로 ***-*, *층 일부 (안양동)",경기도 안양시 만안구 안양동 ***-**,14005,2025-08-26,영업/정상
경기,로얄수족관,,경기도 부천시 소사구 부천로 * (심곡본동),경기도 부천시 소사구 심곡본동 ***-*,14637,2014-06-19,영업/정상
경기,아이러브독 강아지분양 부천점,,경기도 부천시 원미구 소향로 **-** (상동),경기도 부천시 원미구 상동 ***-* 승재밀레니엄오피스텔,14545,2014-08-04,영업/정상
경기,미래애견,,경기도 부천시 소사구 은성로 **-* (소사본동),경기도 부천시 소사구 소사본동 ***-**,14703,2014-10-30,영업/정상
경기,미니펫 강아지분양 고양이분양 부천점,032-326-8990,"경기도 부천시 원미구 길주로 ***, ***호 (중동, 에스티마오피스텔)",,14537,2015-11-09,영업/정상
경기,오케이독,,"경기도 부천시 원미구 부일로***번길 **, ***,***호 (상동, 황금프라자)",,14598,2016-06-21,영업/정상
경기,Multi pet,,"경기도 부천시 원미구 장말로***번길 *, ***호 (심곡동, 기성뷰그리안아파트)",경기도 부천시 원미구 심곡동 ***-* 기성뷰그리안아파트,14633,2017-02-15,영업/정상
경기,돌리샵,,"경기도 부천시 원미구 중동로***번길 **, ***호 (중동)",경기도 부천시 원미구 중동 ****-*,14548,2018-06-01,영업/정상
경기,(주)코스모스이펙트,,"경기도 부천시 원미구 석천로***번길 **, 화이트밸리 *층 ***호 (중동)",경기도 부천시 원미구 중동 ****-* 화이트밸리,14546,2019-07-23,영업/정상
경기,라네쥬 독(Laneige.dog),,"경기도 부천시 원미구 부흥로 ***, *층 (소사동)",경기도 부천시 원미구 소사동 *-**,14647,2019-12-27,영업/정상
경기,미니펫스쿨(Minipet School),,"경기도 부천시 원미구 길주로***번길 **, *층 (춘의동)",경기도 부천시 원미구 춘의동 ***-**,14529,2020-09-14,영업/정상
경기,캉스펫 부천점,,"경기도 부천시 원미구 길주로 **, 굿모닝오피스텔 ***호 (상동)",경기도 부천시 원미구 상동 ***-* 굿모닝오피스텔,14544,2020-11-25,영업/정상
경기,부천강아지분양 멍미,,"경기도 부천시 원미구 길주로 **, 에이플러스 *층 *호 (상동)",경기도 부천시 원미구 상동 ***-* 에이플러스 ***호,14543,2021-06-28,영업/정상
경기,미유펫 강아지분양 고양이분양 부천점,,"경기도 부천시 원미구 부흥로***번길 **, *층 (중동)",경기도 부천시 원미구 중동 ****,14582,2022-03-21,영업/정상
경기,Design Dog,,"경기도 부천시 원미구 원미로 ***, ***호 (원미동)",경기도 부천시 원미구 원미동 *-*,14562,2022-10-06,영업/정상
경기,(주)우연컴퍼니,,"경기도 부천시 원미구 부일로***번길 **, *층 ***-**호 (상동)",경기도 부천시 원미구 상동 ***-*,14623,2022-11-15,영업/정상
경기,버디독 강아지분양 고양이분양 안심분양센터 부천점,,"경기도 부천시 소사구 소사로 ***, ***호 (소사본동, 골드캐슬아파트)",경기도 부천시 소사구 소사본동 ***-* 골드캐슬아파트,14758,2022-12-08,영업/정상
경기,드림독 강아지분양 안심분양센터 부천점,,"경기도 부천시 원미구 신흥로 **, 디오스빌 ***호 (심곡동)",경기도 부천시 원미구 심곡동 ***-* 디오스빌,14635,2023-02-13,영업/정상
경기,쁘띠멍멍,,경기도 부천시 원미구 석천로**번길 ** (상동),경기도 부천시 원미구 상동 ***-*,14620,2023-04-25,영업/정상
경기,예쁘개,032-671-0097,"경기도 부천시 오정구 역곡로***번길 **, *층 (고강동)",경기도 부천시 오정구 고강동 ***-*,14407,2023-12-04,영업/정상
경기,퍼피힐 강아지분양,,경기도 부천시 소사구 안곡로 *** (괴안동),경기도 부천시 소사구 괴안동 ***-*,14678,2024-08-26,영업/정상
경기,도그팰리스,,"경기도 부천시 원미구 길주로**번길 **-**, 디아뜨갤러리* ***호 (상동)",경기도 부천시 원미구 상동 ***-* 디아뜨갤러리*,14543,2025-01-02,영업/정상
경기,미오즈 고양이분양 강아지분양 부천점,,"경기도 부천시 원미구 소향로 ***, 디아뜨갤러리* A동 ***호 (중동)",경기도 부천시 원미구 중동 ****-* 디아뜨갤러리* A동,14548,2025-09-30,영업/정상
경기,쁘띠숑,,"경기도 부천시 원미구 신흥로 ***, 위브더스테이트 ***동 ***호 (중동)",경기도 부천시 원미구 중동 **** 위브더스테이트,14549,2025-10-28,영업/정상
경기,강아지분양 바크바크 부천점,,"경기도 부천시 원미구 계남로***번길 **, *층 (중동)",경기도 부천시 원미구 중동 ****-**,14533,2025-11-14,영업/정상
경기,젤리독 젤리캣,,"경기도 부천시 소사구 범안로 ***, 서영아너시티*차 ***호 (옥길동)",경기도 부천시 소사구 옥길동 ***-* 서영아너시티*차,14789,2026-01-05,영업/정상
경기,퍼피유니티,,"경기도 부천시 원미구 소향로 ***, 일신빌딩 ***-***호 (중동)",경기도 부천시 원미구 중동 ****-* 일신빌딩,14546,2026-04-03,영업/정상
경기,로얄수족관,032-718-1052,,경기도 부천시 원미구 중동 ****,,2012-10-24,영업/정상
경기,세이독,,"경기도 부천시 원미구 부흥로***번길 **, 포 이 베 ***호 (중동)",경기도 부천시 원미구 중동 **** 포 이 베,14582,2026-05-28,영업/정상
경기,펫루나안심분양센터 강아지분양 고양이분양 부천점,,"경기도 부천시 원미구 부천로 **, *층 (심곡동)",경기도 부천시 원미구 심곡동 ***-*,14638,2026-05-07,영업/정상
경기,베베리홈,,"경기도 광명시 광명로 ***, *층 (광명동)",경기도 광명시 광명동 ***-**,14273,2025-09-30,영업/정상
경기,버디독 강아지분양 고양이분양 안심분양센터 광명점,,"경기도 광명시 오리로 ***, ***호 (광명동)",경기도 광명시 광명동,14286,2012-06-26,영업/정상
경기,가가동물원,02-2615-1021,경기도 광명시 아방리*길 ** (노온사동),경기도 광명시 노온사동 ***-*,14335,2012-08-03,영업/정상
경기,광명 꽃 수족관,02-2625-6004,"경기도 광명시 오리로 ***, 크로앙스 지하*층 (광명동)",경기도 광명시 광명동 ***-** 크로앙스,14220,2012-08-29,영업/정상
경기,데코스,02-2067-8955,"경기도 광명시 오리로 ***, 크로앙스 지하*층 (광명동)",경기도 광명시 광명동 ***-** 크로앙스,14220,2012-08-29,영업/정상
경기,톰앤캣 광명고양이분양,,"경기도 광명시 금하로 ***, 고려빌딩 *층 (소하동)",경기도 광명시 소하동 **-**,14318,2018-07-02,영업/정상
경기,베타봉봉,,"경기도 광명시 범안로 ****, 골든힐쇼핑센타 *층 ***호 (하안동)",경기도 광명시 하안동 **-* 골든힐쇼핑센타,14306,2021-03-26,영업/정상
경기,내품안의반려견광명점,070-7809-7771,"경기도 광명시 금하로 ***, 비앤팰리스 *층 ***호 (소하동)",경기도 광명시 소하동 **-**,14314,2022-09-23,영업/정상
경기,로얄 수족관,02-6918-1234,"경기도 광명시 소하로 **, 이마트 소하점 *층 (소하동)",경기도 광명시 소하동 ****-*,14316,2023-08-16,영업/정상
경기,주식회사 우연컴퍼니,02-2038-8602,"경기도 광명시 오리로 ***, 창업지원센터 ***호 (소하동)",경기도 광명시 소하동 ****-* 창업지원센터 ***호,14327,2024-01-16,영업/정상
경기,평택 강아지분양 고양이분양 미유펫,,"경기도 평택시 중앙로 ***, *층 (합정동)",경기도 평택시 합정동 ***-**,17904,2026-06-08,영업/정상
경기,슈퍼독,,"경기도 평택시 팽성읍 안정로**번길 **, ***호 (맥심험프리스)",경기도 평택시 팽성읍 안정리 ***-* 맥심험프리스,17983,2026-08-13,영업/정상
경기,멍스테일,,"경기도 평택시 세교*길 **, ***호 (세교동)",경기도 평택시 세교동 ***-*,17842,2026-07-21,영업/정상
경기,토이 켄넬,,경기도 평택시 진위면 방꼬지길 **,경기도 평택시 진위면 야막리 ***-***,17705,2014-05-19,영업/정상
경기,경기관상어(롯데마트 평택점),,"경기도 평택시 평택*로 **, *층 (합정동, 롯데마트)",경기도 평택시 합정동 ***-*,17902,2014-12-11,영업/정상
경기,마루네 애견사랑,031-664-1010,경기도 평택시 송탄로 *** (서정동),경기도 평택시 서정동,17777,2015-06-17,영업/정상
경기,아이 러브 독,,경기도 평택시 팽성읍 안정순환로 ***,경기도 평택시 팽성읍 안정리 ***-*,17986,2015-08-03,영업/정상
경기,펫 프렌즈,031-668-7955,경기도 평택시 송탄로 *** (지산동),경기도 평택시 지산동 ***-**,17756,2015-08-24,영업/정상
경기,베리독 강아지고양이 평택본점,,"경기도 평택시 비전*길 **-*, ***호 (비전동)",경기도 평택시 비전동 ***,17851,2017-07-14,영업/정상
경기,퍼스트독앤캣,,경기도 평택시 현덕면 송담*로 **,경기도 평택시 현덕면 인광리 ***-*,17946,2017-08-25,영업/정상
경기,골드독,,"경기도 평택시 평택로 **, *층 (평택동)",경기도 평택시 평택동 **-**,17911,2018-04-19,영업/정상
경기,미엔유펫,,"경기도 평택시 중앙로 **, *층 (합정동)",경기도 평택시 합정동 ***-*,17909,2018-11-14,영업/정상
경기,멍했냥 평택본점,,"경기도 평택시 함박산*길 **-*, *층 (고덕동)",경기도 평택시 고덕동 ****-*,18017,2019-04-29,영업/정상
경기,이찌펫,,경기도 평택시 중앙시장로**번길 ** (신장동),경기도 평택시 신장동 ***-*,17758,2019-05-13,영업/정상
경기,멍뭉이 쌀롱,,경기도 평택시 안중읍 현덕로 **,경기도 평택시 안중읍 송담리 ***-*,17942,2019-08-12,영업/정상
경기,중독,,"경기도 평택시 평택*로 **, *층 (평택동)",경기도 평택시 평택동 **-*,17909,2019-10-30,영업/정상
경기,팜스펫,,경기도 평택시 칠괴길 ** (모곡동),경기도 평택시 모곡동 ***,17748,2019-12-11,영업/정상
경기,(주)도그마루 경인지점,,"경기도 평택시 만세로 ****, *층 (비전동)",경기도 평택시 비전동 ***-*,17851,2020-08-17,영업/정상
경기,야옹아 멍멍해봐 강아지고양이 평택점,,경기도 평택시 만세로 ****(죽백동),경기도 평택시 죽백동 ***-*,17864,2021-08-12,영업/정상
경기,펫샵,,경기도 평택시 쇼핑로 **-*(신장동),경기도 평택시 신장동 ***-*,17758,2021-10-13,영업/정상
경기,로얄퍼피,,경기도 평택시 상서재로*길 **-**(동삭동),경기도 평택시 동삭동 ***-*,18032,2021-11-22,영업/정상
경기,안다 동물보호소,,"경기도 평택시 오좌동길 **-**, *,*층 (독곡동)",경기도 평택시 독곡동 ***-*,17719,2022-04-29,영업/정상
경기,펫프린,,"경기도 평택시 용죽*로 **, ***호 (용이동)",경기도 평택시 용이동 ***-*,18033,2022-05-10,영업/정상
경기,평택강아지분양 헬스독 애견입양 말티푸들포메라니안미니비숑,,경기도 평택시 원평로 **(평택동),경기도 평택시 평택동 ***-*,17921,2022-06-15,영업/정상
경기,평택 강아지분양 고양이분양 파라다이스펫본점,,"경기도 평택시 만세로 ****, *층 (죽백동)",경기도 평택시 죽백동 ***-*,17864,2023-03-28,영업/정상
경기,캉스펫,,"경기도 평택시 서재로 *, *층 (동삭동)",경기도 평택시 동삭동 ***-*,17848,2023-05-04,영업/정상
경기,브룩스 캣 카페,,"경기도 평택시 비전*로 **, 평택가로수길센트럴돔 *층 ****호 (비전동)",경기도 평택시 비전동 ****,17854,2023-07-26,영업/정상
경기,햄스터살롱,,"경기도 평택시 현신*길 **, 상가동 ***호 (용이동, 용이 반도유보라아파트)",경기도 평택시 용이동 ***-* 용이 반도유보라아파트 상가동 ***호,17866,2023-08-04,영업/정상
경기,라이프독 평택점 24시 강아지분양 고양이분양,,"경기도 평택시 팽성읍 안정로**번길 **, 까뮤 이스테이트 험프리스 ***호",경기도 평택시 팽성읍 안정리 ***-** 까뮤 이스테이트 험프리스 ***호,17983,2024-05-22,영업/정상
경기,아르르펫,,"경기도 평택시 함박산*길 **-*, ***호 (고덕동)",경기도 평택시 고덕동 ****-*,18017,2024-06-05,영업/정상
경기,햄뚱샵,,"경기도 평택시 쇼핑로 **, *층 (신장동)",경기도 평택시 신장동 ***-** *층,17758,2024-06-26,영업/정상
경기,평택애니멀클럽,,"경기도 평택시 청원로 ****, ***,***,***호 (가재동)",경기도 평택시 가재동 **,17742,2024-11-20,영업/정상
경기,달콤하니냥,,"경기도 평택시 안중읍 송담*길 **, *층",경기도 평택시 안중읍 송담리 ***-*,17941,2025-05-14,영업/정상
경기,멍멍이와 야옹이,,"경기도 평택시 비전*길 **-*, *층 (비전동)",경기도 평택시 비전동 ***-*,17851,2025-10-31,영업/정상
경기,아기다람쥐 또미,,경기도 평택시 통복시장*로 ** (통복동),경기도 평택시 통복동 **-*,17892,2025-12-01,영업/정상
경기,코튼하우스,,"경기도 평택시 팽성읍 계양로 ***, *층",경기도 평택시 팽성읍 노양리 **-*,17979,2025-12-15,영업/정상
경기,벨슈어퍼피 평택 2호점,,"경기도 평택시 동삭*로**번길 **-**, *층 ***호 (동삭동)",경기도 평택시 동삭동 *,17841,2025-12-15,영업/정상
경기,하나펫,,"경기도 평택시 팽성읍 안정쇼핑로 **-*, *층",경기도 평택시 팽성읍 안정리 **-**,17982,2026-08-05,영업/정상
경기,평택강아지분양 메리퍼피,,"경기도 평택시 용죽*로 **-**, *층 (용이동)",경기도 평택시 용이동 ***-*,17870,2026-07-09,영업/정상
경기,포근룸,,"경기도 평택시 함박산*길 **, 고덕에듀브릿지타운 ***호 (고덕동)",경기도 평택시 고덕동 ****-*,18017,2026-02-13,영업/정상
경기,랏타나 퍼피,,"경기도 평택시 고덕국제대로 **, ***동 *층 ****호 (고덕동, 힐스테이트 고덕 센트럴)",경기도 평택시 고덕동 ****-* 힐스테이트 고덕 센트럴,18018,2026-02-13,영업/정상
경기,작은동물원,031-651-8979,경기도 평택시 평택로 ** (평택동),경기도 평택시 평택동 **-**,,2008-07-10,영업/정상
경기,퍼피 투게더,,"경기도 평택시 팽성읍 안정쇼핑로 **, *층",경기도 평택시 팽성읍 안정리 **-**,17977,2008-07-10,영업/정상
경기,토이박스,,경기도 평택시 평택로**번길 * (평택동),경기도 평택시 평택동 **-**,17911,2008-07-11,영업/정상
경기,나라애견(송탄점),,경기도 평택시 탄현로 *** (신장동),경기도 평택시 신장동 ***-*,,2008-07-11,영업/정상
경기,우리애견,,경기도 평택시 팽성읍 안정쇼핑로 **,경기도 평택시 팽성읍 안정리 ***-**,,2008-11-25,영업/정상
경기,애견사랑,,경기도 평택시 평택로 **-* (평택동),경기도 평택시 평택동 **-**,,2010-12-01,영업/정상
경기,(주)밀레펫(이마트평택점),031-371-1052,경기도 평택시 영신로 ** (동삭동),경기도 평택시 지제동 **,,2012-08-16,영업/정상
경기,(주)그린아쿠아펫,,"경기도 평택시 안중읍 서동대로 ****, 홈플러스 평택안중점 *층","경기도 평택시 안중읍 현화리 ***-** ,*층(홈플러스 평택안중점)",17816,2012-09-19,영업/정상
경기,야옹아 멍멍해봐,031-668-3330,경기도 평택시 은실고가길 *** (세교동),경기도 평택시 세교동 ***,17825,2014-04-04,영업/정상
경기,픽미업(Pick me up),,"경기도 동두천시 행선로**번길 **, *층 *호 (지행동)",경기도 동두천시 지행동 ***-*,11364,2024-04-24,영업/정상
경기,롯데마트 동두천점(한강아쿠아),031-527-4244,경기도 동두천시 평화로****번길 ** (송내동),경기도 동두천시 송내동 ***,11355,2012-09-03,영업/정상
경기,라이브펫,,경기도 동두천시 탑신로***번길 **-** (탑동동),경기도 동두천시 탑동동 ***,11322,2015-07-14,영업/정상
경기,현대애견,031-865-5393,"경기도 동두천시 큰시장로 **, 고려빌딩 (생연동)",경기도 동두천시 생연동 ***-* 고려빌딩,11333,2017-12-15,영업/정상
경기,황금애견,,경기도 동두천시 삼육사로 **** (생연동),경기도 동두천시 생연동 ***-*,11357,2018-05-21,영업/정상
경기,중앙애견,,경기도 동두천시 평화로 **** (보산동),경기도 동두천시 보산동 ***-*,11311,2020-06-08,영업/정상
경기,아이러브퍼피,031-866-9877,"경기도 동두천시 강변로 ***, 송내아이파크상가 ***호 (송내동)",경기도 동두천시 송내동 ***-* 송내아이파크상가,11353,2020-06-08,영업/정상
경기,마이젤리빈,,"경기도 동두천시 싸리말로 **, ***동 *층 (보산동, 파크타운)",경기도 동두천시 보산동 ***-** 파크타운,11309,2021-01-08,영업/정상
경기,배드독,,"경기도 동두천시 평화로 ****, ***호 (생연동)",경기도 동두천시 생연동 ***-*,11356,2023-12-21,영업/정상
경기,마이딩고,,"경기도 안산시 단원구 고잔로 **, 중앙오피스텔 지하*층 ***-에이**호 (고잔동)",경기도 안산시 단원구 고잔동 ***-* 중앙오피스텔,15352,2023-03-03,영업/정상
경기,동물보육원 안산관리센터,,"경기도 안산시 상록구 시낭로*길 *, ***호 (월피동)",경기도 안산시 상록구 월피동 ***-*,15274,2023-04-17,영업/정상
경기,햄스터 라운지,,"경기도 안산시 상록구 오목로 ***, ***호 (본오동)",경기도 안산시 상록구 본오동 ***-*,15560,2023-06-09,영업/정상
경기,내가 품은 Dog,,"경기도 안산시 상록구 광덕*로 ***, 그랜드빌딩 *층 (사동)",경기도 안산시 상록구 사동 ****-* 그랜드빌딩,15497,2024-04-29,영업/정상
경기,웰니스동물병원,031-414-1275,"경기도 안산시 상록구 항가울로 ***, 롯데마트 *층 (성포동)",경기도 안산시 상록구 성포동 *** 롯데마트,15299,2024-07-03,영업/정상
경기,주식회사 와글,031-481-8599,"경기도 안산시 단원구 광덕*로 ***, *층 (고잔동)",경기도 안산시 단원구 고잔동 ***-*,15465,2025-01-20,영업/정상
경기,미오즈 고양이분양 강아지분양 안산점,,"경기도 안산시 단원구 초지로 **, 한솔프라자 ***호 (초지동)",경기도 안산시 단원구 초지동 ***-* 한솔프라자,15448,2025-08-20,영업/정상
경기,펫퍼스트 24시 안산점 강아지분양 고양이분양,,"경기도 안산시 상록구 양지편*길 **-**, *층 ***호 (이동)",경기도 안산시 상록구 이동 ***-**,15489,2025-09-22,영업/정상
경기,달달한 고양이 나라,,"경기도 안산시 단원구 한양대학로 ***, ***호 (고잔동)",경기도 안산시 단원구 고잔동 ***-*,15466,2025-10-10,영업/정상
경기,허브애견,031-414-8885,경기도 안산시 단원구 선부로 *** (와동),경기도 안산시 단원구 와동 ***-*,15253,2009-08-12,영업/정상
경기,(주) 가나펫,031-402-4060,"경기도 안산시 단원구 중앙대로 ***, *층 (고잔동, 롯데프라자)",경기도 안산시 단원구 고잔동 ***-* 롯데프라자 *층,15360,2009-12-31,영업/정상
경기,(주)밀레펫(이마트고잔점),031-485-5820,경기도 안산시 단원구 원포공원*로 ** (초지동),경기도 안산시 단원구 초지동 ***-*,,2012-08-13,영업/정상
경기,한강아쿠아 롯데마트 안산점,031-572-7754,"경기도 안산시 상록구 충장로 ***, 롯데마트 (성포동)",경기도 안산시 상록구 성포동 *** 주유소,15299,2012-08-14,영업/정상
경기,해피애견,031-419-3377,"경기도 안산시 상록구 샘골로 ***, ***호 (본오동)",경기도 안산시 상록구 본오동 ***-* ***호,15541,2014-07-24,영업/정상
경기,컴페니언펫,070-4202-0890,"경기도 안산시 상록구 광덕*로 ***, ***호 (이동)",경기도 안산시 상록구 이동 ***,15489,2016-06-22,영업/정상
경기,안산 요미독앤캣 강아지분양 고양이분양,031-403-0509,"경기도 안산시 상록구 석호로 **, 지승빌딩 *층 (이동)",경기도 안산시 상록구 이동 ***-* 지승빌딩,15496,2018-01-17,영업/정상
경기,바우밸리,,경기도 안산시 상록구 안산천서로 ***-* (월피동),경기도 안산시 상록구 월피동 ***-*,15259,2018-08-22,영업/정상
경기,퍼피당강아지 안산본점,,"경기도 안산시 상록구 송호*길 **, *층 (이동)",경기도 안산시 상록구 이동 ***-*,15487,2019-01-10,영업/정상
경기,(주)코스모스이펙트,,"경기도 안산시 단원구 화랑로 ***, 신원빌딩 ***호 (고잔동)",경기도 안산시 단원구 고잔동 ***-* 신원빌딩,15352,2019-07-22,영업/정상
경기,(주)펫콤,031-8042-2888,"경기도 안산시 단원구 엠티브이*로 ***, 동신엔지니어링 (목내동)",경기도 안산시 단원구 목내동 ***-* 동신엔지니어링,15658,2020-02-20,영업/정상
경기,안산 강아지분양 고양이분양 도그마루,,"경기도 안산시 상록구 광덕*로 ***, 센타프라자 *층 ***호 (이동)",경기도 안산시 상록구 이동 ***-* 센타프라자 ***호,15494,2020-03-31,영업/정상
경기,하나애견,,"경기도 안산시 상록구 건건로 **, *층 (건건동)",경기도 안산시 상록구 건건동 ***-**,15521,2022-04-04,영업/정상
경기,문래빗(MOON RABBIT),,"경기도 안산시 상록구 장화*안길 **, *층 (사동)",경기도 안산시 상록구 사동 ****-*,15630,2022-04-20,영업/정상
경기,고양이숲,,"경기도 안산시 단원구 광덕*로 ***-*, 성진빌딩 ***호 (고잔동)",경기도 안산시 단원구 고잔동 ***-* 성진빌딩,15477,2022-07-14,영업/정상
경기,(주)우연컴퍼니,,"경기도 안산시 단원구 고잔로 **, 중앙오피스텔 지층 ***호 (고잔동)",경기도 안산시 단원구 고잔동 ***-* 중앙오피스텔,15352,2022-11-10,영업/정상
경기,펫넬(petnel),,"경기도 고양시 일산동구 일산로***번길 **-**, *층 (정발산동)",경기도 고양시 일산동구 정발산동 ****-*,10359,2026-08-06,영업/정상
경기,버니퍼피,,"경기도 고양시 일산동구 숲속마을*로 ***, 상가동 ***호 (풍동)",경기도 고양시 일산동구 풍동 ****-* 상가동 ***호,10303,2026-07-09,영업/정상
경기,꼬마강아지,,"경기도 고양시 덕양구 화신로***번길 **, 동성골드프라자 *층 ***호 (화정동)",경기도 고양시 덕양구 화정동 ***-* 동성골드프라자,10500,2015-09-14,영업/정상
경기,일산강아지분양 라펫,,"경기도 고양시 일산동구 강송로**번길 *-*, *층 우측호 (백석동)","경기도 고양시 일산동구 백석동 ****-* *층, 우측",10446,2015-11-24,영업/정상
경기,일산 강아지분양 스마트독,,"경기도 고양시 일산동구 강송로**번길 *-*, *층 (백석동)",경기도 고양시 일산동구 백석동 ****-*,10446,2016-02-17,영업/정상
경기,(주)그린프레밀리,,경기도 고양시 일산동구 무궁화로 *** (풍동),,10301,2016-04-01,영업/정상
경기,화이트 버블,02-381-3327,"경기도 고양시 덕양구 삼원로*길 **, B층 ***호 (삼송동)",경기도 고양시 덕양구 삼송동 ***-* B층 ***호,10550,2016-09-02,영업/정상
경기,신원동물메디컬센터,,경기도 고양시 덕양구 신원로*길 ** (신원동),경기도 고양시 덕양구 신원동 ***-*,10570,2017-02-10,영업/정상
경기,미뇽 캣,031-814-7749,경기도 고양시 일산동구 무궁화로***번길 ** (정발산동),경기도 고양시 일산동구 정발산동 ****-*,10358,2017-03-29,영업/정상
경기,DOG KKI,,경기도 고양시 덕양구 세솔로*길 * (삼송동),경기도 고양시 덕양구 삼송동 ***-*,10589,2017-06-08,영업/정상
경기,바비펫샵,031-979-9798,"경기도 고양시 덕양구 서정마을로 *, ***호 (행신동, 행신프라자)",경기도 고양시 덕양구 행신동 **** ***호,10486,2017-07-05,영업/정상
경기,바버독,,경기도 고양시 덕양구 통일로 *** (관산동),경기도 고양시 덕양구 관산동 ***-*,10287,2017-09-20,영업/정상
경기,펫페스티벌,,"경기도 고양시 일산동구 고양대로 ***, *층 (풍동)",경기도 고양시 일산동구 풍동 ***-*,10319,2017-09-21,영업/정상
경기,나눔펫책임분양소 강아지분양 고양이분양 일산점,,"경기도 고양시 일산동구 강송로**번길 *-*, *층 (백석동)",경기도 고양시 일산동구 백석동 ****-*,10445,2018-09-21,영업/정상
경기,쪼꼬미펫,,"경기도 고양시 일산서구 주엽로 **, B동 ***호 (대화동)",경기도 고양시 일산서구 대화동 ****-***,10392,2018-10-04,영업/정상
경기,캣파라다이스 일산점,,"경기도 고양시 덕양구 고양대로 ****, *층 (동산동)",경기도 고양시 덕양구 동산동 **-**,10596,2018-12-04,영업/정상
경기,펫루나안심분양센터 강아지분양 고양이분양 일산점,,"경기도 고양시 일산동구 강송로***번길 *-**, *층 (백석동)",경기도 고양시 일산동구 백석동 ****-*,10420,2019-02-25,영업/정상
경기,골든캐슬 쇼룸,,"경기도 고양시 일산동구 강송로***번길 **-*, *층 (백석동)",경기도 고양시 일산동구 백석동 ****-*,10420,2019-07-10,영업/정상
경기,페리토 고양스타필드점,,"경기도 고양시 덕양구 동송로 **, 이편한세상시티삼송 제상가동 *층 *-***호 (동산동)",경기도 고양시 덕양구 동산동 *** 이편한세상시티삼송 제상가동 *-***호,10595,2019-07-23,영업/정상
경기,일산강아지분양고양이분양 도그마루,1566-8713,"경기도 고양시 일산동구 정발산로**번길 **, 라이저 오피스텔 *층 ***,***,***호 (장항동)",경기도 고양시 일산동구 장항동 *** 라이저 오피스텔,10403,2019-07-30,영업/정상
경기,퍼플퍼피,,"경기도 고양시 덕양구 호국로 ***, *층 ***호 (주교동, 대동피렌체)",경기도 고양시 덕양구 주교동 *** 대동피렌체 ***호,10462,2020-12-28,영업/정상
경기,골든햄스터분양 탬펫,02-3158-2491,"경기도 고양시 덕양구 꽃마을로 *, 고양향동 퍼스트타워 ***호 (향동동)",경기도 고양시 덕양구 향동동 *** 고양향동 퍼스트타워 ***호,10546,2021-05-14,영업/정상
경기,퍼피베베,,"경기도 고양시 덕양구 삼원로 **, *층 (삼송동)",경기도 고양시 덕양구 삼송동 ***-*,10550,2021-10-26,영업/정상
경기,햄스터 분양 로던트클럽 본점,,"경기도 고양시 덕양구 화신로***번길 **, 진솔그린프라자 *층 ***호 (화정동)",경기도 고양시 덕양구 화정동 *** 진솔그린프라자,10500,2021-11-12,영업/정상
경기,핼로우퍼피,,경기도 고양시 덕양구 능곡로**번길 ** (토당동),경기도 고양시 덕양구 토당동 ***-***,10508,2023-06-09,영업/정상
경기,낭만고양이,,"경기도 고양시 덕양구 삼송로 ***, 힐스테이트삼송역스칸센 ***호 (삼송동)",경기도 고양시 덕양구 삼송동 *** 힐스테이트삼송역스칸센,10592,2024-04-03,영업/정상
경기,타이니돌,,"경기도 고양시 덕양구 삼원로 *, ***호 (삼송동)",경기도 고양시 덕양구 삼송동 ***-*,10550,2024-04-24,영업/정상
경기,동물의왕국(신원당동물병원 부속),031-963-0075,"경기도 고양시 덕양구 호국로***번길 **, 덕산빌딩 *층 (성사동)",경기도 고양시 덕양구 성사동 ***-* 덕산빌딩,10464,2024-05-09,영업/정상
경기,카니훈트,,경기도 고양시 덕양구 무민로**번길 * (대자동),경기도 고양시 덕양구 대자동 ***-*,10281,2024-11-11,영업/정상
경기,쁘띠뚜뚜,,"경기도 고양시 덕양구 호국로 ****, *층 (벽제동)",경기도 고양시 덕양구 벽제동 **-*,10268,2025-09-08,영업/정상
경기,멍앤픽 강아지분양 고양이분양,,"경기도 고양시 일산동구 무궁화로 ***-*, ***동 *층 ***호 (식사동, 삼성캐슬)",경기도 고양시 일산동구 식사동 ***-** 삼성캐슬,10320,2021-03-26,영업/정상
경기,캣스토리 고양이분양 일산본점,,"경기도 고양시 일산동구 백석로**번길 **, *층 (백석동)",경기도 고양시 일산동구 백석동 ****-*,10420,2021-11-12,영업/정상
경기,몽냥몽냥 강아지분양 일산점,,"경기도 고양시 일산동구 위시티*로 **-*, ***호 (식사동)",경기도 고양시 일산동구 식사동 **** ***호,10324,2022-06-10,영업/정상
경기,주식회사 우연컴퍼니,,"경기도 고양시 일산동구 중앙로 ****, 남정골드프라자 *층 ***-***호 (백석동)",경기도 고양시 일산동구 백석동 ****-* 남정골드프라자,10447,2022-12-19,영업/정상
경기,이음pet 강아지분양 고양이분양 일산점,,"경기도 고양시 일산동구 강송로**번길 *-**, 지하층 (백석동)",경기도 고양시 일산동구 백석동 ****-* 지하층,10446,2023-06-20,영업/정상
경기,비비퍼피 강아지분양 고양이분양 일산본점,,"경기도 고양시 일산동구 애현*길 *, *층 (풍동)",경기도 고양시 일산동구 풍동 ****-* *층,10311,2024-05-02,영업/정상
경기,골든스웨터 캐터리,,"경기도 고양시 일산동구 중산로***번길 **-*, *층 ***호 (중산동)",경기도 고양시 일산동구 중산동 ****-* ***호,10338,2024-10-24,영업/정상
경기,더펫 강아지분양 고양이분양 일산본점,,"경기도 고양시 일산동구 중앙로****번길 **-**, 라페스타A *층 ***-*호 (장항동)",경기도 고양시 일산동구 장항동 *** 라페스타A *층 ***-*호,10401,2024-12-24,영업/정상
경기,수피아 엔터테인먼트,,"경기도 고양시 일산동구 강촌로**번길 *-*, 지하*층 (백석동)",경기도 고양시 일산동구 백석동 ****-*,10424,2025-06-14,영업/정상
경기,달빛햄스터리_일산점,,"경기도 고양시 일산서구 주엽로 ***, 자유프라자 *층 ***-*호 (주엽동)",경기도 고양시 일산서구 주엽동 ** 자유프라자,10387,2022-06-22,영업/정상
경기,강아지분양 마이댕냥 일산점,,"경기도 고양시 일산서구 한류월드로 ***, 고양 원마운트 *층 ****호 (대화동)",경기도 고양시 일산서구 대화동 **** 고양 원마운트 *층 ****호,10392,2023-10-17,영업/정상
경기,퍼피리트(PUPPY LIT),,"경기도 고양시 일산서구 대산로***번길 *-**, *층 (대화동)",경기도 고양시 일산서구 대화동 ****-* *층,10377,2025-04-23,영업/정상
경기,퍼피에몽 강아지분양 일산점,,경기도 고양시 일산서구 산현로 *** (일산동),경기도 고양시 일산서구 일산동 ****,10339,2025-07-14,영업/정상
경기,캣플헤븐 일산탄현점,,"경기도 고양시 일산서구 일현로 **-**, 판매시설동 지하*층 B***호 (탄현동, 일산 위브더제니스)",경기도 고양시 일산서구 탄현동 **** 일산 위브더제니스,10242,2025-07-25,영업/정상
경기,강아지나라,,,"경기도 고양시 덕양구 고양동 ***-*    현대A상가 ***,***호",,2009-02-06,영업/정상
경기,작은친구,,,경기도 고양시 덕양구 토당동 ***,,2009-05-21,영업/정상
경기,스틸블루 애견샵,031-919-8910,,경기도 고양시 일산서구 대화동 **** 하나로프라자 ***호,,2009-05-25,영업/정상
경기,한강아쿠아 (롯데마트 화정점),031-527-4244,경기도 고양시 덕양구 화중로 ** (화정동),경기도 고양시 덕양구 화정동 ***,,2012-08-29,영업/정상
경기,㈜이마트 화정점,,"경기도 고양시 덕양구 백양로 **, 이마트 (화정동)",경기도 고양시 덕양구 화정동 *** 이마트,10500,2012-09-27,영업/정상
경기,리얼독스 강아지분양 일산본점,,"경기도 고양시 일산동구 무궁화로 **-**, 라페스타E *층 ***호 (장항동)",경기도 고양시 일산동구 장항동 *** 라페스타E ***호,10401,2014-02-26,영업/정상
경기,몬돌이네,,"경기도 고양시 덕양구 화중로***번길 **, *층 전면 좌측끝 ***호 (화정동)",경기도 고양시 덕양구 화정동 ***-* ***호,10477,2026-05-28,영업/정상
경기,도담동물보호소,,"경기도 고양시 덕양구 호국로 ****, *층 (원당동)",경기도 고양시 덕양구 원당동 ***-* *층,10292,2026-04-27,영업/정상
경기,서울먼치킨분양 프리미엄먼치킨 본점,,"경기도 고양시 덕양구 삼원로*길 **, *동 *층 ***호 (삼송동)",경기도 고양시 덕양구 삼송동 ***-* *동 ***호,10550,2026-06-25,영업/정상
경기,엠앤제이펫,,"경기도 고양시 일산동구 경의로 ***, *층 (정발산동)",경기도 고양시 일산동구 정발산동 ****-* *층,10358,2026-06-15,영업/정상
경기,퍼피코,,"경기도 고양시 덕양구 삼송로 ***, 힐스테이트삼송역스칸센(*블록) ***, ***호 (삼송동)",경기도 고양시 덕양구 삼송동 *** 힐스테이트삼송역스칸센,10592,2026-03-25,영업/정상
경기,과천고양이분양 도레미캣,,"경기도 과천시 과천대로*나길 ***, ***호 (갈현동)",경기도 과천시 갈현동 ***-* ***호,13824,2025-09-11,영업/정상
경기,로얄 수족관,,"경기도 과천시 별양상가*로 **, 이마트 과천점 *층 (별양동)",경기도 과천시 별양동 *-** 이마트 과천점,13837,2020-02-19,영업/정상
경기,플래니터리헬스,,"경기도 과천시 별양로 **, 래미안 슈르 ***동 **층 ****호 (원문동, 래미안 슈르)",경기도 과천시 원문동 * 래미안 슈르 ***동 ****호,13835,2019-09-23,영업/정상
경기,지금여기서행복하개,,"경기도 구리시 안골로 *, 프라자빌딩 *층 (교문동)",경기도 구리시 교문동 ***-* 프라자빌딩,11935,2025-03-31,영업/정상
경기,아쿠아 오리지널-롯데마트 구리점,031-711-7785,경기도 구리시 동구릉로***번길 ** (인창동),경기도 구리시 인창동 ***,,2012-11-06,영업/정상
경기,댕댕러브펫,031-557-6767,경기도 구리시 장자대로**번길 ** (수택동),경기도 구리시 수택동 ***-* 새롬프라자**차 ***호,11948,2014-09-03,영업/정상
경기,D. C. 클럽,,경기도 구리시 동구릉로 **(인창동),경기도 구리시 인창동 ***-**,11919,2014-11-11,영업/정상
경기,도그마트,,경기도 구리시 검배로 ** (수택동),경기도 구리시 수택동 ***-*,11942,2014-11-27,영업/정상
경기,도그짱,,경기도 구리시 동구릉로 ** (인창동),경기도 구리시 인창동 ***-*,11920,2014-11-27,영업/정상
경기,마이펫하우스,,경기도 구리시 건원대로 ** (인창동),경기도 구리시 인창동 ***-* 삼보종합상가 ***호,11921,2014-11-27,영업/정상
경기,Hot Dog,,경기도 구리시 안골로**번길 ** (수택동),경기도 구리시 수택동 ***-**,11933,2015-02-09,영업/정상
경기,스타트독 구리점,031-555-8666,"경기도 구리시 체육관로 ***, *층 (교문동)",경기도 구리시 교문동 ***-**,11925,2016-05-04,영업/정상
경기,도그플랜,,"경기도 구리시 벌말로***번길 **, *층 *호 (수택동)",경기도 구리시 수택동 ***-**,11942,2017-04-19,영업/정상
경기,구독,,경기도 구리시 안골로**번길 ** (수택동),경기도 구리시 수택동 ***-**,11927,2017-04-26,영업/정상
경기,호야펫 구리점,,경기도 구리시 갈매순환로***번길 ** (갈매동),경기도 구리시 갈매동 ***-*,11901,2019-11-29,영업/정상
경기,L마트 구리점,,"경기도 구리시 동구릉로***번길 **, 구리유통종합상가 (인창동)",경기도 구리시 인창동 *** 구리유통종합상가,11915,2021-06-25,영업/정상
경기,강아지분양 말랑퍼피,,"경기도 구리시 경춘북로 ***, A***호 (갈매동, 갈매역아이파크)",경기도 구리시 갈매동 *** 갈매역아이파크,11901,2021-11-29,영업/정상
경기,포엘몽,,"경기도 구리시 검배로**번길 **-*, 경기부동산 *층 우측호 (수택동)",경기도 구리시 수택동 *** 경기부동산,11932,2022-09-07,영업/정상
경기,포근입양센터,,"경기도 구리시 검배로**번길 **, *층 (수택동)",경기도 구리시 수택동 ***-* *층,11942,2024-11-29,영업/정상
경기,포둥,,"경기도 구리시 건원대로 **, 삼원골드프라자 *층 ***호 (인창동)",경기도 구리시 인창동 ***-* 삼원골드프라자 ***호,11921,2025-02-20,영업/정상
경기,댕냥구리 강아지분양 고양이분양 구리본점,,"경기도 구리시 검배로*번길 *, *층 (수택동)",경기도 구리시 수택동 ***-*,11928,2025-03-31,영업/정상
경기,에우다,,"경기도 남양주시 퇴계원읍 퇴계원로 ***, 염광빌딩 *층 ***-S***호",경기도 남양주시 퇴계원읍 퇴계원리 **-* 염광빌딩*층 ***-S***호,12120,2026-05-04,영업/정상
경기,사랑해줄개,031-527-7077,"경기도 남양주시 두물로**번길 **, *층 (별내동)",경기도 남양주시 별내동 ***-*,12105,2026-07-01,영업/정상
경기,다온 입양센터 본점 남양주 강아지분양 고양이분양,,"경기도 남양주시 와부읍 안골로 **-*, *층",경기도 남양주시 와부읍 도곡리 ***-*,12269,2022-11-16,영업/정상
경기,몽시앙,,"경기도 남양주시 다산순환로 **, A동 *층 **,**호 (다산동)",경기도 남양주시 다산동 ****,12248,2022-12-21,영업/정상
경기,나만 없어 고양이,,"경기도 남양주시 두물로**번길 **, *층 일부 (별내동)",경기도 남양주시 별내동 ***-*,12105,2023-04-18,영업/정상
경기,네코하우스,,"경기도 남양주시 경춘로***번길 **-*, *층 (금곡동)",경기도 남양주시 금곡동 ***-** *층,12235,2023-07-06,영업/정상
경기,에르펫츠 강아지분양 고양이분양 다산점,,"경기도 남양주시 다산지금로 ***, 현대 테라타워 DIMC R**동 상가 *층 **호 (다산동)",경기도 남양주시 다산동 **** R**동 *층 **호,12284,2023-10-28,영업/정상
경기,이든펫,,"경기도 남양주시 화도읍 마석중앙로 ***, ***호",경기도 남양주시 화도읍 마석우리 ***-*,12180,2024-01-10,영업/정상
경기,에이.비.지,,"경기도 남양주시 수동면 남가로 ****, *층",경기도 남양주시 수동면 입석리 **-**,12030,2024-02-23,영업/정상
경기,쌀강아지,,"경기도 남양주시 다산중앙로***번길 **-**, 다산진건지구 상업*-*-* ***호 (다산동)",경기도 남양주시 다산동 ****-* 다산진건지구 상업*-*-* ***호,12248,2024-02-26,영업/정상
경기,한펫,,"경기도 남양주시 화도읍 폭포로**번길 **-**, *층",경기도 남양주시 화도읍 창현리 ***,12182,2024-07-02,영업/정상
경기,펫북(Pet Book),,"경기도 남양주시 별내*로 ***, ***호 (별내동)",경기도 남양주시 별내동 ***-*,12097,2025-03-21,영업/정상
경기,삼십팔점오,,"경기도 남양주시 별내*로 ***, 서울프라자 ***호 (별내동)",경기도 남양주시 별내동 ***-*,12097,2025-05-22,영업/정상
경기,사랑스럽개,,"경기도 남양주시 다산지금로 ***, 현대테라타워디아이엠씨 R동 *층 **호 (다산동)",경기도 남양주시 다산동 **** 현대테라타워디아이엠씨 R동 *층 **호,12284,2025-06-24,영업/정상
경기,도레미캣 고양이분양 남양주 다산점,,"경기도 남양주시 다산순환로 ***-**, ***호 (다산동)",경기도 남양주시 다산동 ****-* ***호,12248,2025-06-27,영업/정상
경기,퍼피앤코,,"경기도 남양주시 두물로**번길 **-*, ***호 (별내동)",경기도 남양주시 별내동 ***-*,12105,2025-09-09,영업/정상
경기,남양주강아지분양 리틀포우즈,,"경기도 남양주시 다산순환로 ***-**, *층 (다산동)",경기도 남양주시 다산동 ****-* *층,12285,2025-12-03,영업/정상
경기,남양주 강아지 분양 가정견 쁘띠몽 본점,,"경기도 남양주시 호평로**번안길 **-*, ***호 (호평동)",경기도 남양주시 호평동 ***-*,12150,2026-07-15,영업/정상
경기,애견갤러리 강아지분양 애견샵,,경기도 남양주시 오남읍 양지로 *,경기도 남양주시 오남읍 오남리 ***-*,12048,2010-06-03,영업/정상
경기,주식회사 그린프레밀리,,"경기도 남양주시 진접읍 금강로유연들*길 ***, 진접이마트",경기도 남양주시 진접읍 연평리 ***-** 진접이마트,12073,2012-08-21,영업/정상
경기,(주)더부루벨,,"경기도 남양주시 도농로 ** (다산동, 부영애시앙)",경기도 남양주시 다산동 ****-** 부영애시앙,12256,2012-08-24,영업/정상
경기,(주)밀레펫,031-590-1234,"경기도 남양주시 늘을*로 **, 남양주 호평이마트 (호평동)",경기도 남양주시 호평동 *** 남양주 호평이마트,12149,2012-08-27,영업/정상
경기,롯데마트 덕소점,031-579-7700,경기도 남양주시 와부읍 월문천로 ** (롯데마트),경기도 남양주시 와부읍 덕소리 ***-* 롯데마트,,2012-08-28,영업/정상
경기,한강아쿠아 롯데마트 마석점,031-527-4244,경기도 남양주시 화도읍 경춘로 **** (롯데마트 *층),경기도 남양주시 화도읍 마석우리 ***-** 롯데마트 *층,12181,2012-08-28,영업/정상
경기,아로하,,경기도 남양주시 별내*로**번길 *-** (별내동),경기도 남양주시 별내동 ****,12102,2013-06-13,영업/정상
경기,로얄수족관,031-550-1234,경기도 남양주시 순화궁로 *** (별내동),경기도 남양주시 별내동 ***,12113,2013-08-07,영업/정상
경기,러블리 하우스,031-574-5899,"경기도 남양주시 별내중앙로 ** (별내동, 동익미라벨 **-*)",경기도 남양주시 별내동 ****,12111,2013-10-25,영업/정상
경기,로얄수족관,,"경기도 남양주시 도농로 ** (다산동, 부영애시앙)","경기도 남양주시 다산동 ****-** 부영애시앙, 이마트 내",12256,2014-08-19,영업/정상
경기,고양이 팔경 캣스쿨,,"경기도 남양주시 화도읍 창현로 *-*, *층",경기도 남양주시 화도읍 창현리 ***-* *층,12183,2015-04-14,영업/정상
경기,비비드독,,"경기도 남양주시 덕송*로**번길 **-**, ***호 (별내동)",경기도 남양주시 별내동 ***-*,12097,2021-04-27,영업/정상
경기,개벤져스,,"경기도 남양주시 경춘로****번안길 *-**, *층 (평내동)",경기도 남양주시 평내동 ***-* *층,12223,2016-12-16,영업/정상
경기,니멍내멍,,"경기도 남양주시 강변북로***번길 **, 정원바베큐시대 (수석동)",경기도 남양주시 수석동 *** 정원바베큐시대,12268,2018-05-04,영업/정상
경기,패밀리독,,"경기도 남양주시 불암로***번길 *, ***호 (별내동)",경기도 남양주시 별내동 ****-* ***호,12101,2018-08-13,영업/정상
경기,나라애견,031-521-3888,경기도 남양주시 와부읍 수레로 **,경기도 남양주시 와부읍 덕소리 ***-**,12209,2018-10-04,영업/정상
경기,(주)코스모스이펙트,,"경기도 남양주시 늘을*로**번길 *, 에이스프라자 ***호 (호평동)",경기도 남양주시 호평동 *** 에이스프라자 ***호,12150,2019-07-24,영업/정상
경기,농업회사법인 탐스팜 주식회사,,"경기도 남양주시 화도읍 북한강로 ****, *층",경기도 남양주시 화도읍 금남리 ***-*,12193,2019-07-25,영업/정상
경기,아쿠아 파크,,"경기도 남양주시 별내*로 **, 쎈타프라자 ***호 (별내동)",경기도 남양주시 별내동 **** 쎈타프라자 ***호,12113,2019-09-16,영업/정상
경기,애드봉,,"경기도 남양주시 경춘로 ***, 백석빌딩 *층 ***호 (다산동)",경기도 남양주시 다산동 ****-* 백석빌딩,12258,2019-09-19,영업/정상
경기,바른독,,"경기도 남양주시 두물로**번길 **, *층 (별내동)",경기도 남양주시 별내동 ***-*,12105,2019-10-14,영업/정상
경기,내셔널 프로텍트 K-9 탐지견센터,,경기도 남양주시 일패로**번길 ** (일패동),경기도 남양주시 일패동 ***-*,12243,2020-02-05,영업/정상
경기,댕구르냥,,"경기도 남양주시 경춘로****번안길 **, *층 (평내동)",경기도 남양주시 평내동 ***-** *층,12223,2020-02-18,영업/정상
경기,플레이독 남양주점,,"경기도 남양주시 덕송*로*번길 *-**, ***호 (별내동)",경기도 남양주시 별내동 ***-* ***호,12097,2020-08-19,영업/정상
경기,LIKE FRISE,,"경기도 남양주시 화도읍 경춘로****번길 **-*, 다올채 ***호",경기도 남양주시 화도읍 창현리 ***-* 다올채,12184,2021-05-11,영업/정상
경기,유미펫 강아지분양 고양이분양 남양주점,,"경기도 남양주시 별내*로*번길 **, ***호 (별내동)",경기도 남양주시 별내동 ****-**,12102,2021-09-07,영업/정상
경기,라라펫,,"경기도 남양주시 화도읍 마석중앙로 **, ***호",경기도 남양주시 화도읍 마석우리 ***-*,12180,2021-11-02,영업/정상
경기,루시드펫,,"경기도 남양주시 화도읍 경춘로 ****, 가동 ***호",경기도 남양주시 화도읍 월산리 ***-*,12190,2022-01-24,영업/정상
경기,몽몽아 남양주본점,,"경기도 남양주시 덕송*로**번길 *-**, *층 *호 (별내동)",경기도 남양주시 별내동 ***-*,12097,2022-04-04,영업/정상
경기,몽톡,,"경기도 남양주시 두물로**번길 **-**, *층 *호 (별내동)",경기도 남양주시 별내동 ***-*,12105,2022-05-02,영업/정상
경기,심쿵냥 고양이분양,,"경기도 남양주시 다산중앙로***번길 **-*, 리더스퀘어 ***호 (다산동)",경기도 남양주시 다산동 **** 리더스퀘어,12248,2022-05-24,영업/정상
경기,맘스펫 다산애견미용 호텔 분양,031-552-7978,"경기도 남양주시 다산순환로 ***, 다산 아이파크 상가 ***호 (다산동)",경기도 남양주시 다산동 **** 다산 아이파크 상가,12285,2022-06-30,영업/정상
경기,이정훈 강아지 다산점,,"경기도 남양주시 다산중앙로***번길 **, 제이타워 ***호 (다산동)",경기도 남양주시 다산동 ****,12248,2022-08-16,영업/정상
경기,왓츠멍 남양주 강아지분양,,"경기도 남양주시 다산중앙로**번길 **-**, *층 (다산동)",경기도 남양주시 다산동 ****-*,12285,2022-09-07,영업/정상
경기,도그캐슬 강아지분양 다산점,,"경기도 남양주시 다산중앙로**번안길 ***-**, 다산지금지구 F*-*-* ***,***호 (다산동)",경기도 남양주시 다산동 ****-* 다산지금지구 F*-*-*,12249,2022-10-07,영업/정상
경기,달퐁,,"경기도 오산시 죽담로 ***, ***호 (궐동, 호반써밋라포레)",경기도 오산시 궐동 *** 호반써밋라포레,18117,2025-10-27,영업/정상
경기,(주)밀레펫,031-369-7052,경기도 오산시 경기대로 *** (원동),경기도 오산시 원동 ***-*,,2012-09-03,영업/정상
경기,Dog Party,,경기도 오산시 대호로 ** (궐동),경기도 오산시 궐동 ***-*,,2012-09-12,영업/정상
경기,베스트피쉬 수족관,031-378-7885,경기도 오산시 대원로**번길 ** (오산동),경기도 오산시 오산동 ***-**,,2012-10-08,영업/정상
경기,경기동물메디컬센터,031-375-8875,"경기도 오산시 운천로 *, *층 (원동, 경기동물메디컬센터)",경기도 오산시 원동 ***-*,18140,2014-07-18,영업/정상
경기,도그스타 오산점,,"경기도 오산시 궐리사로 **, *층 (궐동, 은성빌딩 )",경기도 오산시 궐동 ***-*,18120,2014-08-28,영업/정상
경기,개꿈꾸는 고양이,031-378-0907,경기도 오산시 궐리사로**번길 ** (궐동),경기도 오산시 궐동 ***-*,18120,2014-11-04,영업/정상
경기,도그매니져,031-376-8255,"경기도 오산시 여계산로 ** (금암동, 휴먼시아 데시앙APT 단지내상가 ***호)",경기도 오산시 금암동 *** 휴먼시아 데시앙APT 단지내상가 ***호,18109,2015-01-16,영업/정상
경기,러브펫 멀티펫샵(오산 궐동점),,경기도 오산시 대호로**번길 * (궐동),경기도 오산시 궐동 ***-*,18123,2015-08-10,영업/정상
경기,러블리캣,031-373-8197,경기도 오산시 청학로 ***-* (궐동),경기도 오산시 궐동 ***-*,18118,2016-10-19,영업/정상
경기,위드독,,"경기도 오산시 궐리사로 *, ***호 (궐동, 센트하임)",경기도 오산시 궐동 ***-*,18123,2016-12-23,영업/정상
경기,펫토피아,,"경기도 오산시 오산로 *** (원동, 양우프라자)",경기도 오산시 원동 *** 양우프라자 ***호,18143,2017-04-07,영업/정상
경기,핫도그,,"경기도 오산시 발안로 ****-** (가수동, 가수주공아파트)",경기도 오산시 가수동 ***-* 가수주공상가 ***호,18125,2017-06-23,영업/정상
경기,퍼피앤유,031-374-7007,경기도 오산시 경기대로 *** (원동),경기도 오산시 원동 ***-*,18143,2018-08-10,영업/정상
경기,퍼피톡,,경기도 오산시 수청로***번길 **(금암동),경기도 오산시 금암동 ***-*,18108,2021-08-31,영업/정상
경기,감자캣,,"경기도 오산시 청학로 ***-**, *층 ***호 (수청동)",경기도 오산시 수청동 ***-* ***호,18110,2021-11-19,영업/정상
경기,뽀송뽀송애견놀이방,,"경기도 오산시 내삼미로**번길 **-*, *층 (수청동)",경기도 오산시 수청동 ***-*,18114,2024-06-11,영업/정상
경기,포켓피쉬,,"경기도 오산시 부원로 **, *층 ***호 (원동)",경기도 오산시 원동 **,18149,2025-02-21,영업/정상
경기,인퍼피,,경기도 오산시 청학로 ***-* (궐동),경기도 오산시 궐동 ***-*,,2010-11-26,영업/정상
경기,연성애견백화점,031-317-6885,"경기도 시흥시 장곡로**번길 **, ***동 ***호 (장곡동)",경기도 시흥시 장곡동 ***-* ***동 ***호,15002,2011-05-16,영업/정상
경기,애니멀프렌즈,,경기도 시흥시 봉화로***번길 ** (정왕동),경기도 시흥시 정왕동 ***,15009,2012-08-28,영업/정상
경기,정왕동 애견용품 창고형 할인매장(비제이코리아),031-520-0289,"경기도 시흥시 오동마을로*번길 *, ***호 (정왕동)",경기도 시흥시 정왕동 ****-* ***호,15049,2014-09-17,영업/정상
경기,경기 관상어,,"경기도 시흥시 서울대학로***번길 ** (정왕동, 롯데마트(시흥배곧점))",경기도 시흥시 정왕동 ****-*,15011,2016-12-09,영업/정상
경기,유앤미펫 강아지분양 고양이분양 시흥점,,"경기도 시흥시 서울대학로***번길 **, 서영베니스스퀘어 A동 *층 **호 (배곧동)",경기도 시흥시 배곧동 ***-* 서영베니스스퀘어 A동 **호,15011,2020-08-20,영업/정상
경기,강아지마을,,"경기도 시흥시 오동마을로*번길 *, C.M건축자재 백화점 ***호 (정왕동)",경기도 시흥시 정왕동 ****-* C.M건축자재 백화점 ***호,15049,2021-02-09,영업/정상
경기,러빙펫 강아지분양 배곧본점,,"경기도 시흥시 서울대학로***번길 **, 서영베니스스퀘어 A-*호 (정왕동)",경기도 시흥시 정왕동 ****-* 서영베니스스퀘어 A-*호,15011,2021-03-26,영업/정상
경기,왕발고양이,,"경기도 시흥시 서울대학로***번길 **, 서영베니스스퀘어 ***호 (배곧동)",경기도 시흥시 배곧동 ***-* 서영베니스스퀘어 ***호,15011,2021-05-17,영업/정상
경기,베베멍 강아지분양 고양이분양 시흥본점,,"경기도 시흥시 은계번영길 **, 미림프라자 ***호 (은행동)",경기도 시흥시 은행동 ***-** 미림프라자 ***호,14923,2021-08-23,영업/정상
경기,드림독 강아지 고양이 안심분양센터 시흥점,,"경기도 시흥시 서울대학로***번길 **-**, ***동 ***, ***호 (배곧동, 시흥배곧 C* 호반 써밋플레이스)",경기도 시흥시 배곧동 *** 시흥배곧 C* 호반 써밋플레이스,15010,2021-09-28,영업/정상
경기,오늘은 그루밍,,"경기도 시흥시 함송로**번길 **, 세계로교회 *층 ***호 (정왕동)",경기도 시흥시 정왕동 ****-* 세계로교회,15020,2022-09-21,영업/정상
경기,멍블랑 강아지분양 시흥배곧점,,"경기도 시흥시 서울대학로***번길 **-**, B동 *층 ***호 (배곧동, 시흥배곧 C* 호반 써밋플레이스)",경기도 시흥시 배곧동 *** 시흥배곧 C* 호반 써밋플레이스,15011,2022-09-30,영업/정상
경기,오독안심분양센터 강아지분양 고양이분양 시흥점,,"경기도 시흥시 수인로 ****, *층 (신천동)",경기도 시흥시 신천동 ***-**,14904,2023-03-08,영업/정상
경기,멍냥멍냥,,"경기도 시흥시 매화*로 **, *층 (매화동)",경기도 시흥시 매화동 ***-*,14940,2023-05-11,영업/정상
경기,도그시장,,"경기도 시흥시 장현장곡로 **, ****동 ****호 (장현동, 시흥장현 루벤시아 *차)",경기도 시흥시 장현동 *** 시흥장현 루벤시아 *차,14996,2023-05-19,영업/정상
경기,홈플러스 시화점 수족관 코너,,"경기도 시흥시 희망공원로 ***, 홈플러스시화점 *층 (정왕동)",경기도 시흥시 정왕동 ****-* 홈플러스시화점,15081,2023-06-05,영업/정상
경기,밀레쥬 에듀파크,,"경기도 시흥시 거북섬북로 **, 아쿠아펫랜드 c동 *층 ***호 (정왕동)",경기도 시흥시 정왕동 **** 아쿠아펫랜드,15119,2023-07-14,영업/정상
경기,(주)밀레펫,031-485-5820,"경기도 시흥시 거북섬북로 **, 아쿠아펫랜드 C동 *층 ***호 (정왕동)",경기도 시흥시 정왕동 **** 아쿠아펫랜드,15119,2023-08-04,영업/정상
경기,퍼피에몽 강아지분양 시흥본점,,"경기도 시흥시 장현서*길 *, *층 ***호 (장현동)",경기도 시흥시 장현동 ***-*,14996,2023-11-03,영업/정상
경기,고양이 주택,,"경기도 시흥시 배곧*로 **, 센터프라자* *층 ***호 (배곧동)",경기도 시흥시 배곧동 ***-* 센터프라자*,15011,2024-01-24,영업/정상
경기,버디독 강아지분양 고양이분양 안심분양센터 시흥점,,"경기도 시흥시 대은로 **, 대양빌딩 *층 ***호 (은행동)",경기도 시흥시 은행동 ***-* 대양빌딩,14917,2024-03-13,영업/정상
경기,비타민 동물병원,031-432-9119,"경기도 시흥시 배곧*로 **-**, 광장프라자 *층 ***호 (배곧동)",경기도 시흥시 배곧동 *** 광장프라자,15010,2024-04-01,영업/정상
경기,라이프독 시흥점 24시 강아지분양 고양이분양,,"경기도 시흥시 서울대학로***번길 **, 시흥배곧 아브뉴프랑 센트럴 오렌지 ***호 (배곧동)",경기도 시흥시 배곧동 *** 시흥배곧 아브뉴프랑 센트럴 오렌지 ***호,15011,2024-04-25,영업/정상
경기,캣플코지눅 시화점,,"경기도 시흥시 정왕대로 ***, 성담스퀘어 *층 ***호 (정왕동)",경기도 시흥시 정왕동 ****-* 성담스퀘어,15066,2024-06-21,영업/정상
경기,오&Pet,,"경기도 시흥시 정왕대로 ***, 광개토빌딩* ***호 (정왕동)",경기도 시흥시 정왕동 ****-* 광개토빌딩*,15036,2024-07-31,영업/정상
경기,위드멍,,"경기도 시흥시 장현능곡로 ***, 시흥 플랑드르 ****호 (능곡동)",경기도 시흥시 능곡동 *** 시흥 플랑드르 ****호,15121,2024-09-06,영업/정상
경기,더 퍼펙트,,"경기도 시흥시 시청로 **, 시티프론트 *** The Five ***호 (장현동)",경기도 시흥시 장현동 ***-* 시티프론트 *** The Five,14998,2025-01-31,영업/정상
경기,신비한동물원,,"경기도 시흥시 은행로 ***-*, 성영빌딩 *층 (은행동)",경기도 시흥시 은행동 ***-* 성영빌딩,14916,2025-06-16,영업/정상
경기,맘스퍼피,,"경기도 시흥시 서울대학로***번길 **, 새롬프라자* ***호 (배곧동)",경기도 시흥시 배곧동 ***-* 새롬프라자* ***호,15011,2025-09-26,영업/정상
경기,주식회사 부타캣시흥,,"경기도 시흥시 비둘기공원*길 *, 성원상떼빌더센트럴 ***호 (대야동)",경기도 시흥시 대야동 ***-* 성원상떼빌더센트럴 ***호,14912,2025-11-26,영업/정상
경기,시흥강아지분양 루트켄넬,,"경기도 시흥시 장현천로 **, ***호 (능곡동)",경기도 시흥시 능곡동 *** ***호,15121,2025-12-16,영업/정상
경기,댕댕뿌치,,"경기도 시흥시 거북섬*길 *, 오션파크 ***, ***호 (정왕동)",경기도 시흥시 정왕동 ****-* 오션파크,15119,2026-01-09,영업/정상
경기,햄스터 분양샵 햄찌,,"경기도 군포시 번영로 ***, 제일프라자 *층 ***호 (금정동)",경기도 군포시 금정동 ***-* 제일프라자,15862,2025-07-21,영업/정상
경기,냥이타운,,"경기도 군포시 산본로***번길 **-**, 정완빌딩 *층 ***호 (산본동)",경기도 군포시 산본동 ****-* 정완빌딩,15865,2026-03-18,영업/정상
경기,컨트리애견의집,031-394-0514,"경기도 군포시 번영로 ***, *층 *호 (산본동, 유화프라자빌딩)",경기도 군포시 산본동 ****-* 유화프라자 *층 *호,15865,2008-07-11,영업/정상
경기,프로펫 애견샵,031-393-7079,"경기도 군포시 번영로 ***, *층 ***호 (금정동, 거성프라자)",경기도 군포시 금정동 ***-** 거성프라자 ***호,15828,2011-04-26,영업/정상
경기,AHA(아하),,"경기도 군포시 군포로***번길 *, *층 (금정동)",경기도 군포시 금정동 ***-*,15830,2022-07-05,영업/정상
경기,젝게코 앤 쥬,,"경기도 군포시 대야*로**번길 *, 신영프라자 ***호 (대야미동)",경기도 군포시 대야미동 ***-* 신영프라자 ***호,15888,2024-02-13,영업/정상
경기,캣플헤븐 AK플라자금정점,,"경기도 군포시 엘에스로 ***, *층 (금정동, 힐스테이트 금정역)",경기도 군포시 금정동 *** 힐스테이트 금정역,15809,2024-12-17,영업/정상
경기,행복한강아지,,"경기도 의왕시 내손중앙로 *, 벨포레스퀘어 ***호 (내손동)",경기도 의왕시 내손동 ***-*,16024,2016-04-14,영업/정상
경기,한강아쿠아 롯데마트 의왕점,,"경기도 의왕시 계원대학로 *, 롯데마트 *층 (내손동)",경기도 의왕시 내손동 *** 롯데마트,16036,2012-08-10,영업/정상
경기,펫가든 동물병원,031-422-4475,경기도 의왕시 계원대학로 * (내손동),경기도 의왕시 내손동 ***,,2013-06-24,영업/정상
경기,펫엔글라이더 하남미사점,,"경기도 하남시 미사강변동로 ***, ***호 (망월동)",경기도 하남시 망월동 **** ***호,12913,2026-02-10,영업/정상
경기,로얄수족관,,"경기도 하남시 덕풍서로 ** *층 (덕풍동, 하남풍산지구이마트)",경기도 하남시 덕풍동 *** 하남풍산지구이마트 *층,,2012-08-23,영업/정상
경기,밀크독 켄넬 앤 카페 강아지분양 하남미사점,031-792-5956,"경기도 하남시 미사강변중앙로 ***, *층 ***호 (망월동)",경기도 하남시 망월동 ****-*,12913,2019-06-19,영업/정상
경기,애견샵,,"경기도 하남시 하남대로 ***, 제*층 ***호 (신장동, 명지캐럿***)",경기도 하남시 신장동 ***-** 명지캐럿***,12957,2020-04-21,영업/정상
경기,호야펫,,경기도 하남시 미사강변한강로***번길 ** (망월동),경기도 하남시 망월동 ***-**,12903,2020-04-27,영업/정상
경기,꽃강아지,,"경기도 하남시 하남대로***번길 **, *층 (신장동)",경기도 하남시 신장동 ***-*,12949,2020-06-22,영업/정상
경기,이정훈 강아지,,"경기도 하남시 미사강변중앙로 ***, 에코브리지 ***호 (망월동)",경기도 하남시 망월동 **** 에코브리지,12913,2021-05-25,영업/정상
경기,PETIQUE,,"경기도 하남시 미사강변한강로***번길 **, *층 ***호 (망월동)",경기도 하남시 망월동 ***-**,12903,2021-06-10,영업/정상
경기,퍼피트랙,,"경기도 하남시 미사강변대로***번안길 **, 디럭스프라자* ***호 (망월동)",경기도 하남시 망월동 ***-* 디럭스프라자* ***호,12909,2021-07-27,영업/정상
경기,강아지분양 애견분양 퍼피플라워 하남점,,"경기도 하남시 미사강변한강로***번길 **, ***호 (망월동)",경기도 하남시 망월동 ****-* ***호,12923,2021-10-12,영업/정상
경기,멍냥이 곳간,031-793-6359,"경기도 하남시 신장동로 **, ***호 (신장동)",경기도 하남시 신장동 ***-* ***호,12948,2022-08-16,영업/정상
경기,큐티댕냥 하남 본점 강아지 고양이 분양,,"경기도 하남시 미사강변한강로 ***, 미사강변 스카이폴리스 나동 ***호 (망월동)",경기도 하남시 망월동 *** 미사강변 스카이폴리스 나동 ***호,12902,2022-11-18,영업/정상
경기,하남 강아지분양 고양이분양 도그마루,,"경기도 하남시 미사강변동로 **, 힐스테이트 에코 미사 ***호 (망월동)",경기도 하남시 망월동 **** 힐스테이트 에코 미사,12913,2022-12-12,영업/정상
경기,펫스티발,,"경기도 하남시 감일로***번길 **, ***호 (감일동)",경기도 하남시 감일동 ***-*,13001,2023-04-06,영업/정상
경기,라이프독 하남미사점 24시 강아지분양,,"경기도 하남시 미사강변동로 **, 힐스테이트 미사역 그랑파사쥬(**-*BL) ****호 (망월동)",경기도 하남시 망월동 **** 힐스테이트 미사역 그랑파사쥬(**-*BL),12913,2023-04-12,영업/정상
경기,키튼하우스,,"경기도 하남시 하남대로 ***, *층 (덕풍동)",경기도 하남시 덕풍동 ***-**,12966,2023-11-03,영업/정상
경기,강아지 호텔,,"경기도 하남시 미사강변한강로 ***, 미사강변 스카이폴리스 나동 *층 ***호 (망월동)",경기도 하남시 망월동 *** 미사강변 스카이폴리스,12902,2023-11-17,영업/정상
경기,오독안심분양센터 강아지분양 고양이분양 하남점,,"경기도 하남시 미사강변대로**번길 ***, 미사주차장 *층 ***, ***호 (풍산동)",경기도 하남시 풍산동 *** 미사주차장,12919,2023-12-01,영업/정상
경기,캣플,,"경기도 하남시 감일중앙로 **, *층층 ****호 (감이동, 감일 푸르지오 마크베르)",경기도 하남시 감이동 *** 감일 푸르지오 마크베르,12999,2023-12-08,영업/정상
경기,쇼룸,,"경기도 하남시 미사강변한강로***번안길 **, ***호 (망월동)",경기도 하남시 망월동 ***-*,12903,2024-04-03,영업/정상
경기,오픈주 하남스타필드점,,"경기도 하남시 미사대로 ***, 스타필드 하남 *층 ***호 (신장동)",경기도 하남시 신장동 *** 스타필드 하남,12942,2024-07-26,영업/정상
경기,퍼피빌,,"경기도 하남시 미사강변중앙로***번길 **, 신성프라자 **층 (망월동)",경기도 하남시 망월동 **** 신성프라자,12913,2024-08-02,영업/정상
경기,햄스팟,,"경기도 하남시 미사강변동로 **, 힐스테이트 미사역 그랑파사쥬(**-*BL) **블럭동 *층 ****호 (망월동)",경기도 하남시 망월동 **** 힐스테이트 미사역 그랑파사쥬(**-*BL),12913,2024-10-22,영업/정상
경기,블리스대디(Bully's daddy),070-4919-1248,"경기도 하남시 미사강변동로 **, 힐스테이트 에코 미사 *층 ***호 (망월동)",경기도 하남시 망월동 **** 힐스테이트 에코 미사,12913,2025-01-17,영업/정상
경기,이정훈 강아지 하남본점,,"경기도 하남시 미사강변중앙로 ***, 에코브리지 *층 ***-*호 (망월동)",경기도 하남시 망월동 **** 에코브리지,12913,2025-03-06,영업/정상
경기,PETIQUE,,"경기도 하남시 미사강변한강로***번길 **, ***호 (망월동)",경기도 하남시 망월동 ***-**,12903,2025-04-04,영업/정상
경기,하남강아지분양 고양이분양 견월당 본점,,"경기도 하남시 미사강변한강로***번길 *, *층 (망월동)",경기도 하남시 망월동 ****-*,12923,2025-09-05,영업/정상
경기,퍼피에몽 강아지분양 하남점,,"경기도 하남시 미사강변동로 ***, 미사푸르지오시티 A동 ***호 (망월동)",경기도 하남시 망월동 ****-* 미사푸르지오시티 A동,12913,2025-10-31,영업/정상
경기,고로캣 고양이카페,,"경기도 하남시 미사강변중앙로 ***, 미사 리버파크 ***~*호 (망월동)",경기도 하남시 망월동 ****-* 미사 리버파크,12913,2025-12-04,영업/정상
경기,펫파크 동백점,031-275-8833,경기도 용인시 기흥구 동백중앙로 *** (중동),경기도 용인시 기흥구 중동 ***-*,17006,2018-09-28,영업/정상
경기,웰니스클리닉동물병원,031-283-1357,"경기도 용인시 기흥구 용구대로 ****, 이마트트레이더스 구성점 *층 (보정동)",경기도 용인시 기흥구 보정동 ****-*** 이마트트레이더스 구성점,16907,2019-05-03,영업/정상
경기,(주)코스모스이펙트,,"경기도 용인시 기흥구 구갈로**번길 **-*, *층 ***-**호 (구갈동)",경기도 용인시 기흥구 구갈동 ***-*,16972,2019-07-23,영업/정상
경기,멍스라이프,031-281-5004,"경기도 용인시 기흥구 구성로***번길 **, *층 (청덕동)",경기도 용인시 기흥구 청덕동 ***-*,16914,2020-03-02,영업/정상
경기,하얀개마을,031-334-3336,"경기도 용인시 처인구 중부대로 ****, *층 (김량장동)",경기도 용인시 처인구 김량장동 ***,17062,2026-08-18,영업/정상
경기,그린아이스무역,,"경기도 용인시 기흥구 중부대로 ***, 가동 ***호 (상하동)",경기도 용인시 기흥구 상하동 ***-*,17070,2021-03-10,영업/정상
경기,고양이 분양 달타냥,,"경기도 용인시 기흥구 구갈로**번길 **, 삼성프라자 ***~*호 (구갈동)",경기도 용인시 기흥구 구갈동 ***-* 삼성프라자,16972,2021-07-23,영업/정상
경기,(주)우연컴퍼니,,"경기도 용인시 기흥구 강남로 *, 태평양프라자 *층 ***호 일부호 (구갈동)",경기도 용인시 기흥구 구갈동 ***-* 태평양프라자,16977,2022-11-29,영업/정상
경기,롯데마트 신갈점,031-527-4244,"경기도 용인시 기흥구 중부대로 ***, *층 *호 (신갈동, 기흥역 롯데캐슬스카이)",경기도 용인시 기흥구 신갈동 ** 기흥역 롯데캐슬스카이,17064,2024-12-11,영업/정상
경기,용인강아지분양 고양이분양 펫아미,,"경기도 용인시 기흥구 죽전로**번길 **-**, *층 (보정동)",경기도 용인시 기흥구 보정동 ****-*,16897,2025-12-17,영업/정상
경기,(주)이마트 수지점,031-270-1052,경기도 용인시 수지구 수지로 *** (신봉동),경기도 용인시 수지구 신봉동 ***,16845,2012-08-16,영업/정상
경기,베베스토리,,경기도 용인시 수지구 문인로**번길 **-* (풍덕천동),경기도 용인시 수지구 풍덕천동 ***-*,16829,2018-12-26,영업/정상
경기,웰니스 동물병원,,"경기도 용인시 수지구 성복*로 **, 지하*층 (성복동, 성복역롯데캐슬골드타운)",경기도 용인시 수지구 성복동 ** 성복역롯데캐슬골드타운,16847,2019-08-28,영업/정상
경기,라이프독 용인점 강아지고양이,,"경기도 용인시 수지구 현암로 **, ***호 (죽전동)",경기도 용인시 수지구 죽전동 ****-* ***호,16880,2021-02-23,영업/정상
경기,롤리,,"경기도 용인시 수지구 이종무로 **, *층 (고기동)",경기도 용인시 수지구 고기동 ***,16800,2021-03-18,영업/정상
경기,펫퍼스트 24시 강아지분양고양이분양 용인점,,"경기도 용인시 수지구 정든로*번길 *, 그린피아 ***호 (죽전동)",경기도 용인시 수지구 죽전동 ***-* 그린피아,16873,2022-01-13,영업/정상
경기,퍼피데일리,070-8248-3070,"경기도 용인시 수지구 이종무로 **, *층 (고기동)",경기도 용인시 수지구 고기동 ***,16800,2022-02-25,영업/정상
경기,이마트 죽전점,,"경기도 용인시 수지구 포은대로 ***, 이마트 *층 (죽전동)",경기도 용인시 수지구 죽전동 **** 이마트,16896,2024-06-03,영업/정상
경기,펫웨이브 광교지점,1551-1515,경기도 용인시 수지구 광교중앙로***번길 ** (상현동),"경기도 용인시 수지구 상현동 ****-* B동 ***,***호",16944,2025-06-16,영업/정상
경기,애니멀클럽,,"경기도 용인시 수지구 신봉*로***번길 **, B동 *층 (신봉동)",경기도 용인시 수지구 신봉동 ***-* B동,16803,2025-07-16,영업/정상
경기,(주)밀레펫,031-485-5820,경기도 용인시 처인구 명지로 ** (역북동),경기도 용인시 처인구 역북동 ***-*,17057,2013-10-22,영업/정상
경기,코기빌,031-321-3322,경기도 용인시 처인구 양지읍 죽양대로 ****,경기도 용인시 처인구 양지읍 양지리 *** 외 *필지(***-*),17158,2014-03-21,영업/정상
경기,힐링독파크,,경기도 용인시 처인구 이동읍 백옥대로 ***,경기도 용인시 처인구 이동읍 시미리 ***-*,17134,2018-06-26,영업/정상
경기,헬로우렙타일,,경기도 용인시 처인구 포곡읍 석성로***번길 **-**,경기도 용인시 처인구 포곡읍 마성리 ***-*,17024,2019-06-11,영업/정상
경기,블럭비즈몬,,"경기도 용인시 처인구 남사읍 한숲로 **, 아곡프라자 ***호",경기도 용인시 처인구 남사읍 아곡리 *** 아곡프라자 ***호,17117,2020-05-27,영업/정상
경기,보라펫,,경기도 용인시 처인구 신기로 ***(남동),경기도 용인시 처인구 남동 ***-**,17059,2021-09-10,영업/정상
경기,아로하스토리,031-526-0596,경기도 용인시 처인구 이동읍 백자로 ***-*,경기도 용인시 처인구 이동읍 서리 ***-*,17126,2022-03-28,영업/정상
경기,이쁘개 건강하개,,"경기도 용인시 처인구 명지로**번길 *-*, ***호 (역북동)",경기도 용인시 처인구 역북동 *** ***호,17056,2022-05-02,영업/정상
경기,뽀송하개 재워줄개,,"경기도 용인시 처인구 남사읍 처인성로 ***, *층",경기도 용인시 처인구 남사읍 완장리 ***-* *층,17115,2022-09-11,영업/정상
경기,오즈캣,,경기도 용인시 처인구 남사읍 아곡로**번길 *-*,경기도 용인시 처인구 남사읍 아곡리 ***-*,17117,2022-11-17,영업/정상
경기,야옹아멍멍해봐 용인남동점,031-338-0079,"경기도 용인시 처인구 백옥대로 ****, *층 ***호 (남동)",경기도 용인시 처인구 남동 *-*,17063,2023-08-18,영업/정상
경기,마렛트,,경기도 용인시 처인구 남사읍 각궁로 ***-**,경기도 용인시 처인구 남사읍 전궁리 **-*,17124,2023-11-03,영업/정상
경기,유앤미펫 강아지분양 고양이분양 용인점,,"경기도 용인시 처인구 명지로**번길 **, 파스텔시티 ***호 (역북동)",경기도 용인시 처인구 역북동 *** ***호,17055,2023-12-28,영업/정상
경기,사랑해주오 입양센터 용인점,,"경기도 용인시 처인구 모현읍 백옥대로 ****-**, *층",경기도 용인시 처인구 모현읍 초부리 ***-*,17037,2024-08-23,영업/정상
경기,봄봄,,"경기도 용인시 처인구 포곡읍 선장*로 **-*, 나동",경기도 용인시 처인구 포곡읍 신원리 ***,17022,2025-05-01,영업/정상
경기,놀러오개 애견연구소,,"경기도 용인시 처인구 모현읍 오포로 **, *층",경기도 용인시 처인구 모현읍 능원리 **-*,16884,2025-12-31,영업/정상
경기,쿨펫동물병원,031-679-0551,"경기도 용인시 기흥구 동백죽전대로 ***, 쥬네브썬월드빌딩 (중동)","경기도 용인시 기흥구 중동 *** 쥬네브썬월드빌딩 b***,***호",17006,2008-03-24,영업/정상
경기,로얄수족관,,"경기도 용인시 기흥구 동백죽전대로 *** (중동, 이마트 동백점)",경기도 용인시 기흥구 중동 *** 이마트 동백점,17006,2012-08-10,영업/정상
경기,My Love Cat(마이러브캣),,"경기도 용인시 기흥구 용구대로 ****, ***호 (보정동)",경기도 용인시 기흥구 보정동 ***-** ***호,16905,2016-02-26,영업/정상
경기,멍멍멍,,"경기도 용인시 기흥구 서천동로**번길 **-**, *층 (농서동)",경기도 용인시 기흥구 농서동 ***-* *층,17111,2016-11-04,영업/정상
경기,동물보듬센터 용인지점,,"경기도 용인시 기흥구 어정로 ***, 어정프라자 ***호 (상하동)",경기도 용인시 기흥구 상하동 ***-* 어정프라자,16986,2026-04-09,영업/정상
경기,반하나캣 산내점,,"경기도 파주시 교하로 **, *층 ***호 (목동동)",경기도 파주시 목동동 ***,10892,2026-08-07,영업/정상
경기,3J DOGS,,"경기도 파주시 하우*길 **, *층 *~*호 (야당동)",경기도 파주시 야당동 ***-**,10909,2026-07-13,영업/정상
경기,꼬리살랑,,"경기도 파주시 하우고개길 ***, *층 (야당동)",경기도 파주시 야당동 **-*,10909,2026-08-14,영업/정상
경기,주식회사 밀레펫,,"경기도 파주시 당하길 **, 이마트 (당하동)",경기도 파주시 당하동 ***-* 이마트,10866,2012-08-10,영업/정상
경기,(주)그린아쿠아펫,,"경기도 파주시 문산읍 방촌로 ****, 홈플러스",경기도 파주시 문산읍 당동리 *** 홈플러스,10816,2012-08-20,영업/정상
경기,으르렁애견카페,031-947-1981,"경기도 파주시 미래로 ***-**, *층 (동패동)",경기도 파주시 동패동 ****-*,10905,2015-10-22,영업/정상
경기,파주24시동물병원,031-944-5575,경기도 파주시 교하로 ** (목동동),,10892,2017-02-20,영업/정상
경기,해오름동물병원,,"경기도 파주시 문산읍 당동*로 **, 우리빌 ***호호",경기도 파주시 문산읍 당동리 ***-*,10816,2018-04-17,영업/정상
경기,이마트(운정점),,"경기도 파주시 한울로 ***, 이마트운정점 (동패동)",경기도 파주시 동패동 **** 이마트운정점,10905,2018-10-31,영업/정상
경기,댕복궁,,경기도 파주시 가람로**번길 **-**(와동동),경기도 파주시 와동동 ****-*,10870,2020-10-19,영업/정상
경기,"켄넬203 말티푸분양, 미니비숑분양",,경기도 파주시 가람로**번길 **-** (와동동),경기도 파주시 와동동 ****-*,10870,2021-03-23,영업/정상
경기,파주운정강아지분양 호야펫,,"경기도 파주시 산내로***번길 **-*, *층 (목동동)",경기도 파주시 목동동 ***-*,10892,2021-04-30,영업/정상
경기,낭만고양이(운정점),,"경기도 파주시 가재울로 **-**, *층 (목동동)",경기도 파주시 목동동 ***-*,10871,2022-03-17,영업/정상
경기,THE DOG SALON,,"경기도 파주시 경의로 ****, ***호 (야당동)",경기도 파주시 야당동 ****,10906,2022-04-15,영업/정상
경기,함께 있어줄개,,"경기도 파주시 운정역길 ***, ***,***호 (상지석동)",경기도 파주시 상지석동 ***-**,10910,2022-07-04,영업/정상
경기,놀면묘하냥 고양이카페,070-8770-7353,"경기도 파주시 가람로**번길 **-**, *층 (와동동)",경기도 파주시 와동동 ****,10870,2022-10-13,영업/정상
경기,플레이독 파주본점,,경기도 파주시 교하로 ***(신촌동),경기도 파주시 신촌동 *-**,10880,2022-11-16,영업/정상
경기,헤이뚜뚜,031-946-3999,"경기도 파주시 산내로*번길 **-**, *층 (목동동)",경기도 파주시 목동동 ****-*,10900,2023-02-08,영업/정상
경기,고양이분양 반하나캣,,"경기도 파주시 가람로**번길 **, *층 (와동동)",경기도 파주시 와동동 ****-*,10870,2023-11-14,영업/정상
경기,블레스펫,,경기도 파주시 심학산로 ** (서패동),경기도 파주시 서패동 ***-*,10883,2023-12-04,영업/정상
경기,디디에퍼피,,"경기도 파주시 심학산로 ***, 케이힐스 *층 ***호 (야당동)",경기도 파주시 야당동 **** 케이힐스,10908,2024-04-05,영업/정상
경기,워킹애니멀스쿨,,경기도 파주시 파주읍 통일로 ****,경기도 파주시 파주읍 봉암리 ***-*,10839,2024-04-30,영업/정상
경기,나의 집사,,"경기도 파주시 경의로 ****, 에펠타워 *층 ***호 (야당동)",경기도 파주시 야당동 **** 에펠타워,10908,2024-05-13,영업/정상
경기,펫퍼스트 24시 강아지분양 고양이분양 파주운정점,,"경기도 파주시 가람로**번길 **-**, *층 ***호 (와동동)",경기도 파주시 와동동 ****,10870,2024-09-05,영업/정상
경기,우리들의 댕댕이,070-7766-0703,"경기도 파주시 중앙로 ***, ***호 (금촌동, 동현아파트)",경기도 파주시 금촌동 ***-* 동현아파트,10932,2024-11-14,영업/정상
경기,유어펫 라운지 강아지분양,,"경기도 파주시 파주로 ***, *층 (당하동)",경기도 파주시 당하동 ***-*,10866,2025-04-02,영업/정상
경기,엘시안퍼피(L:SIAN PUPPY),,"경기도 파주시 하우고개길 ***, *호 (야당동)",경기도 파주시 야당동 ***-*,10909,2026-07-07,영업/정상
경기,헤이댕댕 2호점,,"경기도 이천시 부발읍 대산로 ***-*, 서화상가 ***호",경기도 이천시 부발읍 신하리 ***,17327,2025-12-31,영업/정상
경기,(주)이마트 이천점,,경기도 이천시 이섭대천로 ****-** (증포동),경기도 이천시 증포동 **-*,,2012-11-28,영업/정상
경기,하이몽,031-635-5775,경기도 이천시 서희로 ** (창전동),경기도 이천시 창전동 ***-**,17364,2016-04-07,영업/정상
경기,아이펫,031-638-4520,경기도 이천시 경충대로****번길 * (진리동),,17391,2009-01-30,영업/정상
경기,냥냥펀치,031-634-1119,경기도 이천시 경충대로****번길 ** (중리동),경기도 이천시 중리동 ***-*,17377,2019-05-20,영업/정상
경기,펫플러스라이프,031-634-0338,"경기도 이천시 부발읍 경충대로 ****, *층",경기도 이천시 부발읍 신하리 ***-*,17331,2020-03-06,영업/정상
경기,더멍멍,,"경기도 이천시 영창로***번길 *, *층 (갈산동)",경기도 이천시 갈산동 ***-*,17361,2020-12-27,영업/정상
경기,Majestic(마제스틱),,"경기도 이천시 대월면 대장로***번길 **, *층",경기도 이천시 대월면 대대리 **-*,17343,2021-11-16,영업/정상
경기,(주)펫에이앤씨 이천지점,,"경기도 이천시 마장면 덕이로***번길 ***-**, 덕평휴게소 **동",경기도 이천시 마장면 각평리 *** 덕평휴게소,17384,2026-08-26,영업/정상
경기,로버로드,,경기도 이천시 모가면 진상미로****번길 ***,경기도 이천시 모가면 진가리 ***-**,17408,2021-12-22,영업/정상
경기,셀리네,,경기도 이천시 대월면 대월로 ***,경기도 이천시 대월면 구시리 ***-*,17402,2021-12-22,영업/정상
경기,(주)베프,,경기도 이천시 마장면 중부대로 ***-*,경기도 이천시 마장면 표교리 ***,17384,2022-02-17,영업/정상
경기,롯데마트 이천점,031-8011-2500,"경기도 이천시 구만리로 ***, 지하*층 (안흥동, 이천 롯데캐슬 골드스카이)",경기도 이천시 안흥동 *** 이천 롯데캐슬 골드스카이,17372,2022-09-21,영업/정상
경기,보듬캣,,"경기도 이천시 이섭대천로 ****-**, ***호 (창전동)",경기도 이천시 창전동 ***-*,17369,2024-08-09,영업/정상
경기,골든파크,,경기도 이천시 마장면 중부대로***번길 ***,경기도 이천시 마장면 표교리 ***,17384,2025-06-10,영업/정상
경기,로맨틱 퍼피,,"경기도 안성시 공도읍 서동대로 ****, ***호",경기도 안성시 공도읍 양기리 ***-*,17558,2025-11-12,영업/정상
경기,로얄수족관,02-2690-7311,경기도 안성시 중앙로 *** (석정동),경기도 안성시 석정동 ***-*,,2012-09-28,영업/정상
경기,경기관상어,,경기도 안성시 공도읍 서동대로 ****,,17558,2014-12-04,영업/정상
경기,TIARA PET(티아라 펫),,경기도 안성시 죽산면 장원길 ***,경기도 안성시 죽산면 장원리 ***-*,17520,2015-05-28,영업/정상
경기,롯데마트안성점쿨펫,031-618-7533,경기도 안성시 공도읍 서동대로 **** (롯데마트),경기도 안성시 공도읍 양기리 ***,17558,2014-09-15,영업/정상
경기,풀독,,경기도 안성시 원곡면 방삼길 **-**,경기도 안성시 원곡면 칠곡리 ***,17555,2021-03-04,영업/정상
경기,개꿀,,경기도 김포시 대곶면 율생중앙로**번길 **,경기도 김포시 대곶면 율생리 ***-*,10039,2026-08-11,영업/정상
경기,펫스타,,경기도 김포시 양촌읍 석모로**번길 **-**,경기도 김포시 양촌읍 석모리 ****,10064,2026-05-07,영업/정상
경기,퍼피홍,,경기도 김포시 양촌읍 김포한강*로***번길 ***-*,경기도 김포시 양촌읍 석모리 ***-*,10055,2026-04-02,영업/정상
경기,강아지분양 플레이독 김포점,,"경기도 김포시 김포한강*로***번길 ***-*, ***호 (마산동)",경기도 김포시 마산동 ***-*,10068,2026-07-22,영업/정상
경기,하이펫월드,,경기도 김포시 고촌읍 장곡로 **,경기도 김포시 고촌읍 풍곡리 ***-*,10122,2015-05-18,영업/정상
경기,(주)그린프레밀리,,"경기도 김포시 김포한강*로 **, 지하*층 (구래동, 이마트 김포한강점)",,10071,2016-03-15,영업/정상
경기,(주)하이펫타운,,경기도 김포시 고촌읍 장곡로 **,경기도 김포시 고촌읍 풍곡리 ***-*,10122,2017-03-09,영업/정상
경기,펫 클럽,,"경기도 김포시 중봉로 *-*, 상가동 ***호 (감정동, 중봉마을신안실크밸리 )",경기도 김포시 감정동 *** 신안*차 단지상가 ***호 상가동 ***호,10103,2017-10-19,영업/정상
경기,노블레스 실버,,"경기도 김포시 고촌읍 신기신동로 **, *층",경기도 김포시 고촌읍 신곡리 ***-* *층,10124,2017-11-21,영업/정상
경기,코카갤러리,,경기도 김포시 고촌읍 평리길 ***-*,경기도 김포시 고촌읍 전호리 ***-*,10134,2017-12-05,영업/정상
경기,개판,,"경기도 김포시 대곶면 대곶북로 ***, *층",경기도 김포시 대곶면 석정리 **-*,10028,2018-11-19,영업/정상
경기,비나리(Beenali),,"경기도 김포시 통진읍 고정*로**번길 *-**, *동",경기도 김포시 통진읍 고정리 ***-*,10009,2019-01-18,영업/정상
경기,퍼피문,,경기도 김포시 김포한강*로***번길 ** (마산동),경기도 김포시 마산동 ***-*,10068,2019-01-29,영업/정상
경기,하이몽,031-985-1259,"경기도 김포시 모담공원로 **, 상가동 ***호 (운양동, 한강신도시 반도유보라 *차)",경기도 김포시 운양동 ****-* 한강신도시 반도유보라 *차,10078,2019-02-21,영업/정상
경기,라이프독,031-988-6311,"경기도 김포시 김포한강*로 *, ***호 (장기동)",경기도 김포시 장기동 ****-*,10090,2019-03-28,영업/정상
경기,미미펫 강아지분양 고양이분양 김포점,,"경기도 김포시 김포한강*로 ***, ***호 (구래동)",경기도 김포시 구래동 ****-**,10071,2019-05-14,영업/정상
경기,김포강아지고양이 멍냥아구래구래,,"경기도 김포시 김포한강*로 ***, 제이스프라자 ***호 (구래동)",경기도 김포시 구래동 ****-*,10071,2019-10-25,영업/정상
경기,티제이 펫,,경기도 김포시 양촌읍 석모로**번길 ***,경기도 김포시 양촌읍 석모리 ***-*,10055,2020-03-10,영업/정상
경기,어스독,,경기도 김포시 양촌읍 김포한강*로 **-*,경기도 김포시 양촌읍 구래리 ***-**,10069,2020-03-27,영업/정상
경기,시바견분양.kr,,"경기도 김포시 양촌읍 양곡*로 **, 양지마을주공아파트 상가동동 ***호",경기도 김포시 양촌읍 양곡리 **** 양지마을주공아파트,10057,2020-04-07,영업/정상
경기,멍스타 김포강아지 분양,,"경기도 김포시 김포한강*로**번길 **-**, *층 ***호 (장기동)",경기도 김포시 장기동 ****-* ***호,10079,2020-06-30,영업/정상
경기,자랑하개,031-988-0881,경기도 김포시 대곶면 대명항로 ***,경기도 김포시 대곶면 대명리 ***-*,10040,2020-10-12,영업/정상
경기,(주) 피싱파크 진산각,,경기도 김포시 중봉로**번길 *** (감정동),경기도 김포시 감정동 ***-**,10103,2020-11-02,영업/정상
경기,오드리펫,,경기도 김포시 김포한강*로**번길 ** (장기동),경기도 김포시 장기동 ****-*,10090,2020-11-06,영업/정상
경기,le puppy,,"경기도 김포시 봉화로 **, ***호-가**호 (사우동)",경기도 김포시 사우동 ***,10109,2020-12-27,영업/정상
경기,내품안의 반려견 김포점,,"경기도 김포시 김포한강*로**번길 **-**, ***호 (장기동)",경기도 김포시 장기동 ****-*,10079,2021-01-20,영업/정상
경기,고양이가정분양 자체브리딩 니팅캣,,경기도 김포시 통진읍 율마로***번길 **,경기도 김포시 통진읍 마송리 ***-*,10032,2021-02-22,영업/정상
경기,로던트 클럽@달콤하니 냥,,"경기도 김포시 김포한강*로**번길 **-**, *층 (장기동)",경기도 김포시 장기동 **** *층,10079,2021-03-16,영업/정상
경기,포미독,,"경기도 김포시 김포한강*로 ***, 리치프라자* ***호 (구래동)",경기도 김포시 구래동 ****-* 리치프라자* ***동,10071,2021-05-13,영업/정상
경기,유어펫,,"경기도 김포시 양도로**번길 **, 아도니스의 꿈Ⅱ ***, ***호 (풍무동)",경기도 김포시 풍무동 ***-* 아도니스의 꿈Ⅱ,10113,2021-11-30,영업/정상
경기,킹렌치,,"경기도 김포시 통진읍 서암로 ***, ***호",경기도 김포시 통진읍 서암리 ***-*,10016,2021-12-08,영업/정상
경기,토토로의 숲,,"경기도 김포시 통진읍 고척로***번길 **, *층",경기도 김포시 통진읍 고정리 ***-**,10009,2022-01-25,영업/정상
경기,김포고양이가정분양 라라캣츠,,"경기도 김포시 풍무로 ***, 넘버원리치안 *층 ***호 (풍무동)",경기도 김포시 풍무동 **-*,10113,2022-02-10,영업/정상
경기,아르미펫 강아지고양이 김포본점,,"경기도 김포시 김포한강*로**번길 **-**, *층 ***호 (장기동)",경기도 김포시 장기동 ****-*,10080,2022-02-18,영업/정상
경기,모가비,,경기도 김포시 월곶면 애기봉로 ***-**,경기도 김포시 월곶면 고막리 **-*,10022,2022-03-22,영업/정상
경기,드림독 강아지분양 안심분양센터 김포점,,"경기도 김포시 김포한강*로 **, 에비뉴동 *층 C-*호 (장기동, e편한세상 캐널시티)",경기도 김포시 장기동 **** e편한세상 캐널시티,10090,2022-03-25,영업/정상
경기,김포고양이분양 맘스캣,,"경기도 김포시 영터길 **, ***호 (마산동)",경기도 김포시 마산동 ***-*,10068,2022-03-31,영업/정상
경기,몽냥몽냥 강아지분양 고양이분양 김포점,,"경기도 김포시 태장로 ***-**, ***호 (장기동)",경기도 김포시 장기동 ****-*,10089,2022-04-28,영업/정상
경기,재리펫,,"경기도 김포시 솔터로 **, ***동 ***호 (구래동, 메트로타워 예미지)",경기도 김포시 구래동 ****-* 메트로타워 예미지,10066,2022-06-24,영업/정상
경기,솔빈마루,,경기도 김포시 중봉로***번길 **(북변동),경기도 김포시 북변동 ***-**,10100,2022-06-24,영업/정상
경기,허그독,,"경기도 김포시 김포한강*로**번길 *-**, 반석타운 ***호 (구래동)",경기도 김포시 구래동 ****-**,10070,2022-08-19,영업/정상
경기,(주)우연컴퍼니,,"경기도 김포시 김포한강*로 ***, 김포센트럴프라자* ***-**호 (구래동)",경기도 김포시 구래동 ****-* 김포센트럴프라자*,10071,2022-12-29,영업/정상
경기,비마이버디,,"경기도 김포시 초당로**번길 **-*, ***호 (장기동)",경기도 김포시 장기동 ****-*,10088,2022-12-29,영업/정상
경기,헤이독,,"경기도 김포시 김포한강*로***번길 *-**, ***호 (마산동)",경기도 김포시 마산동 ***-*,10068,2023-02-03,영업/정상
경기,오하이독 안심분양센터 김포점,,"경기도 김포시 김포한강**로***번길 **, ***호 (운양동)",경기도 김포시 운양동 ****-*,10077,2023-03-03,영업/정상
경기,동물보육원 김포지부,,"경기도 김포시 양촌읍 김포대로 ****-**, *층",경기도 김포시 양촌읍 석모리 ***-*,10053,2023-05-25,영업/정상
경기,"RiNi, Pet 리니펫",,"경기도 김포시 김포한강*로**번길 **, ***호 (장기동)",경기도 김포시 장기동 ****-*,10090,2023-11-23,영업/정상
경기,버디독 강아지분양 고양이분양 안심분양센터 김포점,,"경기도 김포시 김포한강*로 ***, 한강메디플라자 *층 ***호 (구래동)",경기도 김포시 구래동 ****-* 한강메디플라자,10071,2024-01-08,영업/정상
경기,하모니 퍼피(harmony puppy),,"경기도 김포시 김포한강*로***번길 **, ***호 (구래동)",경기도 김포시 구래동 ****-**,10063,2024-05-26,영업/정상
경기,키튼히얼 고양이분양 김포본점,,"경기도 김포시 김포한강**로 ***, ***호 (운양동)",경기도 김포시 운양동 ****-*,10073,2024-07-29,영업/정상
경기,도그센추리,,"경기도 김포시 양촌읍 양곡*로**번길 *, ****호 (제이팰리스)",경기도 김포시 양촌읍 양곡리 ***-* 제이팰리스,10059,2025-01-16,영업/정상
경기,김포 애견호텔 애견유치원 꼬똥이네,,경기도 김포시 통진읍 조강로**번길 ***-**,경기도 김포시 통진읍 서암리 ***-*,10016,2025-02-12,영업/정상
경기,에어펫,,"경기도 김포시 김포한강*로***번길 *-**, ***호 (마산동)",경기도 김포시 마산동 ***-*,10068,2025-07-30,영업/정상
경기,쥬쿠아,,"경기도 김포시 양도로**번길 *, 파크 *** *층 ***호 (풍무동)",경기도 김포시 풍무동 *** 파크 ***,10113,2025-12-03,영업/정상
경기,랑스독 강아지 분양센터,,"경기도 김포시 태장로 ***, ***호 (장기동)",경기도 김포시 장기동 ****-*,10090,2026-01-30,영업/정상
경기,꽃보다 개,070-7377-1022,경기도 김포시 고촌읍 은행영사정로**번길 **-*,경기도 김포시 고촌읍 신곡리 ****,10125,2012-12-06,영업/정상
경기,pet for you,070-7333-3311,경기도 김포시 양촌읍 양곡*로 *-*,경기도 김포시 양촌읍 구래리 ***-*,10059,2013-05-06,영업/정상
경기,악동강아지,,경기도 김포시 김포한강*로 *** (장기동),경기도 김포시 장기동 ****-*,10087,2013-08-20,영업/정상
경기,(주)그린아쿠아펫,,경기도 김포시 중봉로 * (감정동),경기도 김포시 감정동 ***-*,10103,2013-09-11,영업/정상
경기,한강아쿠아 롯데마트 김포한강점,02-2685-3485,"경기도 김포시 김포한강*로 ** (장기동, e편한세상캐널시티, 롯데마트)",경기도 김포시 장기동 ****,10090,2014-01-06,영업/정상
경기,펫 갤러리아,,경기도 김포시 풍무로 *** (사우동),경기도 김포시 사우동 ***-**,10113,2014-09-04,영업/정상
경기,코아스,031-997-0081,"경기도 김포시 고촌읍 인향로***번길 *, *층",경기도 김포시 고촌읍 태리 ****,10132,2015-04-04,영업/정상
경기,애견세상,031-833-7773,경기도 연천군 전곡읍 전곡로 ***,경기도 연천군 전곡읍 전곡리 ***-**,11034,2014-01-23,영업/정상
경기,시바견 전문 가도켄넬,,경기도 가평군 가평읍 분자골로**번길 **-*,경기도 가평군 가평읍 산유리 ***-*,12429,2023-09-13,영업/정상
경기,주식회사 케이9코리아,,"경기도 가평군 설악면 유명로 ****, *동 ***호",경기도 가평군 설악면 신천리 ***-*,12467,2026-04-03,영업/정상
경기,명품견,,"경기도 양평군 용문면 다문북길 **, *층 ***호 (용문그린아파트)",,12521,2017-07-11,영업/정상
경기,대형견프리미엄아울렛,,경기도 양평군 양동면 양동로 ***,경기도 양평군 양동면 고송리 ***,12533,2009-08-07,영업/정상
경기,오픈주,,경기도 양평군 서종면 수대울길***번길 **,경기도 양평군 서종면 문호리 ****-**,12503,2020-01-09,영업/정상
경기,티아라펫,,"경기도 양평군 강상면 병산길 *, *층",경기도 양평군 강상면 병산리 ***,12571,2023-04-18,영업/정상
경기,애견세계,,경기도 양평군 양동면 장만대길 **,경기도 양평군 양동면 고송리 ***,12533,2019-06-28,영업/정상
경기,스타켄넬,,경기도 양평군 지평면 수곡로 **-*,경기도 양평군 지평면 수곡리 ***-*,12544,2018-04-17,영업/정상
강원,멍군애견,033-241-5896,강원특별자치도 춘천시 춘천로 ***-* (효자동),강원특별자치도 춘천시 효자동 ***-**,24292,2018-09-05,영업/정상
강원,도그스테이블 석사점,033-264-0024,강원특별자치도 춘천시 안마산로 ***-** (석사동),강원특별자치도 춘천시 석사동 ***,24417,2019-09-04,영업/정상
강원,이쁘개,,"강원특별자치도 춘천시 우석로 **, *층 (석사동)",강원특별자치도 춘천시 석사동 ***-*,24326,2021-07-23,영업/정상
강원,하이엔드 멍,,강원특별자치도 춘천시 서부대성로 ***-* (효자동),강원특별자치도 춘천시 효자동 ***-*,24294,2023-03-31,영업/정상
강원,준독,,강원특별자치도 춘천시 서면 노동길 **,강원특별자치도 춘천시 서면 안보리 ***,24463,2023-07-14,영업/정상
강원,노이펫 강아지 고양이분양 춘천점,,강원특별자치도 춘천시 스무숲*길 ** (석사동),강원특별자치도 춘천시 석사동 ***-*,24416,2023-07-14,영업/정상
강원,코리아 퍼피,,강원특별자치도 춘천시 남산면 동촌로 ***-**,강원특별자치도 춘천시 남산면 행촌리 ***,24466,2024-02-27,영업/정상
강원,춘천 고양이집,,"강원특별자치도 춘천시 시청길**번길 *-*, *층 (조양동)",강원특별자치도 춘천시 조양동 **-*,24352,2024-11-07,영업/정상
강원,미니멀 정글,,"강원특별자치도 춘천시 효석로**번길 **, *층 (석사동)",강원특별자치도 춘천시 석사동 ***-*,24383,2025-08-14,영업/정상
강원,너를 만난 곳,,"강원특별자치도 춘천시 방송길 **, 상가 ****호 (온의동, 춘천 센트럴타워 푸르지오)",강원특별자치도 춘천시 온의동 *** 춘천 센트럴타워 푸르지오,24363,2026-07-20,영업/정상
강원,(주)밀레펫,033-240-1051,강원특별자치도 춘천시 경춘로 **** (온의동),강원특별자치도 춘천시 온의동 ***,24435,2012-08-20,영업/정상
강원,롯데마트 춘천점(한강아쿠아),031-527-4244,강원특별자치도 춘천시 방송길 ** (온의동),강원특별자치도 춘천시 온의동 *-**,,2012-09-07,영업/정상
강원,공주애견 & 캣 브리더,,"강원특별자치도 춘천시 남춘로**번길 **, *층 (퇴계동)",강원특별자치도 춘천시 퇴계동 ***-*,24380,2016-03-10,영업/정상
강원,고Dog,,강원특별자치도 춘천시 춘천로 *** (후평동),,24256,2017-03-22,영업/정상
강원,히포코코,033-253-3523,"강원특별자치도 춘천시 중앙로**번길 *, *층 (조양동)",강원특별자치도 춘천시 조양동 ***-*,24353,2017-09-28,영업/정상
강원,송원애견의집,033-263-9209,"강원특별자치도 춘천시 춘천로 ***, *층 (후평동)",강원특별자치도 춘천시 후평동 ***-**,24292,2018-03-16,영업/정상
강원,강아지집,033-745-6685,강원특별자치도 원주시 천사로 *** (일산동),강원특별자치도 원주시 일산동 ***-**,26425,2008-03-26,영업/정상
강원,노이(Noi)펫 강아지고양이 원주점,,강원특별자치도 원주시 남원로***번길 **-* (명륜동),강원특별자치도 원주시 명륜동 ***-**,,2012-02-16,영업/정상
강원,이마트 원주점,033-749-1234,강원특별자치도 원주시 북원로 **** (무실동),강원특별자치도 원주시 무실동 ****-*,,2012-08-10,영업/정상
강원,와우펫,033-761-8066,강원특별자치도 원주시 단관길 *** (관설동),강원특별자치도 원주시 관설동 ****-**,26472,2015-08-06,영업/정상
강원,착한애견분양(원주점),033-731-6543,강원특별자치도 원주시 무실로 *** (단계동),,26475,2017-09-21,영업/정상
강원,월드펫(애완동물할인매장),033-732-2299,"강원특별자치도 원주시 서원대로 **, *층 (단계동)",강원특별자치도 원주시 단계동 ***-*,26409,2019-03-29,영업/정상
강원,박순호의 아이슬란드,,강원특별자치도 원주시 소초면 다리목길 **-*,강원특별자치도 원주시 소초면 교항리 ***,26304,2019-07-16,영업/정상
강원,해피주 동물카페 원주점,,"강원특별자치도 원주시 양지로 **, ***호 (반곡동)",강원특별자치도 원주시 반곡동 ****-*,26465,2019-08-20,영업/정상
강원,시계박사 엔젤수족관,033-763-5551,강원특별자치도 원주시 치악로 **** (개운동),강원특별자치도 원주시 개운동 ***-**,26443,2020-11-12,영업/정상
강원,미앤유펫 강아지 고양이 원주점,,"강원특별자치도 원주시 남원로***번길 **, *층 (단구동)",강원특별자치도 원주시 단구동 ****-*,26483,2021-07-01,영업/정상
강원,오독 강아지 안심분양센터 원주점,,"강원특별자치도 원주시 금불*길 *, *층 (단계동)",강원특별자치도 원주시 단계동 ***-**,26423,2021-12-01,영업/정상
강원,해피캣,,강원특별자치도 원주시 우러리길 ** (단구동),강원특별자치도 원주시 단구동 ***-**,26400,2023-03-10,영업/정상
강원,대형애견,,강원특별자치도 원주시 호저면 원문로 ***,강원특별자치도 원주시 호저면 만종리 ***-*,26348,2023-06-08,영업/정상
강원,루다펫,,강원특별자치도 원주시 이화*길 **-** (단계동),강원특별자치도 원주시 단계동 ***-*,26474,2024-05-24,영업/정상
강원,강아지분양 고양이분양 컴투펫 원주점,,"강원특별자치도 원주시 행구로 ***, *층 (행구동)",강원특별자치도 원주시 행구동 ***,26455,2024-08-02,영업/정상
강원,펫어게인 강아지 고양이 원주점,,강원특별자치도 원주시 행가리*길 * (무실동),강원특별자치도 원주시 무실동 ****-*,26396,2025-11-05,영업/정상
강원,애견프라자,,강원특별자치도 강릉시 율곡로 **** (옥천동),강원특별자치도 강릉시 옥천동 ***-*,25551,2008-07-07,영업/정상
강원,애견클럽,,강원특별자치도 강릉시 율곡로 **** (옥천동),강원특별자치도 강릉시 옥천동 **-*,25554,2008-07-07,영업/정상
강원,꿈꾸는고양이,,,강원특별자치도 강릉시 임당동 ***-*,,2010-02-26,영업/정상
강원,꼬리치는 강아지,,강원특별자치도 강릉시 옥가로 ** (옥천동),강원특별자치도 강릉시 옥천동 ***,25552,2011-09-23,영업/정상
강원,(주)밀레펫 강릉점,033-649-1052,강원특별자치도 강릉시 경강로 ****-** (견소동),강원특별자치도 강릉시 송정동 ****-*,,2012-08-16,영업/정상
강원,강릉애견하우스,033-647-0787,"강원특별자치도 강릉시 솔올로*번길 **, *동 *층 (교동)",강원특별자치도 강릉시 교동 ****-*,25515,2013-03-13,영업/정상
강원,MODERN CAT,,강원특별자치도 강릉시 옥천로**번길 ** (옥천동),강원특별자치도 강릉시 옥천동 **-*,25553,2017-11-29,영업/정상
강원,꿈꾸는 고양이,,강원특별자치도 강릉시 경강로 **** (임당동),강원특별자치도 강릉시 임당동 ***-*,25539,2018-08-13,영업/정상
강원,강릉애견하우스,,강원특별자치도 강릉시 솔올로*번길 ** (교동),강원특별자치도 강릉시 교동 ****-*,25515,2018-10-28,영업/정상
강원,파충류카페 비비안,033-648-1100,"강원특별자치도 강릉시 대학길 *, *층 (금학동)",강원특별자치도 강릉시 금학동 **,25540,2020-08-06,영업/정상
강원,애견프라자,033-648-7777,"강원특별자치도 강릉시 율곡로 ****, *층 (옥천동)",강원특별자치도 강릉시 옥천동 ***-*,25551,2021-01-14,영업/정상
강원,라이프독 강릉점 24시 강아지분양 고양이분양,,"강원특별자치도 강릉시 화부산로 ***, *층 (교동)",강원특별자치도 강릉시 교동 ***-*,25490,2025-01-08,영업/정상
강원,애견백화점,033-533-4498,"강원특별자치도 동해시 해안로 *** (발한동, 애견백화점)",강원특별자치도 동해시 발한동 ***-**,25727,2008-04-29,영업/정상
강원,서울애견,,"강원특별자치도 동해시 중앙로 ***, *층 *호 (천곡동)",강원특별자치도 동해시 천곡동 **** *층 *호,25768,2008-04-29,영업/정상
강원,동해애견센터,033-535-4355,,강원특별자치도 동해시 천곡동 ***,,2008-06-16,영업/정상
강원,강아지와 고양이,,"강원특별자치도 동해시 한섬로 ***, 강아지와고양이 (천곡동)",강원특별자치도 동해시 천곡동 ***-* 강아지와고양이,25770,2010-01-04,영업/정상
강원,(주)밀레펫 (이마트동해점),033-539-7051,강원특별자치도 동해시 천곡로 *** (천곡동),강원특별자치도 동해시 천곡동 ***,,2012-08-09,영업/정상
강원,묘냥묘냥,,"강원특별자치도 동해시 중앙로 ***, 이주민상가 *층 ***호 (천곡동)",강원특별자치도 동해시 천곡동 *** 이주민상가,25769,2023-08-18,영업/정상
강원,우리 강아지,,강원특별자치도 동해시 발한로 **(부곡동),강원특별자치도 동해시 부곡동 **-*,25733,2021-12-06,영업/정상
강원,강아지랑 고양이,,강원특별자치도 속초시 번영로 ** (청학동),강원특별자치도 속초시 청학동 ***-*,24830,2011-03-24,영업/정상
강원,애견 미용실,033-637-0447,강원특별자치도 속초시 교동로 ** (교동),강원특별자치도 속초시 교동 ***-***,24829,2011-06-21,영업/정상
강원,벤지애견,033-631-1134,강원특별자치도 속초시 번영로 ** (금호동),강원특별자치도 속초시 금호동 ***-**,24842,2011-06-21,영업/정상
강원,애견프라자,,강원특별자치도 속초시 청학로 ** (청학동),강원특별자치도 속초시 청학동 ***-**,24830,2011-08-09,영업/정상
강원,(주)밀레펫,,강원특별자치도 속초시 설악금강대교로 ** (청호동),강원특별자치도 속초시 청호동 ***-***,,2013-01-07,영업/정상
강원,조아독,033-635-5253,강원특별자치도 속초시 엑스포로 ***(교동),강원특별자치도 속초시 교동 ***-***,24836,2015-10-05,영업/정상
강원,개편한세상,033-638-0907,강원특별자치도 속초시 바람꽃마을길 *** (노학동),강원특별자치도 속초시 노학동 ****-***,24867,2017-03-23,영업/정상
강원,강아지와 고양이,033-631-4404,강원특별자치도 속초시 동해대로 **** (조양동),강원특별자치도 속초시 조양동 ****-***,24888,2017-11-29,영업/정상
강원,강아지정원,,강원특별자치도 속초시 수복로***번길 **-* (동명동),강원특별자치도 속초시 동명동 ***-***,24827,2020-04-22,영업/정상
강원,야옹아 멍멍해봐 속초점,,"강원특별자치도 속초시 먹거리*길 *, *층 (교동)",강원특별자치도 속초시 교동 ***-*,24858,2022-10-31,영업/정상
강원,뚱이애견,,"강원특별자치도 속초시 만천*길 **, *층 (교동)",강원특별자치도 속초시 교동 ***-*,24847,2024-12-23,영업/정상
강원,Puppy Hill's,,"강원특별자치도 속초시 중앙로 **, *층 (교동)",강원특별자치도 속초시 교동 ***-*,24835,2025-07-18,영업/정상
강원,행복한 강아지,,"강원특별자치도 삼척시 오십천로 ***-*, 대선전기㈜ (남양동)",강원특별자치도 삼척시 남양동 ***-* 행복한 강아지,25920,2018-09-20,영업/정상
강원,Gentle 멍멍,,강원특별자치도 홍천군 홍천읍 연봉중앙로 **-*,강원특별자치도 홍천군 홍천읍 연봉리 ***-*,25146,2024-02-19,영업/정상
강원,하루종일,,"강원특별자치도 홍천군 홍천읍 연봉로*길 *, *층",강원특별자치도 홍천군 홍천읍 연봉리 ***-**,25146,2026-06-04,영업/정상
강원,골든티스,,강원특별자치도 횡성군 횡성읍 태기로개전*길 **-**,,25212,2017-03-15,영업/정상
강원,깡촌강쥐,033-344-5581,"강원특별자치도 횡성군 횡성읍 문정로**번길 **, *층",강원특별자치도 횡성군 횡성읍 읍상리 ***-*,25232,2008-07-14,영업/정상
강원,쁘띠멍멍,,"강원특별자치도 횡성군 횡성읍 앞들서로**번길 *, *층",강원특별자치도 횡성군 횡성읍 읍하리 ***-*,25234,2026-08-25,영업/정상
강원,도그파파안,033-333-8301,강원특별자치도 평창군 진부면 진부중앙로 **,강원특별자치도 평창군 진부면 하진부리 **-*,25332,2018-07-11,영업/정상
강원,(주)더조은펫타운,033-335-0004,강원특별자치도 평창군 평창읍 종부*길 ***-**,강원특별자치도 평창군 평창읍 종부리 **-**,25377,2021-10-27,영업/정상
강원,No.1 POM,,"강원특별자치도 평창군 방림면 고원로 ***-**, *층",강원특별자치도 평창군 방림면 계촌리 ****,25364,2022-07-27,영업/정상
강원,Elim dog(엘림독),,강원특별자치도 화천군 간동면 간척리길 ***,강원특별자치도 화천군 간동면 간척리 ***-*,24139,2024-05-17,영업/정상
강원,개팔자 상팔자,,"강원특별자치도 양구군 양구읍 양구새싹로 **, *동 *층 *호",강원특별자치도 양구군 양구읍 정림리 *-*,24542,2019-03-22,영업/정상
강원,이개누구개,,"강원특별자치도 고성군 간성읍 간성로 **-*, *층",강원특별자치도 고성군 간성읍 신안리 ***-*,24735,2016-11-22,영업/정상
강원,보람그루밍,,강원특별자치도 양양군 양양읍 남문*길 **-*,강원특별자치도 양양군 양양읍 남문리 **-*,25030,2024-11-04,영업/정상
강원,멍레스트,,강원특별자치도 양양군 양양읍 한고개길 **,강원특별자치도 양양군 양양읍 성내리 ***-*,25060,2022-09-29,영업/정상
강원,바람난 강아지,033-672-0045,"강원특별자치도 양양군 양양읍 남문로 *, 부남빌딩 *층",강원특별자치도 양양군 양양읍 남문리 ***-*,25030,2018-10-17,영업/정상
강원,피플앤독,033-672-2360,"강원특별자치도 양양군 강현면 동해대로 ****, 속초애견미용학원",강원특별자치도 양양군 강현면 물치리 **-* 속초애견미용학원,25000,2018-04-14,영업/정상
강원,잘난돌스,,강원특별자치도 양양군 강현면 강선중앙길 ***,강원특별자치도 양양군 강현면 강선리 *** 다동,25000,2018-03-28,영업/정상
강원,행복한 강아지,,강원특별자치도 양양군 양양읍 군청길 **,강원특별자치도 양양군 양양읍 남문리 *-**,25021,2017-01-05,영업/정상
강원,People&Dog(피플앤독),033-672-2360,"강원특별자치도 양양군 강현면 동해대로 ****, 속초애견미용학원",강원특별자치도 양양군 강현면 물치리 **-* 속초애견미용학원,25000,2018-04-14,영업/정상
충북,멍개플레이스,,충청북도 충주시 충원대로 *** (봉방동),충청북도 충주시 봉방동 ***-*,27476,2026-04-06,영업/정상
충북,뚱'S 애견,,"충청북도 충주시 금봉*길 **, *층 (용산동)",충청북도 충주시 용산동 ****-*,27403,2026-06-30,영업/정상
충북,더정글,,"충청북도 충주시 성서*길 **, *층 (성서동)",충청북도 충주시 성서동 ***,27387,2023-12-05,영업/정상
충북,헬로독,,충청북도 충주시 연수서*길 * (연수동),충청북도 충주시 연수동 ****,27356,2015-01-06,영업/정상
충북,야옹아 멍멍해봐,043-856-0049,충청북도 충주시 계명대로 *** (연수동),충청북도 충주시 연수동 ***-**,27351,2015-10-13,영업/정상
충북,퍼스트독앤캣,043-855-1223,충청북도 충주시 예성로 *** (연수동),충청북도 충주시 연수동 ***-*,27348,2018-12-06,영업/정상
충북,해피애견하우스,043-842-4522,충청북도 충주시 갱고개로 ** (교현동),충청북도 충주시 교현동 ***-**,27374,2019-03-29,영업/정상
충북,Bom You Ban(봄유반),,"충청북도 충주시 연수동산로*길 *, ***호 (연수동)",충청북도 충주시 연수동 ****-* ***호,27352,2020-06-17,영업/정상
충북,꼬마 강아지,,"충청북도 충주시 금봉*길 **-**, *층 (용산동)",충청북도 충주시 용산동 ****-*,27403,2020-06-26,영업/정상
충북,더멍멍 충주점,,충청북도 충주시 칠금**길 ** (칠금동),충청북도 충주시 칠금동 ***,27354,2023-05-11,영업/정상
충북,싸다구펫,,"충청북도 충주시 계명대로 ***, *층 (연수동)",충청북도 충주시 연수동 ****-*,27372,2023-10-10,영업/정상
충북,골드애견,043-845-0079,충청북도 충주시 지현천변*길 **-* (지현동),충청북도 충주시 지현동 ***,27412,2008-07-24,영업/정상
충북,견우애견,043-846-8654,충청북도 충주시 사직로 *** (지현동),충청북도 충주시 지현동,27412,2008-12-02,영업/정상
충북,(주)더부루벨,043-841-1052,"충청북도 충주시 중원대로 **** (문화동, 이마트)",충청북도 충주시 문화동 ****,27407,2012-08-22,영업/정상
충북,(주)롯데마트(충주점),043-841-2500,"충청북도 충주시 봉계*길 ** (칠금동, 충주공용버스터미널)",충청북도 충주시 칠금동,27360,2012-09-03,영업/정상
충북,스타펫미팅,,충청북도 충주시 성서*길 **-* (성서동),충청북도 충주시 성서동 ***,27387,2013-09-16,영업/정상
충북,로얄수족관(이마트충주점),043-841-1052,충청북도 충주시 중원대로 **** (문화동),충청북도 충주시 문화동 ****,27407,2014-10-07,영업/정상
충북,나라애견,,충청북도 제천시 의림대로 *** (청전동),충청북도 제천시 청전동 **-*,27154,2010-10-25,영업/정상
충북,퍼피클럽,,,충청북도 제천시 화산동 ***-*,,2010-10-27,영업/정상
충북,미미애견,043-642-9950,"충청북도 제천시 내토로 ***, *층 (영천동)",충청북도 제천시 영천동 ***,27185,2015-08-04,영업/정상
충북,독스타엔모어웹,043-646-0313,충청북도 제천시 바이오밸리*로 *(왕암동),충청북도 제천시 왕암동 ***,27159,2021-08-10,영업/정상
충북,마이펫,,"충청북도 제천시 용두대로 **, *층 (하소동)",충청북도 제천시 하소동 ***-*,27160,2022-08-22,영업/정상
충북,야옹아멍멍해봐,043-644-0045,"충청북도 제천시 의림대로 ***-*, *층 (중앙로*가)",충청북도 제천시 중앙로*가 **-**,27166,2024-07-29,영업/정상
충북,별밤 펫프렌즈,,충청북도 옥천군 군북면 증약길 ***-*,충청북도 옥천군 군북면 증약리 ***-*,29001,2022-10-13,영업/정상
충북,강아지천국,,"충청북도 옥천군 이원면 이원*길 **, 교회",충청북도 옥천군 이원면 이원리 *** 교회,29063,2018-04-05,영업/정상
충북,쥬티 펫,043-731-0973,"충청북도 옥천군 옥천읍 문장로 **-*, *동",충청북도 옥천군 옥천읍 문정리 ***-* *동,29040,2017-12-15,영업/정상
충북,퍼피엔젤,043-742-5008,"충청북도 영동군 영동읍 계산로 **, 퍼피엔젤",충청북도 영동군 영동읍 계산리 ***-* 퍼피엔젤,29144,2014-04-02,영업/정상
충북,쥬티펫 영동점,,"충청북도 영동군 영동읍 계산로 **, 사무소 *층",충청북도 영동군 영동읍 계산리 ***-** *층,29144,2020-08-13,영업/정상
충북,OZ,,충청북도 영동군 황간면 민주지산로 ****,충청북도 영동군 황간면 소계리 ***-*,29115,2014-06-10,영업/정상
충북,이츠펫(진천점),043-536-0079,충청북도 진천군 진천읍 중앙서로 **,충청북도 진천군 진천읍 읍내리 ***-*,27833,2013-11-04,영업/정상
충북,내강아지&내야옹이,043-536-0066,충청북도 진천군 진천읍 중앙동로 ***,충청북도 진천군 진천읍 읍내리 ***-**,27849,2017-08-07,영업/정상
충북,야옹아멍멍해봐,,충청북도 진천군 진천읍 문화로 *** (동아골프존파크),충청북도 진천군 진천읍 성석리 ***,27849,2016-05-31,영업/정상
충북,이츠펫 광혜원점,043-536-0045,충청북도 진천군 광혜원면 장기길 *,충청북도 진천군 광혜원면 광혜원리 ***-*,27806,2018-03-19,영업/정상
충북,은하수,,충청북도 진천군 백곡면 대문길 ***-**,충청북도 진천군 백곡면 대문리 **-*,27824,2024-11-08,영업/정상
충북,또오개,043-535-5251,"충청북도 진천군 진천읍 중앙동로 ***, *층",충청북도 진천군 진천읍 읍내리 ***-**,27849,2018-11-19,영업/정상
충북,말티와푸들이사는집,,충청북도 음성군 생극면 차생로 ***,충청북도 음성군 생극면 생리 ***,,2011-11-11,영업/정상
충북,금왕테오애견용품점,043-882-8975,충청북도 음성군 금왕읍 음성로 ****,충청북도 음성군 금왕읍 무극리 ***-**,27628,2013-09-23,영업/정상
충북,우리 강아지가 말을 해요,043-883-2622,"충청북도 음성군 맹동면 대하로 ***, ***호",충청북도 음성군 맹동면 두성리 ****,27738,2016-03-28,영업/정상
충북,멍스펫,,"충청북도 음성군 금왕읍 대금로 ****, *층",충청북도 음성군 금왕읍 금석리 ***-**,27636,2019-06-13,영업/정상
충북,고래의꿈 수족관,043-877-2579,충청북도 음성군 맹동면 대하로 ***,충청북도 음성군 맹동면 두성리 ****,27738,2020-04-14,영업/정상
충남,퍼피하우스,,충청남도 천안시 서북구 동서대로 ***-* (성정동),충청남도 천안시 서북구 성정동,31135,2008-12-12,영업/정상
충남,아지사랑,041-582-2930,충청남도 천안시 서북구 성환읍 성환*로 **,충청남도 천안시 서북구 성환읍 성환리 ***-*,,2011-12-16,영업/정상
충남,새롬이네애견,,"충청남도 천안시 서북구 부성*길 **, ***호 (두정동,계룡타워)",충청남도 천안시 서북구 두정동 **** 계룡타워 ***호,,2012-01-18,영업/정상
충남,하룻강아지,,충청남도 천안시 서북구 직산읍 아랫말*길 **,충청남도 천안시 서북구 직산읍 삼은리 **-***,31037,2012-02-08,영업/정상
충남,쿨펫,,"충청남도 천안시 서북구 공원로 *** (불당동,펜타포트 이마트)",충청남도 천안시 서북구 불당동 **** 펜타포트 이마트,,2012-04-05,영업/정상
충남,주식회사 밀레펫(이마트 천안점),041-620-1052,충청남도 천안시 서북구 충무로 *** (쌍용동),충청남도 천안시 서북구 쌍용동 ***,,2012-08-09,영업/정상
충남,한강아쿠아 영어조합법인,031-527-4244,충청남도 천안시 서북구 성정두정로 * (성정동),충청남도 천안시 서북구 성정동 ****,,2012-09-07,영업/정상
충남,성정애견,,충청남도 천안시 서북구 쌍용**길 **-* (쌍용동),충청남도 천안시 서북구 쌍용동 ***,31172,2012-12-27,영업/정상
충남,로얄수족관,,"충청남도 천안시 서북구 삼성대로 ** (백석동, 지하 *층)",충청남도 천안시 서북구 백석동,31087,2013-11-14,영업/정상
충남,멍뭉하우스,,"충청남도 천안시 서북구 두정고*길 **, ***호 (두정동)",충청남도 천안시 서북구 두정동 ***호,31089,2015-05-30,영업/정상
충남,마벨펫 천안점,,"충청남도 천안시 서북구 불당**로 ***, 율곡스퀘어더에이스 *동 *층 ***호 (불당동)",충청남도 천안시 서북구 불당동 **** 율곡스퀘어더에이스 제*층 *동 ***호,31156,2017-06-23,영업/정상
충남,보스독,,"충청남도 천안시 서북구 새말*길 ** (쌍용동, 쌍용극동아파트)",충청남도 천안시 서북구 쌍용동 ***-*,31181,2017-08-29,영업/정상
충남,멍스마트 두정점,,"충청남도 천안시 서북구 원두정*길 *, *층 ***-*호 (두정동)",충청남도 천안시 서북구 두정동 ***,31107,2017-09-05,영업/정상
충남,천안고양이 분양 퍼스트캣 본점,,"충청남도 천안시 서북구 두정중*길 *-**, 송림빌딩 ***호 (두정동)",충청남도 천안시 서북구 두정동 **** 송림빌딩 ***호,31101,2018-08-10,영업/정상
충남,퍼피플레이스,,"충청남도 천안시 서북구 동서대로 ***-*, 성정열린상가 (성정동)",충청남도 천안시 서북구 성정동 **** 성정열린상가,31108,2018-08-27,영업/정상
충남,야옹아놀자,041-569-6363,충청남도 천안시 서북구 오성로 *** (성정동),충청남도 천안시 서북구 성정동 ****,31109,2019-05-24,영업/정상
충남,똥강아지,,충청남도 천안시 서북구 성거읍 성거길 **,충청남도 천안시 서북구 성거읍 천흥리 ***-**,31044,2019-10-17,영업/정상
충남,천안 강아지분양 고양이분양 나라애견불당점,,"충청남도 천안시 서북구 불당**로 **, 근린생활시설**동 *층 B***-*-*호 (불당동, 천안불당지웰시티푸르지오*단지)",충청남도 천안시 서북구 불당동 **** 천안불당지웰시티푸르지오*단지 근린**동 B***호,31156,2019-12-10,영업/정상
충남,(주)코스모스이펙트,02-6212-8587,"충청남도 천안시 서북구 봉정로 ***, 성정빌딩 *층 (성정동)",충청남도 천안시 서북구 성정동 ***-** 성정빌딩,31145,2019-12-19,영업/정상
충남,멍플레이스,,"충청남도 천안시 서북구 두정고*길 **-**, ***호 (두정동)",충청남도 천안시 서북구 두정동 **** ***호,31089,2020-02-07,영업/정상
충남,케이나인 트레이닝 센터,,"충청남도 천안시 서북구 입장면 하장*길 **, 케이나인 트레이닝 센터 *층",충청남도 천안시 서북구 입장면 하장리 **-**,31055,2021-06-24,영업/정상
충남,패밀리 동행,,"충청남도 천안시 서북구 미라*길 **, 글로벌빌딩 *동 *층 (쌍용동)",충청남도 천안시 서북구 쌍용동 ****,31155,2021-08-11,영업/정상
충남,천안 강아지분양 고양이분양 도그마루,1566-8713,"충청남도 천안시 서북구 불당**대로 **, 마블러스티타워 *동 *층 ***호·***호·***호 (불당동)",충청남도 천안시 서북구 불당동 ****-* *동 *층 ***호·***호·***호,31156,2021-11-02,영업/정상
충남,드림독 강아지분양 안심분양센터 천안불당점,,"충청남도 천안시 서북구 불당**길 *, 베스트타워 *층 ***호 (불당동)",충청남도 천안시 서북구 불당동 **** ***호,31156,2022-02-03,영업/정상
충남,행복수족관,,충청남도 천안시 서북구 쌍용대로 **(쌍용동),충청남도 천안시 서북구 쌍용동 ****,31155,2022-02-07,영업/정상
충남,딩굴댕굴 애견호텔 유치원,,"충청남도 천안시 서북구 성정두정로 ***, 열매빌딩 (두정동)",충청남도 천안시 서북구 두정동 **** 열매빌딩,31102,2022-02-16,영업/정상
충남,늘푸른동물펫케어주식회사,,충청남도 천안시 서북구 쌍용대로 ***(성정동),충청남도 천안시 서북구 성정동 ***-*,31133,2022-06-23,영업/정상
충남,퍼피온리,,"충청남도 천안시 서북구 성정공원*길 *, ***호 (성정동)",충청남도 천안시 서북구 성정동 ****,31110,2023-05-18,영업/정상
충남,햄토피아 천안 불당점,,충청남도 천안시 서북구 불당**로 *** (불당동),충청남도 천안시 서북구 불당동 ****,31156,2023-08-03,영업/정상
충남,천안강아지분양 애견입양 아이러브독,,"충청남도 천안시 서북구 불당*로 ***, 비**,**호 (불당동, 불당트윈팰리스)",충청남도 천안시 서북구 불당동 *** 불당트윈팰리스,31163,2023-09-26,영업/정상
충남,퍼피댕 안심분양소 강아지분양 애견입양 천안아산점,,"충청남도 천안시 서북구 불당**로 **-**, ***호 (불당동)",충청남도 천안시 서북구 불당동 ****,31156,2023-11-14,영업/정상
충남,천안강아지분양 우리집퍼피 천안아산본점 (하이도그),,"충청남도 천안시 서북구 불당**로 ***, W타워 ***호 (불당동)",충청남도 천안시 서북구 불당동 **** W타워,31156,2024-02-22,영업/정상
충남,파밀리에드마스코타 천안두정점 천안강아지분양 천안고양이분양,,"충청남도 천안시 서북구 성정두정로 **, 초록연 *층 (두정동)",충청남도 천안시 서북구 두정동 **** 초록연,31101,2024-03-15,영업/정상
충남,펫엔글라이더 천안점,,충청남도 천안시 서북구 성거읍 망향로 ***,충청남도 천안시 서북구 성거읍 요방리 ***-**,31053,2024-04-09,영업/정상
충남,성환애견 백화점,,"충청남도 천안시 서북구 성환읍 성환*로 **, *층",충청남도 천안시 서북구 성환읍 성환리 ***-*,31018,2024-08-09,영업/정상
충남,캣플 천안불당점,,"충청남도 천안시 서북구 불당**로 **-*, B층 **~**,**호 (불당동)",충청남도 천안시 서북구 불당동 ****-*,31156,2024-08-23,영업/정상
충남,천안고양이분양 베스트캣 제나캣 천안점,,"충청남도 천안시 서북구 두정중*길 *-*, *층 ***호 (두정동)",충청남도 천안시 서북구 두정동 **** 오우가 ***호,31101,2024-10-23,영업/정상
충남,천안 강아지분양 고양이분양 베베펫,1577-3401,"충청남도 천안시 서북구 원두정*길 **, 도정빌딩 *층 (두정동)","충청남도 천안시 서북구 두정동 *** 도정빌딩, *층 전체",31107,2025-05-08,영업/정상
충남,냥이마루,,"충청남도 천안시 서북구 서부대로 ***, *층 ***호 (성정동)",충청남도 천안시 서북구 성정동 **** ***호,31108,2025-09-12,영업/정상
충남,바우와우,,충청남도 천안시 동남구 대흥로 *** (신부동),충청남도 천안시 동남구 신부동 ***-*,31122,2008-11-24,영업/정상
충남,톰과 제리,,충청남도 천안시 동남구 대흥로 ***-* (성황동),충청남도 천안시 동남구 성황동 ***-**,31144,2009-04-23,영업/정상
충남,멍멍클럽,,충청남도 천안시 동남구 대흥로 *** (성황동),충청남도 천안시 동남구 성황동 **-***,31122,2010-05-14,영업/정상
충남,VIP애견,,충청남도 천안시 동남구 풍세로 *** (청당동),충청남도 천안시 동남구 청당동 ***-*,31201,2015-05-06,영업/정상
충남,펫 포포즈,,충청남도 천안시 동남구 대흥로 *** (성황동),충청남도 천안시 동남구 성황동 **-**,31122,2016-04-16,영업/정상
충남,야옹아멍멍해봐(원성점),041-562-0049,충청남도 천안시 동남구 충절로 *** (원성동),충청남도 천안시 동남구 원성동 ***-*,31186,2017-04-04,영업/정상
충남,로베르토폼,,충청남도 천안시 동남구 대흥로 **-* (구성동),충청남도 천안시 동남구 구성동 ***,31191,2017-05-12,영업/정상
충남,나무타는고양이 구경하는강아지,,충청남도 천안시 동남구 풍세면 미죽로 **,충청남도 천안시 동남구 풍세면 남관리 *-**,31213,2017-07-03,영업/정상
충남,천안 강아지분양 고양이분양 나라애견본점,041-568-0079,"충청남도 천안시 동남구 대흥로 ***, 수평빌딩 (성황동)",충청남도 천안시 동남구 성황동 **-** 수평빌딩,31121,2018-02-08,영업/정상
충남,재리쥬,,충청남도 천안시 동남구 병천면 도원리*길 **-**,충청남도 천안시 동남구 병천면 도원리 **-*,31255,2019-05-23,영업/정상
충남,와우애견,,"충청남도 천안시 동남구 원거리*길 *, *층 (원성동)",충청남도 천안시 동남구 원성동 ***-* 열린교회,31186,2022-06-29,영업/정상
충남,천안 고양이분양 네코냥 천안점,,"충청남도 천안시 서북구 월봉*길 **, *층 ***호 (쌍용동)",충청남도 천안시 서북구 쌍용동 **** ***호,31179,2026-03-25,영업/정상
충남,다온입양센터 천안점 강아지분양 고양이분양,,"충청남도 천안시 서북구 불당**로 ***, *층 ***호 (불당동)",충청남도 천안시 서북구 불당동 ****-* ***호,31156,2026-04-16,영업/정상
충남,금비동물병원,041-856-8082,충청남도 공주시 관골*길 ** (신관동),충청남도 공주시 신관동 ***-*,32575,2008-10-10,영업/정상
충남,도그테일러,,충청남도 공주시 번영*로 ** (신관동),충청남도 공주시 신관동 ***-*,32575,2026-03-25,영업/정상
충남,야옹아멍멍해봐,,충청남도 공주시 번영*로 ** (신관동),,32584,2015-08-12,영업/정상
충남,명화애견유치원,,충청남도 공주시 금벽로 **** (석장리동),,32591,2016-09-23,영업/정상
충남,치포독,,충청남도 공주시 계룡면 상봉길 **-***,충청남도 공주시 계룡면 기산리 ***-*,32613,2016-11-07,영업/정상
충남,월드애견스쿨(멍스데이)(뉴펫하우스),,충청남도 공주시 우성면 공수원로 **-**,충청남도 공주시 우성면 용봉리 ***,32533,2017-08-07,영업/정상
충남,준켄넬,,충청남도 공주시 계룡면 차령로 ***-**,충청남도 공주시 계룡면 상성리 ***,32617,2018-04-26,영업/정상
충남,호두네,041-856-0049,충청남도 공주시 번영*로 ** (신관동),충청남도 공주시 신관동 ***-*,32575,2018-07-02,영업/정상
충남,구암켄넬,,충청남도 공주시 이인면 달밭*길 ***-**,충청남도 공주시 이인면 달산리 ***,32607,2018-08-31,영업/정상
충남,바둑이 애견,,"충청남도 공주시 무령로 ***, *층 *호 (반죽동)",충청남도 공주시 반죽동 *-*,32546,2024-11-26,영업/정상
충남,몽스토리,,충청남도 공주시 정안면 하정안길 **-**,충청남도 공주시 정안면 화봉리 ***-*,32514,2015-07-31,영업/정상
충남,서울아쿠아룸,,"충청남도 보령시 명암*길 **, 홈플러스 보령점 내 *층 (동대동)",충청남도 보령시 동대동 ***-**,33430,2012-08-27,영업/정상
충남,야옹아 멍멍해봐,041-932-0038,충청남도 보령시 한내로 **(동대동),충청남도 보령시 동대동 ***-**,33433,2022-06-09,영업/정상
충남,우리강아지,,충청남도 보령시 중앙로 *** (대천동),,33455,2017-01-19,영업/정상
충남,로얄수족관,,충청남도 아산시 온천대로 **** (풍기동),충청남도 아산시 풍기동 ***-*,,2012-08-21,영업/정상
충남,달빛고양이,,"충청남도 아산시 배방읍 광장로 ***, ***동 C***호 (요진 와이시티)",충청남도 아산시 배방읍 장재리 **** 요진 와이시티,31471,2015-11-05,영업/정상
충남,이츠펫 온양점,041-544-0049,충청남도 아산시 온천대로 ****-* (방축동),충청남도 아산시 방축동 ***-*,31504,2017-06-19,영업/정상
충남,야옹아 멍멍해봐 아산점,,충청남도 아산시 온천대로 **** (모종동),충청남도 아산시 모종동 **-*,31528,2018-07-30,영업/정상
충남,농업회사법인 에덴도그파크주식회사,,충청남도 아산시 도고면 온천대로 ***-**,충청남도 아산시 도고면 와산리 **-*,31547,2020-03-03,영업/정상
충남,야옹아 멍멍해봐 탕정점,041-533-0279,"충청남도 아산시 탕정면 매곡로 **-*, ***호",충청남도 아산시 탕정면 매곡리 ***-**,31461,2021-12-13,영업/정상
충남,원더플독,,충청남도 아산시 어의정로**번길 *-**(온천동),충청남도 아산시 온천동 ***,31570,2023-03-16,영업/정상
충남,엔젤인어항,,"충청남도 아산시 남산로 **, 보정빌딩 *층 ***호 (온천동)",충청남도 아산시 온천동 ***-**,31573,2023-10-12,영업/정상
충남,골든햄스터 분양 탬펫 충남아산점,,"충청남도 아산시 배방읍 북수로 **, 강남빌딩 ***호",충청남도 아산시 배방읍 북수리 **** 강남빌딩,31490,2024-08-23,영업/정상
충남,Angel Dog,,"충청남도 아산시 청운로 ***, 풍경채 *층 (권곡동)",충청남도 아산시 권곡동 ***-**,31515,2025-11-05,영업/정상
충남,한강아쿠아영어조합법인,031-527-4244,충청남도 서산시 충의로 ** (갈산동),충청남도 서산시 예천동 ***-**,,2012-09-17,영업/정상
충남,야옹아 멍멍해봐 강아지고양이 충남서산점,041-664-0049,충청남도 서산시 율지**로 ** (동문동),충청남도 서산시 동문동 ***-*,31993,2016-07-05,영업/정상
충남,보리네,,충청남도 서산시 운산면 운암로 ****,충청남도 서산시 운산면 용장리 ***-*,31945,2024-11-18,영업/정상
충남,언제나맑음수족관,,"충청남도 서산시 덕지천로 **, *층 (석남동)",충청남도 서산시 석남동 **-*,31995,2026-08-03,영업/정상
충남,하이멍뭉,,"충청남도 논산시 중앙로 ***, *층 (내동)",충청남도 논산시 내동 ***,32989,2026-05-13,영업/정상
충남,알곡켄넬,,충청남도 논산시 부적면 충곡로***번길 **-**,충청남도 논산시 부적면 충곡리 ***,32916,2016-09-06,영업/정상
충남,논산애견,,충청남도 논산시 체육로 ***(취암동),충청남도 논산시 취암동 **,32984,2018-05-08,영업/정상
충남,프로펫 본점,,충청남도 논산시 중앙로 ***-* (취암동),충청남도 논산시 취암동 ***,32954,2019-02-12,영업/정상
충남,새롬애견,,충청남도 논산시 해월로***번길 * (화지동),충청남도 논산시 화지동 **-*,32965,2008-04-04,영업/정상
충남,서울아쿠아룸(홈플러스 논산점),,충청남도 논산시 시민로 *** (내동),충청남도 논산시 내동 ***-*,,2012-09-05,영업/정상
충남,야옹아멍멍해봐 황산애견점,,충청남도 논산시 중앙로 *** (취암동),충청남도 논산시 취암동 ***-*,32954,2008-03-14,영업/정상
충남,황굼,,충청남도 금산군 진산면 사갑길 ***,충청남도 금산군 진산면 만악리 ***-*,32706,2024-04-26,영업/정상
충남,보율,,충청남도 금산군 복수면 수영길 ***,충청남도 금산군 복수면 수영리 ***-*,32701,2021-08-17,영업/정상
충남,쥬티애견 금산점,041-754-0974,충청남도 금산군 금산읍 비단로 ***,충청남도 금산군 금산읍 상리 *-*,32732,2021-02-16,영업/정상
충남,캣패밀리,,"충청남도 부여군 부여읍 백제문화로***번길 **-**, *동 *호",충청남도 부여군 부여읍 자왕리 ***-*,33128,2026-04-15,영업/정상
충남,애견나라,,충청남도 부여군 부여읍 성왕로 ***,충청남도 부여군 부여읍 구아리 ***-*,33146,2018-06-20,영업/정상
충남,냥이야놀자,,충청남도 부여군 구룡면 흥수로***번길 **,충청남도 부여군 구룡면 구봉리 ***,33189,2018-09-27,영업/정상
충남,우아펫,,"충청남도 부여군 부여읍 백제문화로***번길 **-**, *동",충청남도 부여군 부여읍 자왕리 ***-*,33128,2026-03-13,영업/정상
충남,판앤팜치유정원,,충청남도 부여군 옥산면 신안로**번길 **,충청남도 부여군 옥산면 신안리 ***-*,33205,2026-04-08,영업/정상
충남,다온펫,,"충청남도 서천군 서천읍 사곡로**번길 *, 상가동 *층 (서천클래시움아파트)",충청남도 서천군 서천읍 사곡리 *** 서천클래시움아파트 상가동 ***호,33636,2018-01-12,영업/정상
충남,꽃피다,,충청남도 청양군 목면 칠갑산로 ****-**,충청남도 청양군 목면 송암리 **-*,33357,2017-01-02,영업/정상
충남,명지농원,,충청남도 청양군 운곡면 방축길 ***-**,충청남도 청양군 운곡면 위라리 ***-*,33320,2021-11-11,영업/정상
충남,폴드나라,,충청남도 청양군 운곡면 안골길 ***,충청남도 청양군 운곡면 신대리 **-*,33315,2026-04-21,영업/정상
충남,청양수경,,충청남도 청양군 정산면 와촌들길 ***-**,충청남도 청양군 정산면 와촌리 ***-*,33349,2021-12-02,영업/정상
충남,옐캐터리,,,충청남도 청양군 화성면 구재리 *** 옐캐터리,,2025-08-18,영업/정상
충남,숑패밀리,,충청남도 청양군 운곡면 청신로 ****-***,충청남도 청양군 운곡면 광암리 ***,33313,2025-04-07,영업/정상
충남,정골농장,,충청남도 청양군 정산면 정골길 **-**,충청남도 청양군 정산면 덕성리 ***-*,33350,2023-01-13,영업/정상
충남,개최고,041-633-8009,충청남도 홍성군 홍성읍 홍성천길 ***,충청남도 홍성군 홍성읍 오관리 ***-*,32236,2016-08-03,영업/정상
충남,show dog,,충청남도 홍성군 홍북읍 애향*길 *,충청남도 홍성군 홍북읍 신경리 ***,32257,2017-11-03,영업/정상
충남,로망스켄넬,,충청남도 홍성군 결성면 백야로***번길 **-*,충청남도 홍성군 결성면 형산리 ***-**,32209,2019-02-22,영업/정상
충남,쇼독(Show dog),,충청남도 홍성군 홍북읍 애향*길 *,충청남도 홍성군 홍북읍 신경리 ***,32257,2019-03-05,영업/정상
충남,프란체스코켄빌,,충청남도 홍성군 홍북읍 이응노로 ***-**,충청남도 홍성군 홍북읍 중계리 ***-*,32251,2019-09-26,영업/정상
충남,show dog,041-633-6631,충청남도 홍성군 홍북읍 애향*길 *,충청남도 홍성군 홍북읍 신경리 ***,32257,2020-05-22,영업/정상
충남,제이독,,충청남도 홍성군 금마면 금마로***번길 **-*,충청남도 홍성군 금마면 덕정리 ***,32281,2020-11-26,영업/정상
충남,해피쿤,,충청남도 홍성군 금마면 홍양길**번길 ***-**,충청남도 홍성군 금마면 송암리 ***,32282,2021-02-08,영업/정상
충남,퍼피아이러브유(필리),,"충청남도 홍성군 홍북읍 의향로 ***, 세종의료빌딩 ***호",충청남도 홍성군 홍북읍 신경리 *** 세종의료빌딩 ***호,32256,2025-09-30,영업/정상
충남,개 최고,,충청남도 홍성군 홍성읍 홍성천길 ***,충청남도 홍성군 홍성읍 오관리 ***-* 홍성숯불갈비,32236,2018-05-04,영업/정상
충남,야옹아 멍멍 해바,,충청남도 홍성군 홍성읍 조양로 ***-*,충청남도 홍성군 홍성읍 오관리 ***-*,32231,2018-09-18,영업/정상
충남,바나바스,,충청남도 홍성군 금마면 철마산길 ***-**,충청남도 홍성군 금마면 화양리 ***-*,32280,2018-10-31,영업/정상
충남,야옹아 멍멍해봐,041-634-8660,충청남도 홍성군 홍성읍 조양로 ***-*,충청남도 홍성군 홍성읍 오관리 ***-*,32231,2008-10-22,영업/정상
충남,퍼피멜로디,,충청남도 예산군 삽교읍 충의로 ***,충청남도 예산군 삽교읍 상하리 ***-**,32411,2024-11-01,영업/정상
충남,㈜제이케이트레이드,,충청남도 예산군 광시면 광시동로 **-**,충청남도 예산군 광시면 시목리 ***,32456,2024-09-10,영업/정상
충남,(주)우연컴퍼니,,"충청남도 예산군 예산읍 향천삽티길 **-*, *층",충청남도 예산군 예산읍 향천리 ***,32439,2022-11-25,영업/정상
충남,펫빌리지,070-8655-9316,"충청남도 태안군 태안읍 그절미길 *-**, *층",충청남도 태안군 태안읍 장산리 ***-*,32145,2024-03-15,영업/정상
전북,멍멍아 놀자,063-283-9500,전북특별자치도 전주시 완산구 거마평로 *** (효자동*가),전북특별자치도 전주시 완산구 효자동*가 ***,55054,2013-10-23,영업/정상
전북,서울아쿠아룸(이마트전주점),,"전북특별자치도 전주시 완산구 당산로 ***, E마트 (서신동)",전북특별자치도 전주시 완산구 서신동 *** E마트,54949,2013-10-25,영업/정상
전북,헬로펫 강아지분양 고양이분양 전주본점,,전북특별자치도 전주시 완산구 거마평로 *** (효자동*가),전북특별자치도 전주시 완산구 효자동*가 ***,55054,2014-02-10,영업/정상
전북,애니몰하우스,,전북특별자치도 전주시 완산구 봉곡로 * (효자동*가),전북특별자치도 전주시 완산구 효자동*가 ****-*,55060,2014-04-07,영업/정상
전북,로얄펫 강아지분양 고양이분양 전주본점,063-275-0720,전북특별자치도 전주시 덕진구 기린대로 *** (덕진동*가),전북특별자치도 전주시 덕진구 덕진동*가 ***-*,54888,2015-03-31,영업/정상
전북,펫365 전주본점 강아지 고양이 분양,,전북특별자치도 전주시 완산구 서원로 * (효자동*가),전북특별자치도 전주시 완산구 효자동*가 ****-*,55060,2015-10-16,영업/정상
전북,펫샵,,"전북특별자치도 전주시 완산구 거마평로 ***, ***호 (효자동*가)",전북특별자치도 전주시 완산구 효자동*가 ***-** ***호,55054,2016-07-25,영업/정상
전북,개린이집 강아지분양 고양이분양 전주본점,063-901-6002,전북특별자치도 전주시 완산구 서원로 *** (효자동*가),전북특별자치도 전주시 완산구 효자동*가 *-*,55050,2017-05-17,영업/정상
전북,수아리아리애견,063-222-2073,"전북특별자치도 전주시 완산구 성지산로 **, *층 (삼천동*가)",전북특별자치도 전주시 완산구 삼천동*가 ***-*,55084,2008-06-18,영업/정상
전북,어도러블 펫(ADORABLE PET),,전북특별자치도 전주시 덕진구 삼례로 **-** (고랑동),전북특별자치도 전주시 덕진구 고랑동 ***-**,54811,2012-04-03,영업/정상
전북,서울아쿠아룸,,"전북특별자치도 전주시 덕진구 백제대로 *** (우아동*가, 홈플러스)",전북특별자치도 전주시 덕진구 우아동*가 ***-*,54909,2012-08-23,영업/정상
전북,서울아쿠아룸,,"전북특별자치도 전주시 완산구 용머리로 ** (효자동*가, 홈플러스)",전북특별자치도 전주시 완산구 효자동*가 ***-*,55056,2012-08-23,영업/정상
전북,(주)롯데마트(전주점),031-527-4244,"전북특별자치도 전주시 완산구 우전로 *** (효자동*가, 롯데마트)",전북특별자치도 전주시 완산구 효자동*가 ****-*,54966,2012-08-29,영업/정상
전북,미니퍼피 강아지분양 가정견사 직영점,,전북특별자치도 전주시 완산구 중화산로 *** (중화산동*가),전북특별자치도 전주시 완산구 중화산동*가 ***-*,54972,2020-03-10,영업/정상
전북,랙돌캐터리 아이돌스 전주고양이분양,,전북특별자치도 전주시 덕진구 견훤로 *** (우아동*가),전북특별자치도 전주시 덕진구 우아동*가 ***-**,54911,2020-07-22,영업/정상
전북,에이스 캣,,"전북특별자치도 전주시 덕진구 송천*길 **-*, *층 (송천동*가)",전북특별자치도 전주시 덕진구 송천동*가 ***-**,54833,2020-07-27,영업/정상
전북,고양이 별,,"전북특별자치도 전주시 덕진구 안골*길 *, *층 (인후동*가)",전북특별자치도 전주시 덕진구 인후동*가 ***-*,54913,2020-08-31,영업/정상
전북,펫365 전주백제대로점 강아지 고양이 분양,,"전북특별자치도 전주시 완산구 백제대로 ***, *층 (중화산동*가)",전북특별자치도 전주시 완산구 중화산동*가 ***-*,54977,2023-03-21,영업/정상
전북,온퍼피 강아지분양 전주본점,,"전북특별자치도 전주시 완산구 중화산로 **, *층 (중화산동*가)",전북특별자치도 전주시 완산구 중화산동*가 ***-**,54977,2023-06-12,영업/정상
전북,묘해묘해 전주고양이분양 전문 전주점,,"전북특별자치도 전주시 완산구 홍산남로 **-*, *층 (효자동*가)",전북특별자치도 전주시 완산구 효자동*가 ****-*,54966,2023-07-04,영업/정상
전북,로얄펫 강아지분양 고양이분양 전주점,063-905-8990,"전북특별자치도 전주시 완산구 백제대로 ***, 놀부보쌈 *층 (중화산동*가)",전북특별자치도 전주시 완산구 중화산동*가 ***-* 놀부보쌈,54980,2023-08-01,영업/정상
전북,전주 햄스터,,전북특별자치도 전주시 완산구 평화*길 ** (평화동*가),전북특별자치도 전주시 완산구 평화동*가 ***-*,55125,2023-09-26,영업/정상
전북,고양이카페 아이캣유,,"전북특별자치도 전주시 완산구 홍산로 ***, *층 ***호 (효자동*가)",전북특별자치도 전주시 완산구 효자동*가 ****-*,54966,2024-04-19,영업/정상
전북,블리독 전주점 고양이강아지분양 말티푸 미니비숑포메라니안,,"전북특별자치도 전주시 완산구 서곡*길 **-**, *층 (효자동*가)",전북특별자치도 전주시 완산구 효자동*가 ****-*,54956,2024-05-13,영업/정상
전북,퍼피랩 강아지분양 고양이분양 전주본점,063-255-5040,"전북특별자치도 전주시 덕진구 동부대로 ****, *층 (송천동*가)",전북특별자치도 전주시 덕진구 송천동*가 ***-**,54828,2024-06-13,영업/정상
전북,티나펫 강아지분양 고양이분양 전주본점,,"전북특별자치도 전주시 완산구 용머리로 **, *층 (효자동*가)",전북특별자치도 전주시 완산구 효자동*가 ***,55054,2024-08-14,영업/정상
전북,해피냥,,"전북특별자치도 전주시 덕진구 시천로 **, *층 (송천동*가)",전북특별자치도 전주시 덕진구 송천동*가 ***-**,54832,2024-11-19,영업/정상
전북,냥이는꿀꿀,,전북특별자치도 전주시 완산구 전주객사*길 ** (고사동),전북특별자치도 전주시 완산구 고사동 ***-*,54999,2024-12-06,영업/정상
전북,파충류카페 보담,,"전북특별자치도 전주시 완산구 호암로 **, ***호 (효자동*가)",전북특별자치도 전주시 완산구 효자동*가 ****-*,55062,2025-07-14,영업/정상
전북,프리미엄고양이분양 모나미네코 전주점,,"전북특별자치도 전주시 완산구 효자로 **, ***호 (효자동*가)",전북특별자치도 전주시 완산구 효자동*가 ****-*,54965,2025-07-30,영업/정상
전북,전주강아지분양 고양이분양 도그마루,,"전북특별자치도 전주시 완산구 당산로 ***, *층 ***호 (서신동)",전북특별자치도 전주시 완산구 서신동 ***-*,54950,2025-09-29,영업/정상
전북,(주)애니멀케어팜,,"전북특별자치도 전주시 덕진구 건산로 **, *층 (진북동)",전북특별자치도 전주시 덕진구 진북동 ***-*,55003,2026-08-28,영업/정상
전북,햄스토어,,"전북특별자치도 전주시 완산구 후곡길 **-**, ***호 (효자동*가)",전북특별자치도 전주시 완산구 효자동*가 ****-**,55063,2026-04-07,영업/정상
전북,월드애견,,전북특별자치도 군산시 중앙로 ** (장재동),전북특별자치도 군산시 장재동 ***-*,54038,2013-04-29,영업/정상
전북,펫앤캣,,전북특별자치도 군산시 칠성로 *** (산북동),,54162,2015-11-26,영업/정상
전북,아임독애견샵,,"전북특별자치도 군산시 대학로 ***-* (문화동, 광주문구)",전북특별자치도 군산시 문화동 ***-**,54112,2012-08-13,영업/정상
전북,퍼피라이프,,전북특별자치도 군산시 중앙로 ** (대명동),전북특별자치도 군산시 대명동 ***-**,54040,2018-08-10,영업/정상
전북,엔젤아쿠아펫가든,,"전북특별자치도 군산시 문화로 ***-*, *층 (수송동)",전북특별자치도 군산시 수송동 *-***,54084,2018-09-21,영업/정상
전북,퍼피하우스,,"전북특별자치도 군산시 대학로 ***, 한복맞춤대여전문점 (문화동)",전북특별자치도 군산시 문화동 ***-* 한복맞춤대여전문점,54133,2019-04-11,영업/정상
전북,놀러오개,063-446-0311,"전북특별자치도 군산시 미원로 ***-*, 놀러오개 (미원동)",전북특별자치도 군산시 미원동 *** 놀러오개,54028,2020-02-18,영업/정상
전북,한강아쿠아영어조합법인 롯데마트 군산점,031-527-4244,"전북특별자치도 군산시 수송로 ***, 롯데마트 *층 (수송동)",전북특별자치도 군산시 수송동 *** 롯데마트 *층,54091,2022-08-27,영업/정상
전북,(주)우연컴퍼니,,"전북특별자치도 군산시 팔마로 ***, *층 (서흥남동)",전북특별자치도 군산시 서흥남동 ***-*,54083,2023-01-03,영업/정상
전북,퍼피럽 강아지분양 고양이분양 군산본점,,"전북특별자치도 군산시 문화로 ***, ***호 (경장동)",전북특별자치도 군산시 경장동 ***-**,54085,2023-01-19,영업/정상
전북,하이퍼피 강아지분양 고양이분양 군산본점,,"전북특별자치도 군산시 의료원로 **, *동 ***호 (지곡동)",전북특별자치도 군산시 지곡동 ***-*,54103,2024-01-04,영업/정상
전북,꿈꾸는개,,전북특별자치도 군산시 미원로 *** (미원동),전북특별자치도 군산시 미원동 ***,54039,2025-05-09,영업/정상
전북,군산 고양이카페 아이캣유,063-732-0202,"전북특별자치도 군산시 경촌안*길 **, 경암동철길마을 상가 ** *층 (경암동)",전북특별자치도 군산시 경암동 ***-* 경암동철길마을 상가 **,54033,2025-06-13,영업/정상
전북,고롱고롱,063-732-2628,"전북특별자치도 군산시 계산로 **, 메가플레이스 *층 ***호 (지곡동)",전북특별자치도 군산시 지곡동 ***-* ***호,54106,2025-12-02,영업/정상
전북,피터펫 강아지분양 고양이분양 군산본점,,"전북특별자치도 군산시 궁포*로 *, 페이지투상가 *층 ***호 (조촌동)",전북특별자치도 군산시 조촌동 *-** ***호,54072,2025-12-19,영업/정상
전북,멍이냥이펫,,전북특별자치도 군산시 미장*길 ** (미장동),전북특별자치도 군산시 미장동 ***-**,54096,2026-06-10,영업/정상
전북,서울아쿠아룸,,전북특별자치도 군산시 구암*.*로 *** (경암동),전북특별자치도 군산시 경암동 ***-***,54032,2012-08-10,영업/정상
전북,예삐애견,063-833-9111,전북특별자치도 익산시 무왕로 **** (부송동),전북특별자치도 익산시 부송동 ***-**,54557,2008-04-02,영업/정상
전북,애견코리아,063-857-2298,전북특별자치도 익산시 익산대로 *** (창인동*가),전북특별자치도 익산시 창인동*가 **-**,54593,2008-04-02,영업/정상
전북,핫도그,063-832-7142,전북특별자치도 익산시 무왕로**길 * (부송동),전북특별자치도 익산시 부송동 ***-**,54554,2008-04-02,영업/정상
전북,우리들애견,063-835-7117,전북특별자치도 익산시 무왕로 **** (부송동),전북특별자치도 익산시 부송동 ***,54562,2008-04-02,영업/정상
전북,(주)롯데마트(익산점),063-570-2500,전북특별자치도 익산시 무왕로 **** (영등동),전북특별자치도 익산시 영등동 ***-*,,2012-09-05,영업/정상
전북,당당이 애견,063-833-0724,전북특별자치도 익산시 익산대로 *** (창인동*가),전북특별자치도 익산시 창인동*가 **-**,,2012-10-16,영업/정상
전북,페르시안캣,,"전북특별자치도 익산시 익산대로**길 *, *층 (남중동)",전북특별자치도 익산시 남중동 ***-* *층,54618,2013-08-19,영업/정상
전북,헬로멍멍,,"전북특별자치도 익산시 고봉로**길 **, ***동 ***층 (영등동, 우남샘물타운상가)",전북특별자치도 익산시 영등동 *** 우남샘물타운상가 ***동 ***호,54544,2015-01-12,영업/정상
전북,꽃님이네,,전북특별자치도 익산시 삼기면 용연길 ***-**,전북특별자치도 익산시 삼기면 용연리 ***,54528,2016-08-12,영업/정상
전북,야옹아멍멍해봐(전북 익산점),063-835-9080,"전북특별자치도 익산시 인북로 ***, 코리아나빌딩 (갈산동)",전북특별자치도 익산시 갈산동 ***-* 코리아나빌딩,54595,2018-08-01,영업/정상
전북,쓰담쓰담,,"전북특별자치도 익산시 고봉로 ***, *층 (영등동)",전북특별자치도 익산시 영등동 ***-*,54644,2018-08-29,영업/정상
전북,귀엽개,063-832-2345,전북특별자치도 익산시 궁동로 ** (영등동),전북특별자치도 익산시 영등동 ***-*,54546,2019-02-28,영업/정상
전북,꽁냥꽁냥,,전북특별자치도 익산시 하나로*길 ** (어양동),전북특별자치도 익산시 어양동 ***-*,54553,2019-10-10,영업/정상
전북,날 데려가주 개,,전북특별자치도 익산시 부송*로 *** (부송동),전북특별자치도 익산시 부송동 ***-**,54558,2021-03-26,영업/정상
전북,로얄펫,,전북특별자치도 익산시 익산대로 *** (창인동*가),전북특별자치도 익산시 창인동*가 **-*,54593,2021-04-30,영업/정상
전북,익산원펫,063-917-5001,"전북특별자치도 익산시 황등면 황등로 ***, *층",전북특별자치도 익산시 황등면 황등리 ***-**,54533,2022-01-04,영업/정상
전북,조으냥,,"전북특별자치도 익산시 황등면 황등로 ***-*, *층",전북특별자치도 익산시 황등면 황등리 ***-* 영신지업사,54533,2022-06-29,영업/정상
전북,익산고양이분양 인생내캣,,전북특별자치도 익산시 서동로*길 **(동산동),전북특별자치도 익산시 동산동 ***-*,54607,2023-02-10,영업/정상
전북,제이앤제이그루밍,,"전북특별자치도 익산시 무왕로**길 *, 부송동제일아파트 상가 (부송동)",전북특별자치도 익산시 부송동 **** 부송동제일아파트,54550,2023-03-27,영업/정상
전북,봄꽃햄스터,,"전북특별자치도 익산시 배산로 **, *층 (송학동)",전북특별자치도 익산시 송학동 ***-**,54664,2023-06-23,영업/정상
전북,개멋지개,,전북특별자치도 익산시 주현로*길 ** (마동),전북특별자치도 익산시 마동 ***-**,54598,2023-08-06,영업/정상
전북,익산 고양이카페 아이캣유,063-918-5113,"전북특별자치도 익산시 평동로 ***, *층 (평화동)",전북특별자치도 익산시 평화동 *** 진영유공압,54674,2023-11-05,영업/정상
전북,HAPPY PAW,,전북특별자치도 익산시 월성*길 ** (월성동),전북특별자치도 익산시 월성동 ***-*,54531,2026-05-18,영업/정상
전북,고양이카페 아이캣유,063-723-3325,전북특별자치도 익산시 고봉로**길 ** (영등동),전북특별자치도 익산시 영등동 ***-**,54545,2026-06-04,영업/정상
전북,강아지나라 강아지분양 익산점,063-853-5222,전북특별자치도 익산시 익산대로 *** (창인동*가),전북특별자치도 익산시 창인동*가 **-**,54593,2008-04-02,영업/정상
전북,마을애견,,,전북특별자치도 정읍시 감곡면 승방리 **-*,,2008-09-26,영업/정상
전북,태인 애견,,전북특별자치도 정읍시 태인면 박서*길 **-**,전북특별자치도 정읍시 태인면 박산리 **-*,56113,2020-03-26,영업/정상
전북,한강아쿠아영어조합법인(롯데마트 정읍점),,전북특별자치도 정읍시 벚꽃로 ** (농소동),전북특별자치도 정읍시 농소동 ***-*,,2012-08-31,영업/정상
전북,The Pet,,전북특별자치도 정읍시 충정로 ***-** (수성동),,56163,2015-01-27,영업/정상
전북,애견사랑,,전북특별자치도 정읍시 감곡면 계봉길 **-**,전북특별자치도 정읍시 감곡면 계룡리 **-**,56111,2015-10-16,영업/정상
전북,아르벨리 켄넬,,전북특별자치도 정읍시 감곡면 통석길 ***,전북특별자치도 정읍시 감곡면 통석리 ***-*,56111,2016-06-09,영업/정상
전북,둘리애견,,"전북특별자치도 정읍시 중앙로 ***, 둘리애견 (시기동)",전북특별자치도 정읍시 시기동 ***-* 둘리애견,56165,2021-06-15,영업/정상
전북,정읍발리켄넬,,전북특별자치도 정읍시 감곡면 계봉길 **-**,전북특별자치도 정읍시 감곡면 계룡리 **-*,56111,2021-09-29,영업/정상
전북,전주우아하우스,,전북특별자치도 정읍시 태인면 박서*길 **-**,전북특별자치도 정읍시 태인면 박산리 **-*,56113,2021-10-06,영업/정상
전북,하나애견,,전북특별자치도 정읍시 감곡면 계봉길 **-**,전북특별자치도 정읍시 감곡면 계룡리 **-**,56111,2021-10-22,영업/정상
전북,멍스테이,,전북특별자치도 정읍시 감곡면 계봉길 **-**,전북특별자치도 정읍시 감곡면 계룡리 **-**,56111,2021-11-12,영업/정상
전북,레오,,,전북특별자치도 정읍시 구룡동 ***-*,,2008-09-26,영업/정상
전북,오늘도 이쁘개,063-632-2123,전북특별자치도 남원시 요천로 ****-* (고죽동),전북특별자치도 남원시 고죽동 ***,55734,2020-08-06,영업/정상
전북,골든힐폼,,전북특별자치도 김제시 백구면 영상*길 **-**,전북특별자치도 김제시 백구면 영상리 **-*,54329,2017-10-12,영업/정상
전북,도그 앤 캣,063-542-0262,"전북특별자치도 김제시 동서로 ***, *동 ***호 (요촌동)",전북특별자치도 김제시 요촌동 **-** *동 ***호,54379,2018-06-22,영업/정상
전북,러블리펫그루밍,,"전북특별자치도 김제시 요촌북로 **, *층 (요촌동)",전북특별자치도 김제시 요촌동 ***-*,54381,2025-04-23,영업/정상
전북,단짠아쿠아플레이,,"전북특별자치도 김제시 금구면 선비로 ****, *층",전북특별자치도 김제시 금구면 오봉리 ***,54341,2025-01-03,영업/정상
전북,강아지나라,,전북특별자치도 김제시 남북로 ***-* (요촌동),전북특별자치도 김제시 요촌동 ***-**,54389,2018-06-22,영업/정상
전북,레이지포,,전북특별자치도 완주군 소양면 전진로 ***,전북특별자치도 완주군 소양면 황운리 ***-*,55356,2023-03-01,영업/정상
전북,멍멍연구소,,"전북특별자치도 진안군 백운면 백운동로 ***, 덕태산장",전북특별자치도 진안군 백운면 백암리 **-* 덕태산장,55453,2026-09-03,영업/정상
전북,동촌캣,,전북특별자치도 무주군 안성면 동촌길 *-**,전북특별자치도 무주군 안성면 사전리 ****,55536,2017-04-04,영업/정상
전북,Timberly Hill(팀벌리 힐),,전북특별자치도 무주군 무풍면 구천동로 ***,전북특별자치도 무주군 무풍면 삼거리 ***,55563,2021-09-28,영업/정상
전북,순창 앵무새팜,,전북특별자치도 순창군 풍산면 풍산로 **,전북특별자치도 순창군 풍산면 금곡리 ***,56057,2023-11-03,영업/정상
전북,한스,,전북특별자치도 고창군 성내면 동산길 **-**,전북특별자치도 고창군 성내면 동산리 ***,56421,2022-08-19,영업/정상
전북,저먼 셰퍼드 분양,,전북특별자치도 고창군 고창읍 산정안길 **,전북특별자치도 고창군 고창읍 월산리 ***,56450,2021-02-09,영업/정상
경북,팍스펫,054-292-2997,"경상북도 포항시 남구 오천읍 원동로 **, *동 ***호",경상북도 포항시 남구 오천읍 원리 **** *동 ***호,37882,2026-02-26,영업/정상
경북,멍스토리,,"경상북도 포항시 남구 해동로 **, *층 (해도동)",경상북도 포항시 남구 해도동 **-** *층,37805,2026-04-28,영업/정상
경북,바둑아 놀자,,경상북도 포항시 북구 새천년대로 **** (장성동),경상북도 포항시 북구 장성동 ****-*,37585,2014-07-24,영업/정상
경북,키티 앤 퍼피,,경상북도 포항시 북구 불종로 ** (대흥동),,37737,2014-09-01,영업/정상
경북,루이비똥 개 애견샵,054-291-8145,경상북도 포항시 남구 오천읍 해병로***번길 **,경상북도 포항시 남구 오천읍 세계리 ***-*,37913,2016-04-29,영업/정상
경북,파파독,,경상북도 포항시 북구 칠성로 *-* (남빈동),,37737,2016-10-19,영업/정상
경북,오천수족관,,경상북도 포항시 남구 오천읍 해병로***번길 *,경상북도 포항시 남구 오천읍 용덕리 ***-**,37908,2018-10-10,영업/정상
경북,위드펫,,경상북도 포항시 남구 양학천로 *** (대도동),경상북도 포항시 남구 대도동 **-**,37777,2019-01-14,영업/정상
경북,헬로독,054-283-5675,경상북도 포항시 북구 용당로 ** (대흥동),경상북도 포항시 북구 대흥동 ***-*,37742,2019-07-31,영업/정상
경북,아쿠아수족관,,경상북도 포항시 북구 삼흥로**번길 **-**(장성동),경상북도 포항시 북구 장성동 ****-*,37609,2022-03-31,영업/정상
경북,강아지분양 애견입양 아이러브독 포항점,,경상북도 포항시 남구 대이로 ***(이동),경상북도 포항시 남구 이동 ***-*,37675,2022-04-04,영업/정상
경북,미스터 멍 애견샵,,경상북도 포항시 북구 용당로 **(대흥동),경상북도 포항시 북구 대흥동 ***-**,37742,2022-07-06,영업/정상
경북,달링하이 포항점,,경상북도 포항시 남구 대이로***번길 **(이동),경상북도 포항시 남구 이동 ***-**,37676,2022-07-13,영업/정상
경북,펄펫 강아지분양 고양이분양 포항점,,경상북도 포항시 남구 오천읍 남원로 **-**,경상북도 포항시 남구 오천읍 원리 ****-*,37881,2022-07-18,영업/정상
경북,개왕마마,054-232-1322,"경상북도 포항시 북구 천마로 **, *층 (양덕동)",경상북도 포항시 북구 양덕동 **** *층,37588,2022-09-30,영업/정상
경북,햄찌PX,,경상북도 포항시 남구 오천읍 해병로***번길 *-**,경상북도 포항시 남구 오천읍 용덕리 ***-**,37908,2023-10-24,영업/정상
경북,구야네 애견샵,,경상북도 포항시 남구 동해면 일월로 **,경상북도 포항시 남구 동해면 도구리 ***-**,37926,2024-05-24,영업/정상
경북,도담도담,,경상북도 포항시 북구 대신로**번길 ** (대신동),경상북도 포항시 북구 대신동 *-*,37723,2024-07-26,영업/정상
경북,애견#,,"경상북도 포항시 북구 용당로 **-*, *층 (용흥동)",경상북도 포항시 북구 용흥동 ***-** *층,37707,2025-04-21,영업/정상
경북,소담픽,,"경상북도 포항시 북구 소티재로 ***, *층 (우현동)",경상북도 포항시 북구 우현동 ***-* *층,37635,2025-12-09,영업/정상
경북,동물농장,,경상북도 포항시 남구 오천읍 철강로 ***-*,경상북도 포항시 남구 오천읍 문덕리 ***-*,,2010-01-22,영업/정상
경북,뽀뽀애견,054-244-1903,경상북도 포항시 북구 불종로 **-* (대흥동),경상북도 포항시 북구 대흥동 ***-**,,2009-06-08,영업/정상
경북,도그에이드,054-277-3887,,경상북도 포항시 북구 대흥동 ***-*,,2009-06-12,영업/정상
경북,포항애견,054-272-3340,경상북도 포항시 북구 용당로 **-* (대흥동),경상북도 포항시 북구 대흥동 ***-**,,2009-06-12,영업/정상
경북,프란다스의 개,054-247-8949,경상북도 포항시 북구 선착로 ** (대신동),경상북도 포항시 북구 대신동 **-*,,2009-06-30,영업/정상
경북,현애견미용실,,경상북도 포항시 북구 용당로 ** (대흥동),경상북도 포항시 북구 대흥동 ***-**,,2009-06-30,영업/정상
경북,멍멍아 야옹해봐,054-248-3993,,경상북도 포항시 북구 대흥동 ***-**,,2009-10-01,영업/정상
경북,강아지마을,054-244-5288,경상북도 포항시 북구 용당로 ***-* (덕산동),경상북도 포항시 북구 덕산동 ***-*,,2010-08-02,영업/정상
경북,솔말티즈,054-282-8340,경상북도 포항시 북구 용당로 ** (대흥동),경상북도 포항시 북구 대흥동 ***-*,,2009-06-30,영업/정상
경북,핑크애견하우스,054-272-8171,경상북도 포항시 북구 용당로 **-* (대흥동),경상북도 포항시 북구 대흥동 ***-**,,2010-05-10,영업/정상
경북,포근하개 도그하우스,,경상북도 포항시 북구 장량로**번길 ** (장성동),경상북도 포항시 북구 장성동 ****-**,37579,2026-07-24,영업/정상
경북,(주)이마트 포항점 애완/원계,054-223-1052,경상북도 포항시 남구 냉천로 ** (인덕동),경상북도 포항시 남구 인덕동 ***-***,,2012-08-17,영업/정상
경북,이마트 포항 이동점,054-721-1052,경상북도 포항시 북구 대이로 *** (득량동),경상북도 포항시 북구 득량동 ***,,2012-08-17,영업/정상
경북,해피애견타운 강아지고양이 포항점&현살롱드펫(남구),,"경상북도 포항시 남구 중흥로 ***, *층 (상도동)",경상북도 포항시 남구 상도동 ***-**,37767,2013-10-21,영업/정상
경북,모모애견,054-274-9007,경상북도 포항시 남구 연일읍 연일로***번길 **,경상북도 포항시 남구 연일읍 생지리 ***,37843,2013-10-24,영업/정상
경북,폼애견,,경상북도 포항시 북구 용당로 **-* (용흥동),경상북도 포항시 북구 용흥동 ***-**,37707,2013-11-05,영업/정상
경북,막둥이애견,054-262-0969,경상북도 포항시 북구 흥해읍 흥해로 **,경상북도 포항시 북구 흥해읍 성내리 **-**,37538,2013-11-12,영업/정상
경북,쿠치올로,054-254-9994,경상북도 포항시 북구 천마로**번길 ** (양덕동),경상북도 포항시 북구 양덕동 ****-*,37589,2014-03-06,영업/정상
경북,도그매니아 애견 미용실,,경상북도 포항시 북구 중흥로***번길 ** (죽도동),경상북도 포항시 북구 죽도동 ***-*,37756,2014-04-25,영업/정상
경북,하이도그 애견샵,054-743-0014,경상북도 경주시 봉황로 *** (성건동),경상북도 경주시 성건동 ***-**,38137,2016-12-12,영업/정상
경북,황제애견,,경상북도 경주시 금성로 *** (서부동),경상북도 경주시 서부동 ***-**,38144,2018-01-31,영업/정상
경북,케이원애견훈련소,,경상북도 경주시 내남면 반구대로 ****-*,경상북도 경주시 내남면 월산리 ****-*,38196,2020-11-04,영업/정상
경북,야옹아 놀자 경주점,,경상북도 경주시 화랑로**번길 *(성건동),경상북도 경주시 성건동 ***-*,38156,2021-10-18,영업/정상
경북,서울아쿠아룸(홈플러스 경주점0,,"경상북도 경주시 공단로 **, 홈플러스 (용강동)",경상북도 경주시 용강동 ***-** 홈플러스,38071,2022-05-09,영업/정상
경북,야옹아 놀자 봉황대점,,"경상북도 경주시 중앙로 **-*, *층 (노동동)",경상북도 경주시 노동동 ***-*,38154,2024-06-11,영업/정상
경북,멋댕이,,"경상북도 경주시 봉황로 ***, *층 (성건동)",경상북도 경주시 성건동 ***-**,38132,2025-12-26,영업/정상
경북,블랑하우스,,경상북도 경주시 강동면 새마을로 ****,경상북도 경주시 강동면 단구리 ****-**,38003,2026-04-21,영업/정상
경북,미지,,경상북도 경주시 현곡면 지일길 **-**,경상북도 경주시 현곡면 소현리 **-*,38047,2017-01-24,영업/정상
경북,애견#,054-435-4490,"경상북도 김천시 부곡중앙길 **, ***호 (부곡동, 부원빌라)",경상북도 김천시 부곡동 ***-** 부원빌라 ***호,39627,2010-12-24,영업/정상
경북,개뼈다구,,경상북도 김천시 김천로 ** (평화동),경상북도 김천시 평화동 ***-**,39598,2013-03-22,영업/정상
경북,프란다스애견,,경상북도 김천시 김천로 ** (평화동),경상북도 김천시 평화동 ***-**,39597,2008-06-16,영업/정상
경북,채리애견샵,054-437-6019,경상북도 김천시 신음새동네길 ** (신음동),경상북도 김천시 신음동 ***-*,39544,2014-03-17,영업/정상
경북,개편하개,,경상북도 김천시 대학로 ** (교동),경상북도 김천시 교동 ***-*,39529,2017-11-29,영업/정상
경북,플란다스의개,,경상북도 김천시 김천로 ** (평화동),경상북도 김천시 평화동 ***-**,39597,2018-12-13,영업/정상
경북,햇살이네,054-434-8852,경상북도 김천시 농소면 월곡길 **,경상북도 김천시 농소면 월곡리 ***-*,39659,2018-12-28,영업/정상
경북,도그샵,,경상북도 김천시 김천로 ** (평화동),경상북도 김천시 평화동 ***-**,39598,2019-02-20,영업/정상
경북,플라잉독,054-434-4978,"경상북도 김천시 해오름*로*길 **, ***호 (율곡동)",경상북도 김천시 율곡동 **,39660,2021-01-25,영업/정상
경북,톰앤키티,054-433-0045,경상북도 김천시 감문면 문화로 ***,경상북도 김천시 감문면 남곡리 ***-*,39507,2022-06-30,영업/정상
경북,컴온독,054-436-3337,경상북도 김천시 시청로 **(신음동),경상북도 김천시 신음동 ***-*,39547,2022-11-21,영업/정상
경북,멍그랑,,경상북도 김천시 부곡길 **(부곡동),경상북도 김천시 부곡동 ****,39629,2023-02-21,영업/정상
경북,베이비독,,경상북도 김천시 시청로 **-* (신음동),경상북도 김천시 신음동 ***-*,39548,2023-06-24,영업/정상
경북,로얄수족관,054-420-1234,"경상북도 김천시 시청로 **, 이마트 (신음동)",경상북도 김천시 신음동 ***-* 이마트,39547,2023-08-08,영업/정상
경북,도그프렌즈,,"경상북도 김천시 혁신*로 *, *층 (율곡동)",경상북도 김천시 율곡동 ***,39660,2026-02-10,영업/정상
경북,애니멀필드2,,경상북도 김천시 아포읍 한골길 ***,경상북도 김천시 아포읍 대신리 ***-*,39672,2026-04-16,영업/정상
경북,똥싼 강아지,,경상북도 김천시 부거리길 ** (신음동),경상북도 김천시 신음동 ****-*,39547,2013-01-04,영업/정상
경북,(주)이마트안동점 내 동물판매점,,경상북도 안동시 옥동*길 * (옥동),경상북도 안동시 옥동 ***-*,36663,2012-08-14,영업/정상
경북,돌봄,054-854-8588,경상북도 안동시 옥동*길 **-** (옥동),경상북도 안동시 옥동 ***-**,36664,2018-02-26,영업/정상
경북,강남애견,,"경상북도 안동시 경동로 ***, 현대아파트 상가 ***동 (평화동)",경상북도 안동시 평화동 ***-** 현대아파트 상가 ***동,36655,2019-09-04,영업/정상
경북,이쁜 댕댕이,,"경상북도 안동시 경동로 ***, *층 (용상동)",경상북도 안동시 용상동 ****-*,36721,2024-01-05,영업/정상
경북,야옹아멍멍해봐,,경상북도 안동시 경동로 *** (운흥동),경상북도 안동시 운흥동 ***-*,36706,2018-10-04,영업/정상
경북,애니멀랜드,,"경상북도 구미시 산동읍 신당*로*길 **-*, 나비프라자 ***호",경상북도 구미시 산동읍 신당리 **** 나비프라자,39464,2023-12-07,영업/정상
경북,롯데마트구미점수족관코너,051-806-8990,"경상북도 구미시 구미대로**길 **, 롯데마트구미점 *층 (신평동)",경상북도 구미시 신평동 *** 롯데마트구미점,39255,2025-01-08,영업/정상
경북,뽀프퍼피,,"경상북도 구미시 고아읍 들성로 ***, *층",경상북도 구미시 고아읍 문성리 ****-*,39147,2025-01-20,영업/정상
경북,더블유펫,,경상북도 구미시 인동**길 ** (진평동),경상북도 구미시 진평동,39411,2016-08-19,영업/정상
경북,도그스타,,경상북도 구미시 인동북길 ** (인의동),경상북도 구미시 인의동 ***-*,39436,2016-08-29,영업/정상
경북,탑클래스 퍼피,,경상북도 구미시 진평*길 ** (진평동),,39396,2017-05-15,영업/정상
경북,예뻐질 : 개,,경상북도 구미시 인동**길 * (진평동),경상북도 구미시 진평동 *-*,39398,2017-11-20,영업/정상
경북,개를 미용하는 남자,,경상북도 구미시 인동남길 ** (진평동),경상북도 구미시 진평동 **-*,39398,2017-11-30,영업/정상
경북,애견왕국,054-472-4527,경상북도 구미시 인동북길 ** (인의동),경상북도 구미시 인의동 ***-*,39433,2018-05-10,영업/정상
경북,촌놈애견샵,,경상북도 구미시 광평길 **-* (광평동),경상북도 구미시 광평동 **-*,39345,2018-05-10,영업/정상
경북,강아지나라,,경상북도 구미시 송동로 ** (도량동),경상북도 구미시 도량동 ***-**,39196,2018-12-27,영업/정상
경북,에스제이네이처(이마트동구미점),,"경상북도 구미시 이계북로 **, *층 (임수동)",경상북도 구미시 임수동 **-**,39393,2013-10-29,영업/정상
경북,오도꾸 애견샵,054-608-8500,"경상북도 구미시 구미중앙로**길 *, *층 (원평동)",경상북도 구미시 원평동 ****-**,39232,2019-02-01,영업/정상
경북,멜로디펫살롱,054-462-0068,"경상북도 구미시 상사서로**길 **, 주원빌딩 *층 (상모동)",경상북도 구미시 상모동 ***-*,39335,2019-02-01,영업/정상
경북,전지적 참견,054-454-8343,경상북도 구미시 산호대로**길 **-** (옥계동),경상북도 구미시 옥계동 ***-*,39184,2019-03-25,영업/정상
경북,푸치 펫 그루밍,,"경상북도 구미시 인동**길 **-*, 티파니 (인의동)",경상북도 구미시 인의동 ***-* 티파니,39440,2019-11-27,영업/정상
경북,퍼피스캔들,,경상북도 구미시 송선로 *** (도량동),경상북도 구미시 도량동 ***-*,39215,2020-02-06,영업/정상
경북,엣지있개,,경상북도 구미시 상사서로 **-* (상모동),경상북도 구미시 상모동 **-**,39340,2021-01-14,영업/정상
경북,"펫, 마리앙뚜",,"경상북도 구미시 선산읍 동교*길 **-*, *층",경상북도 구미시 선산읍 교리 ****-*,39113,2021-04-09,영업/정상
경북,왕짱,,경상북도 구미시 인동**길 **-**(구평동),경상북도 구미시 구평동 ***,39450,2021-08-25,영업/정상
경북,미유펫 강아지고양이 구미점,,경상북도 구미시 야은로 ***(신평동),경상북도 구미시 신평동 * *동 *호,39236,2021-09-05,영업/정상
경북,품에,054-458-6682,경상북도 구미시 송동로 **(도량동),경상북도 구미시 도량동 ***-*,39215,2021-10-08,영업/정상
경북,예뻐질:개&고양이카페,,"경상북도 구미시 인동북길 ***, 화진빌딩 *층 (인의동)",경상북도 구미시 인의동 ****-*,39440,2022-01-20,영업/정상
경북,미즈멍 강아지분양 구미점,,경상북도 구미시 인동남길 **-*(진평동),경상북도 구미시 진평동 *-*,39398,2022-05-16,영업/정상
경북,야옹아멍멍해봐,,"경상북도 구미시 고아읍 들성로 ***, 상가동 *층",경상북도 구미시 고아읍 문성리 ****-*,39147,2022-11-09,영업/정상
경북,야옹아 부탁해,,"경상북도 구미시 봉곡로**길 **, *층 (봉곡동)",경상북도 구미시 봉곡동 ***-*,39205,2023-01-27,영업/정상
경북,구미강아지분양 마마스미독,,"경상북도 구미시 옥계신당로*길 **-*, ***호 (옥계동)",경상북도 구미시 옥계동 ****,39181,2023-02-01,영업/정상
경북,구미강아지 무료분양 퍼피이벤트,,"경상북도 구미시 옥계신당로*길 **-*, ***호 (옥계동)",경상북도 구미시 옥계동 ****,39181,2023-02-01,영업/정상
경북,J&L 희귀모색 프렌치불독,,"경상북도 구미시 산호대로 ***, 구미BOX IN ***호 (공단동)",경상북도 구미시 공단동 ***-* 구미BOX IN,39371,2023-10-29,영업/정상
경북,포켓애니멀,,"경상북도 구미시 봉곡로 ***, *층 (봉곡동)",경상북도 구미시 봉곡동 ***-*,39207,2023-11-15,영업/정상
경북,펫매니저,054-476-1119,경상북도 구미시 인동북길 **-* (인의동),경상북도 구미시 인의동 ***-**,39436,2013-02-01,영업/정상
경북,어반 독스,,경상북도 구미시 구미중앙로**길 **-* (원평동),경상북도 구미시 원평동,39227,2015-04-15,영업/정상
경북,도그살롱(DOG SAI0N),054-465-0888,경상북도 구미시 인동중앙로**길 ** (인의동),경상북도 구미시 인의동 ***-*,39429,2014-07-08,영업/정상
경북,똥강아지(상모사곡동),054-463-1991,경상북도 구미시 상사동로**길 * (사곡동),경상북도 구미시 사곡동 ***-*,39328,2014-10-01,영업/정상
경북,강아지맛집,070-4845-8200,경상북도 구미시 인동*길 ** (진평동),경상북도 구미시 진평동 ***-*,39397,2015-01-06,영업/정상
경북,카페 개떼,,경상북도 구미시 상사서로**길 ** (상모동),경상북도 구미시 상모동 ***-*,39335,2015-02-02,영업/정상
경북,러브펫살롱,054-475-4428,경상북도 구미시 인동**길 * (인의동),경상북도 구미시 인의동 ****-*,39440,2015-03-18,영업/정상
경북,개아범펫마트,054-455-4020,경상북도 구미시 구미중앙로**길 *-* (원평동),경상북도 구미시 원평동 ****-*,39234,2015-04-14,영업/정상
경북,힐링애견,,경상북도 구미시 금오산로 ** (원평동),경상북도 구미시 원평동 ***-**,39223,2015-05-19,영업/정상
경북,강아지 공화국,054-443-8774,경상북도 구미시 신시로 ** (형곡동),경상북도 구미시 형곡동 ***-**,39315,2015-07-07,영업/정상
경북,프란다스 애견,,경상북도 구미시 금오산로 ** (원평동),경상북도 구미시 원평동 ***-***,39224,2015-11-20,영업/정상
경북,똥싸개,054-464-3435,경상북도 구미시 상사서로 ** (사곡동),,39333,2016-03-03,영업/정상
경북,에스제이네이처(이마트구미점),,경상북도 구미시 구미대로 *** (광평동),경상북도 구미시 광평동 **-*,39344,2016-04-12,영업/정상
경북,구미강아지고양이 제이펫,,"경상북도 구미시 금오대로**길 *-*, *층 (오태동)",경상북도 구미시 오태동 ***-**,39362,2026-07-31,영업/정상
경북,명품고양이카페,,경상북도 구미시 상모로**길 ** (상모동),경상북도 구미시 상모동 **-*,39338,2026-05-13,영업/정상
경북,품안에 dog&cat,,경상북도 구미시 봉곡남로**길 *-** (봉곡동),경상북도 구미시 봉곡동 ***-*,39210,2026-04-24,영업/정상
경북,아라애견,054-636-6346,경상북도 영주시 구성로 *** (영주동),경상북도 영주시 영주동 ***-*,,2008-11-14,영업/정상
경북,몽몽 dog salon,,"경상북도 영주시 대학로 **, 우리자동차매매상사 (휴천동)",경상북도 영주시 휴천동 ***-***,36127,2015-11-20,영업/정상
경북,YG Von Land (와이지 본 랜드),,경상북도 영주시 장수면 용주로***번길 **,경상북도 영주시 장수면 갈산리 ***-*,36144,2024-01-29,영업/정상
경북,폴리파크영천점(강아지반상회),,경상북도 영천시 망정로 ** (망정동),경상북도 영천시 망정동 ***,38831,2014-04-22,영업/정상
경북,솔하우스,,경상북도 영천시 북안면 효동길 **-*,,38909,2015-03-12,영업/정상
경북,대구 애니멀 옥션,,경상북도 영천시 산업단지로 *** (봉동),경상북도 영천시 봉동 ***-*,38898,2025-06-24,영업/정상
경북,한이네안심분양센터,,경상북도 영천시 화산면 납이길 **-**,경상북도 영천시 화산면 당곡리 ***,38807,2024-09-05,영업/정상
경북,영천애견미용,,"경상북도 영천시 완산중앙*길 **-*, *층 (완산동)",경상북도 영천시 완산동 ***-**,38890,2019-05-15,영업/정상
경북,Black Jackdaw,,경상북도 영천시 최무선로 ***-* (성내동),경상북도 영천시 성내동 ***-*,38842,2018-08-13,영업/정상
경북,씨밀레,,경상북도 영천시 화산면 효지길 ***-**,경상북도 영천시 화산면 화산리 ***,38805,2016-08-24,영업/정상
경북,스카이윙,,경상북도 상주시 낙동면 영남제일로 **,경상북도 상주시 낙동면 낙동리 ***,37251,2020-03-24,영업/정상
경북,아마존애견사,,경상북도 상주시 외서면 연봉*길 ***-**,경상북도 상주시 외서면 연봉리 ***,37136,2008-12-24,영업/정상
경북,속리농원,,경상북도 상주시 화북면 입석*길 **,경상북도 상주시 화북면 입석리 ***,37101,2019-02-13,영업/정상
경북,아지야 놀자,,경상북도 상주시 청리면 원장수상길 **,경상북도 상주시 청리면 수상리 ***-*,37258,2018-04-11,영업/정상
경북,상주애견,054-535-1288,경상북도 상주시 중앙로 *** (남성동),경상북도 상주시 남성동 **-*,37199,2018-01-10,영업/정상
경북,오렌지 애견카페,,경상북도 상주시 연원*길 **-** (연원동),경상북도 상주시 연원동 산 ***,37162,2016-06-10,영업/정상
경북,석류애견,,경상북도 상주시 함창읍 상갈길 **-***,경상북도 상주시 함창읍 하갈리 ***-*,37121,2010-04-09,영업/정상
경북,경산강아지분양 경산고양이분양 펫멜로디,,경상북도 경산시 남매로 *** (중방동),경상북도 경산시 중방동 ***-**,38614,2026-07-27,영업/정상
경북,홈플러스,,경상북도 경산시 경안로 *** (중방동),경상북도 경산시 중방동 ***,38612,2013-05-09,영업/정상
경북,소미애견 농장,,경상북도 경산시 하양읍 대부길 **-**,경상북도 경산시 하양읍 대조리 ***-*,,2013-10-04,영업/정상
경북,로얄수족관이마트경산점,,경상북도 경산시 옥산로 *** (중산동),경상북도 경산시 중산동 ***,38664,2014-06-25,영업/정상
경북,STELLA KOREA,,경상북도 경산시 와촌면 팔공로 ***,경상북도 경산시 와촌면 소월리 ***,38411,2015-01-28,영업/정상
경북,모모하우스,,경상북도 경산시 와촌면 섬마을길 ***-**,경상북도 경산시 와촌면 용천리 **-*,38423,2015-01-28,영업/정상
경북,멍이냥이하우스,053-852-6926,경상북도 경산시 진량읍 대학로 ***-*,경상북도 경산시 진량읍 선화리 ***-*,38489,2017-03-17,영업/정상
경북,나은 캔넬,,경상북도 경산시 남천면 송백*길 ***-*,,38696,2017-05-30,영업/정상
경북,효성켄넬,,경상북도 경산시 용성면 육동로 ***-**,경상북도 경산시 용성면 대종리 ***-*,38568,2017-07-07,영업/정상
경북,이시스하우스(ISIS HOUSE),,경상북도 경산시 와촌면 박사강변로 **-*,경상북도 경산시 와촌면 대동리 ***,38401,2018-02-27,영업/정상
경북,퀸애견,,경상북도 경산시 하양읍 금송로 *,경상북도 경산시 하양읍 금락리 **-*,38434,2018-02-27,영업/정상
경북,애견의숲,,"경상북도 경산시 경안로 ***, 가동 *층 (중방동)",경상북도 경산시 중방동 ***-*,38621,2021-01-15,영업/정상
경북,뭉개구름,,"경상북도 경산시 압량읍 압독*로*길 **, *층 ***호",경상북도 경산시 압량읍 신대리 ***,38538,2021-08-04,영업/정상
경북,디스크 독 연구소,,"경상북도 경산시 박물관로*길 *-**, 영하우스 (사동)",경상북도 경산시 사동 ***-** 영하우스,38584,2022-05-03,영업/정상
경북,안녕고양이,,"경상북도 경산시 경산로 ***, 우성빌딩 *층 (옥산동)","경상북도 경산시 옥산동 ***-* 우성빌딩, *층",38678,2022-12-06,영업/정상
경북,홈즈펫타운,,경상북도 경산시 강변동로 *** (중방동),경상북도 경산시 중방동 ***-*,38611,2024-01-19,영업/정상
경북,살롱 드 멍냥,,경상북도 경산시 경산로**길 *-* (옥산동),경상북도 경산시 옥산동 ***,38677,2024-03-08,영업/정상
경북,체리쉬펫,,"경상북도 경산시 계양로**길 *, *층 (계양동)",경상북도 경산시 계양동 **-* *층,38616,2024-12-06,영업/정상
경북,도리펫(Dori Pet),,"경상북도 경산시 압량읍 고분길 **, ***호",경상북도 경산시 압량읍 부적리 ***-* ***호,38511,2025-03-13,영업/정상
경북,퍼피캣 강아지분양 고양이분양 대구경산점,,"경상북도 경산시 대학로 **, *층 (중산동)",경상북도 경산시 중산동 ***-* *층,38653,2025-03-17,영업/정상
경북,앵린이집,,"경상북도 경산시 백양로**길 *-*, *층 (사동)",경상북도 경산시 사동 ***-*,38597,2025-08-08,영업/정상
경북,부타캣 NC경산점,,"경상북도 경산시 중앙로 **, *층 (중방동)",경상북도 경산시 중방동 ***-**,38626,2026-05-04,영업/정상
경북,마이펫 강아지분양 고양이분양 경산점,,경상북도 경산시 삼성현로**길 * (옥산동),경상북도 경산시 옥산동 ***-*,38669,2026-05-04,영업/정상
대구,버디버디,,대구광역시 군위군 의흥면 읍내길 **,대구광역시 군위군 의흥면 읍내리 ***,43149,2020-06-11,영업/정상
경북,Mewette(뮤에트),,경상북도 영덕군 남정면 동해대로 ****,경상북도 영덕군 남정면 장사리 **-*,36463,2026-03-26,영업/정상
경북,운산 아래 구름,,경상북도 고령군 운수면 운산길 ***,경상북도 고령군 운수면 운산리 ***,40125,2018-01-03,영업/정상
경북,성주허스키켄넬,,경상북도 성주군 용암면 대봉*길 **-**,경상북도 성주군 용암면 대봉리 ***,40049,2012-05-03,영업/정상
경북,냥이의하루 카페.분양,,"경상북도 칠곡군 북삼읍 인평중앙로 **, ***호",경상북도 칠곡군 북삼읍 인평리 *** ***호,39810,2024-09-02,영업/정상
경북,새침하개멍,054-972-1189,경상북도 칠곡군 북삼읍 금오대로*길 *-**,경상북도 칠곡군 북삼읍 인평리 ****-*,39814,2023-01-27,영업/정상
경북,캣다방,,"경상북도 칠곡군 석적읍 북중리*길 **, *층",경상북도 칠곡군 석적읍 중리 **-*,39839,2022-01-12,영업/정상
경북,나비야놀자,,경상북도 칠곡군 석적읍 남구미로 ***,경상북도 칠곡군 석적읍 중리 ***-*,39842,2018-06-11,영업/정상
경북,똥싼 강아지,054-976-3446,경상북도 칠곡군 석적읍 북중리*길 **,경상북도 칠곡군 석적읍 중리 **-*,39839,2018-05-16,영업/정상
경북,대구애견파크농장,,경상북도 칠곡군 동명면 한티로 **,,39857,2016-08-19,영업/정상
경북,펫 매니저(석적점),,경상북도 칠곡군 석적읍 장곡길 ***,경상북도 칠곡군 석적읍 중리 ***-*,39837,2015-02-11,영업/정상
경북,알퐁소,,"경상북도 예천군 호명읍 양지*길 **-**, *층 ***호",경상북도 예천군 호명읍 산합리 **** ***호,36849,2025-05-02,영업/정상
경북,봉화강아지마을,,경상북도 봉화군 명호면 미륵골길 ***-**,경상북도 봉화군 명호면 양곡리 ***,36251,2017-07-10,영업/정상
경북,김학봉 농장,,"경상북도 봉화군 법전면 보라로 ***, (척곡리 ****-*)",경상북도 봉화군 법전면 척곡리 ****-*,36221,2017-05-22,영업/정상
경북,진영냥이,,경상북도 봉화군 봉화읍 의상로 ***-**,경상북도 봉화군 봉화읍 화천리 ***,36232,2018-03-29,영업/정상
경북,우다다(WOODADA),,경상북도 울진군 후포면 후포삼율로 ***-*,경상북도 울진군 후포면 삼율리 **-*,36370,2023-08-10,영업/정상
경남,현대애견,055-742-5385,경상남도 진주시 진양호로 *** (인사동),경상남도 진주시 인사동 ***-*,52686,2009-03-03,영업/정상
경남,개와 고양이,055-763-1306,경상남도 진주시 진주대로 ***-* (강남동),경상남도 진주시 강남동 ***-*,52709,2009-03-03,영업/정상
경남,애견천국,055-748-7677,경상남도 진주시 장대로 **-* (장대동),경상남도 진주시 장대동 ***-**,,2009-03-03,영업/정상
경남,명품애견,055-759-7889,경상남도 진주시 망경로 ***(망경동),경상남도 진주시 망경동 **-*,52706,2010-08-05,영업/정상
경남,에스제이네이처(이마트진주점),,경상남도 진주시 진양호로 *** (인사동),경상남도 진주시 인사동 *,,2025-04-10,영업/정상
경남,짱구애견,,경상남도 진주시 향교로 **-* (수정동),경상남도 진주시 수정동 **-**,52751,2015-01-07,영업/정상
경남,러블리 몽,,경상남도 진주시 대신로 *** (하대동),경상남도 진주시 하대동 ***-*,52769,2016-04-27,영업/정상
경남,미소애견샵,,경상남도 진주시 진주대로 **** (봉곡동),경상남도 진주시 봉곡동 **-*,52682,2017-03-10,영업/정상
경남,도기요기(Doggy Yoggi),,경상남도 진주시 진양호로 ** (평거동),경상남도 진주시 평거동 ****-*,52650,2017-07-11,영업/정상
경남,야옹아 멍멍해봐(초전점),055-758-0047,경상남도 진주시 대신로 *** (초전동),경상남도 진주시 초전동 ****,52733,2017-07-14,영업/정상
경남,미앤유펫 진주점,,경상남도 진주시 진주대로 *** (칠암동),경상남도 진주시 칠암동 ***-**,52724,2018-06-19,영업/정상
경남,한강아쿠아 롯데마트 진주점,,"경상남도 진주시 동진로 ***, 롯데아울렛 진주점 지하*층 (충무공동)",경상남도 진주시 충무공동 ** 롯데아울렛 진주점 지하*층,52851,2018-12-04,영업/정상
경남,쌍둥이네 애견,055-741-1188,경상남도 진주시 장대로 ** (장대동),경상남도 진주시 장대동 **-*,52757,2018-12-31,영업/정상
경남,후니네멍멍이,,경상남도 진주시 진양호로 ***(인사동),경상남도 진주시 인사동 ***-**,52689,2022-01-06,영업/정상
경남,DDn kennel,,경상남도 진주시 정촌면 삼일로**번길 **-*,경상남도 진주시 정촌면 예하리 ****-*,52845,2024-01-19,영업/정상
경남,와우펫앤쥬진주점,,"경상남도 진주시 남강로 ****, *층 ***호 (상평동)",경상남도 진주시 상평동 ***-*,52813,2024-03-10,영업/정상
경남,Tailor Puppy,,경상남도 진주시 진주대로 ***-* (강남동),경상남도 진주시 강남동 ***-*,52709,2024-04-18,영업/정상
경남,런던 애견하우스,055-742-8395,,경상남도 진주시 동성동 *-**,,2009-03-03,영업/정상
경남,크레나라,,"경상남도 통영시 운하*길 **, 상가 A동 ***호 (미수동, 천우운하맨션)",경상남도 통영시 미수동 **-* 천우운하맨션 상가 A동 ***호,53070,2026-02-24,영업/정상
경남,에스제이네이처(이마트통영점),,경상남도 통영시 광도면 죽림*로 * (이마트통영점),경상남도 통영시 광도면 죽림리 ****-*,53013,2012-08-24,영업/정상
경남,롯데마트 통영점 수족관,,"경상남도 통영시 무전대로 ** (무전동, 롯데마트)",경상남도 통영시 무전동 ****,53036,2012-07-23,영업/정상
경남,애견마을,055-646-5851,"경상남도 통영시 원문로 **, *호 (북신동, 광우화목맨션)",경상남도 통영시 북신동 *** 광우화목맨션,53045,2008-03-18,영업/정상
경남,펫츠아일랜드 통영점,,"경상남도 통영시 무전대로 *, *층 (무전동)",경상남도 통영시 무전동 ****-*,53045,2026-06-01,영업/정상
경남,예림애견용품 아울렛,055-646-8192,"경상남도 통영시 무전대로 **, *층 (무전동)",경상남도 통영시 무전동 ****-*,53045,2015-07-08,영업/정상
경남,스프링펫,,"경상남도 사천시 용현면 죽천강길 **, 상가동 *층 ***호 (동강아뜨리에)",경상남도 사천시 용현면 신복리 *-* 동강아뜨리에,52538,2023-10-24,영업/정상
경남,퍼스트독&캣,,경상남도 김해시 김해대로****번길 ** (삼정동),경상남도 김해시 삼정동 ***-*,50929,2025-09-15,영업/정상
경남,소동물샵 모찌펫,,"경상남도 김해시 율하*로 **, 하이로프라자 *동 *층 ***호 (율하동)",경상남도 김해시 율하동 ****-*,51018,2025-09-29,영업/정상
경남,랙돌 고양이 카페 김해,,경상남도 김해시 내외로**번길 * (내동),경상남도 김해시 내동 ****-*,50948,2025-10-23,영업/정상
경남,퍼피모먼트,,"경상남도 김해시 가야로 ***, 삼계위너스타운 ***호 (삼계동)",경상남도 김해시 삼계동 ****-* 삼계위너스타운,50900,2025-12-15,영업/정상
경남,노블퍼피,,경상남도 김해시 금관대로****번길 **-* (내동),경상남도 김해시 내동 ***-*,50891,2026-04-02,영업/정상
경남,똥강아지 김해 강아지분양 고양이분양,055-333-0422,"경상남도 김해시 내외중앙로 **, ***호 (외동)",경상남도 김해시 외동 ****-*,50948,2010-05-07,영업/정상
경남,꽃개하우스,055-339-4321,경상남도 김해시 덕정로 *** (관동동),경상남도 김해시 관동동 ***-**,51012,2010-11-10,영업/정상
경남,총각네애견,,경상남도 김해시 관동로 *** (관동동),경상남도 김해시 관동동 ****-*,51005,2012-05-04,영업/정상
경남,주주클럽,,경상남도 김해시 분성로 *** (동상동),경상남도 김해시 동상동 ***-*,50915,2013-05-07,영업/정상
경남,Rolley Pups,,경상남도 김해시 금관대로 **** (내동),경상남도 김해시 내동 ***-*,50891,2015-05-29,영업/정상
경남,탄이네 강아지,055-327-2203,경상남도 김해시 율하*로***번길 **-** (율하동),경상남도 김해시 율하동 ****-**,51017,2015-06-26,영업/정상
경남,금관대로 애견센터,055-321-7580,경상남도 김해시 금관대로 **** (내동),경상남도 김해시 내동 ****-*,50951,2016-05-17,영업/정상
경남,로얄 수족관,,경상남도 김해시 김해대로 **** (외동),경상남도 김해시 외동 ****,50938,2016-06-22,영업/정상
경남,퍼스트독,055-902-4514,경상남도 김해시 분성로 *** (서상동),경상남도 김해시 서상동 ***-*,50920,2017-04-20,영업/정상
경남,멍키,,경상남도 김해시 한림면 용덕로***번길 **,경상남도 김해시 한림면 용덕리 ****-**,50853,2017-11-09,영업/정상
경남,김해 강아지분양 고양이분양 테일러퍼피(Tailor Puppy),,"경상남도 김해시 내외중앙로 **, ***호 (외동)",경상남도 김해시 외동 ****-*,50948,2022-03-11,영업/정상
경남,김해 강아지분양 고양이분양 베베몽,,"경상남도 김해시 번화*로**번길 *, 다인메디컬센타 ***-*호 (대청동)",경상남도 김해시 대청동 **-* 다인메디컬센타,50988,2022-05-26,영업/정상
경남,주식회사 에스디올레,,경상남도 김해시 상동면 상동로 ***,경상남도 김해시 상동면 매리 ***-**,50804,2022-08-19,영업/정상
경남,율하냥,,"경상남도 김해시 율하*로 **, *층 (장유동)",경상남도 김해시 장유동 ***-* *층,51020,2022-10-17,영업/정상
경남,댕냥이살롱,,경상남도 김해시 관동로 **(관동동),경상남도 김해시 관동동 ****-*,51014,2023-03-15,영업/정상
경남,조이퍼피 강아지분양,,"경상남도 김해시 삼계로 **, ***호 (구산동)",경상남도 김해시 구산동 ****-*,50905,2023-10-25,영업/정상
경남,김해 강아지분양 고양이분양 도그하우스 외동점,,"경상남도 김해시 내외중앙로 **, ***호 (외동)",경상남도 김해시 외동 ****-*,50948,2024-01-15,영업/정상
경남,샵독,,경상남도 김해시 번화*로**번길 **-* (대청동),경상남도 김해시 대청동 ***-**,51003,2024-11-11,영업/정상
경남,고양이호텔 무냥무냥 김해점,,"경상남도 김해시 삼계로 **, *층 ***호 (구산동)",경상남도 김해시 구산동 ****-*,50905,2025-01-06,영업/정상
경남,깡페냥,,경상남도 김해시 금관대로 **** (풍유동),경상남도 김해시 풍유동 ***,51025,2026-04-28,영업/정상
경남,댕댕,055-355-9156,"경상남도 밀양시 시청로 **-*, *층 (내이동)",경상남도 밀양시 내이동 ****-**,50419,2008-02-27,영업/정상
경남,우정진도개,055-355-6769,경상남도 밀양시 산내면 산내로 **,경상남도 밀양시 산내면 용전리 ****,50413,2018-05-29,영업/정상
경남,똥개애견카페,055-354-2752,경상남도 밀양시 용평로 ***(교동),경상남도 밀양시 교동 **-*,50432,2021-07-08,영업/정상
경남,달링하이 강아지분양 밀양점,,"경상남도 밀양시 미리벌중앙로*길 *, *층 (삼문동)",경상남도 밀양시 삼문동 ***-*,50438,2022-05-02,영업/정상
경남,코모네펫하우스,,"경상남도 밀양시 미리벌중앙로*길 **, *층 (삼문동)",경상남도 밀양시 삼문동 ***-*,50434,2022-06-13,영업/정상
경남,한강아쿠아 롯데마트(거제점),,"경상남도 거제시 서간도길 *-* (옥포동, 거제엘크루랜드마크,롯데마트)","경상남도 거제시 옥포동 *** 거제엘크루랜드마크,롯데마트",53227,2018-12-07,영업/정상
경남,펫앤켓,,"경상남도 거제시 중곡*로*길 *-**, *층 (고현동)",경상남도 거제시 고현동 ***-*,53249,2021-09-08,영업/정상
경남,펫츠아일랜드 수월점,,"경상남도 거제시 수양로 ***-**, *층 (수월동)",경상남도 거제시 수월동 ****-**,53237,2022-07-04,영업/정상
경남,더펫(The Pet),,"경상남도 거제시 거제중앙로 ****, *층 (상동동)",경상남도 거제시 상동동 ***-*,53288,2022-07-14,영업/정상
경남,애견구루머,,"경상남도 거제시 거제중앙로 ****, *층 (고현동)",경상남도 거제시 고현동 ***-**,53258,2022-12-30,영업/정상
경남,Pet & Cat,,"경상남도 거제시 장평*로*길 **-**, *층 (장평동)",경상남도 거제시 장평동 ****-*,53267,2017-04-28,영업/정상
경남,동물농장,055-365-0279,"경상남도 양산시 삽량로 ***, ***-*호 (중부동, 신진프라자)",경상남도 양산시 중부동 ***-*,50629,2015-07-21,영업/정상
경남,미미애견,055-362-2848,경상남도 양산시 서창로 *** (삼호동),경상남도 양산시 삼호동 ***-*,50530,2015-12-07,영업/정상
경남,개예쁘다,,경상남도 양산시 삼호로 **(삼호동),경상남도 양산시 삼호동 ***-**,50531,2017-03-31,영업/정상
경남,방쥬의 작은동물상점,055-365-9930,"경상남도 양산시 물금읍 야리*길 **, 원타운 ***호",경상남도 양산시 물금읍 범어리 **** 원타운,50652,2017-10-11,영업/정상
경남,고양이이야기,,"경상남도 양산시 신명동*길 *, ***호 (명동)",경상남도 양산시 명동 ****-*,50532,2018-08-29,영업/정상
경남,양산동물메디컬센터,055-365-0075,"경상남도 양산시 삽량로 ***, 신진프라자 *층 (중부동)",경상남도 양산시 중부동 ***-* 신진프라자,50629,2018-10-02,영업/정상
경남,에스제이네이처(이마트양산점),,"경상남도 양산시 양산역*길 **, 신세계이마트양산점 (중부동)",경상남도 양산시 중부동 *** 신세계이마트양산점,50629,2012-08-29,영업/정상
경남,골든아쿠아펫,,"경상남도 양산시 동면 양산대로 ***, 농산물종합유통센터",경상남도 양산시 동면 금산리 **** 농산물종합유통센터,50639,2019-08-16,영업/정상
경남,아롱다롱이네,,"경상남도 양산시 양주*길 **-**, ***호 (중부동)",경상남도 양산시 중부동 ***-*,50620,2019-11-25,영업/정상
경남,엔젤스펫(Angels pet),,"경상남도 양산시 하북면 양산대로 ****, ***호",경상남도 양산시 하북면 용연리 ***-*,50509,2020-10-16,영업/정상
경남,부산강아지분양 루미엘켄넬,,경상남도 양산시 동면 웅상대로 ***,경상남도 양산시 동면 개곡리 ***-**,50645,2022-07-01,영업/정상
경남,개예쁘다 런닝센터,,경상남도 양산시 탑골길 **(용당동),경상남도 양산시 용당동 ***-*,50524,2022-08-26,영업/정상
경남,고양이살롱앤카페,,"경상남도 양산시 물금읍 야리*길 **, 증산스퀘어 ***호",경상남도 양산시 물금읍 가촌리 ****-* 증산스퀘어,50653,2023-02-23,영업/정상
경남,메종 드 네코,,경상남도 양산시 양주*길 ** (중부동),경상남도 양산시 중부동 ***-*,50620,2023-06-01,영업/정상
경남,헬로 다키,,"경상남도 양산시 물금읍 범어로 **, 희창빌딩 ***호",경상남도 양산시 물금읍 범어리 ****-*,50611,2023-06-20,영업/정상
경남,댕스마일,,"경상남도 양산시 물금읍 범구로 **, 국보프라자 ***호",경상남도 양산시 물금읍 범어리 ****-** 국보프라자,50611,2023-10-13,영업/정상
경남,독스쿨,055-365-0720,"경상남도 양산시 평산남*길 *, 동화골프연습장 (평산동)",경상남도 양산시 평산동 *** 동화골프연습장,50549,2024-01-19,영업/정상
경남,와우펫앤쥬 양산점,,"경상남도 양산시 물금읍 버들길 **, ***, ***호",경상남도 양산시 물금읍 물금리 ***-*,50657,2024-06-27,영업/정상
경남,예뻐영&포켓쥬,,"경상남도 양산시 대운로 ***, *층 ***호 (명동)",경상남도 양산시 명동 ****-*,50532,2025-05-30,영업/정상
경남,더펫(The Pet),,"경상남도 양산시 물금읍 백호*길 **, *층",경상남도 양산시 물금읍 가촌리 ****-*,50613,2025-07-02,영업/정상
경남,양산강아지분양 퍼피스인,,"경상남도 양산시 삼호동부로 **, *층 (명동)",경상남도 양산시 명동 ****-**,50532,2025-09-11,영업/정상
경남,한국반려동물전문학원,,"경상남도 양산시 양산대로 ***, 마레의집 *층 (북정동)",경상남도 양산시 북정동 ***-* 마레의집,50572,2025-12-19,영업/정상
경남,천연농장(강영호),,경상남도 의령군 유곡면 능인로*길 **-**,경상남도 의령군 유곡면 신촌리 **,52116,2016-06-28,영업/정상
경남,원-헬스,,경상남도 의령군 가례면 가례로 **-**,경상남도 의령군 가례면 가례리 **-*,52137,2019-06-28,영업/정상
경남,천연농장(강영호),,경상남도 의령군 유곡면 능인로*길 **-**,경상남도 의령군 유곡면 신촌리 **,52116,2016-06-28,영업/정상
경남,함안 애견샵 러블리펫,,"경상남도 함안군 가야읍 가야로 **, 러블리펫",경상남도 함안군 가야읍 도항리 ***-* 러블리펫,52044,2018-07-24,영업/정상
경남,군북(마일드)농장,,경상남도 함안군 함안면 북촌*길 **-**,경상남도 함안군 함안면 북촌리 ****-*,52051,2013-03-11,영업/정상
경남,퍼피앤독,055-583-7005,경상남도 함안군 가야읍 함안대로 ***-* (이연),경상남도 함안군 가야읍 말산리 ***-**,52043,2017-03-24,영업/정상
경남,KGB kennel(케이지비 캔넬),,경상남도 함안군 산인면 신산*길 ***-**,경상남도 함안군 산인면 신산리 ***,52032,2018-03-05,영업/정상
경남,우포켄넬,,경상남도 창녕군 창녕읍 우포유어농로 ***,경상남도 창녕군 창녕읍 직교리 ***,50320,2019-06-21,영업/정상
경남,애지중지,,경상남도 창녕군 창녕읍 군청길 **,경상남도 창녕군 창녕읍 술정리 ***-*,50323,2022-10-11,영업/정상
경남,몽글몽글,,경상남도 창녕군 남지읍 대신길 **,경상남도 창녕군 남지읍 남지리 ***-*,50359,2024-08-05,영업/정상
경남,Fall in Rags,,경상남도 고성군 구만면 영회로 ****-*,경상남도 고성군 구만면 효락리 ***-*,52908,2018-05-15,영업/정상
경남,천연패밀리,,경상남도 산청군 생비량면 지리산대로****번길 ***,경상남도 산청군 생비량면 제보리 ***-*,52255,2025-04-05,영업/정상
경남,해시도그,,"경상남도 함양군 함양읍 고운로 **, 해시도그",경상남도 함양군 함양읍 교산리 ***-*,50037,2024-01-17,영업/정상
경남,용추 금수농장,,경상남도 함양군 안의면 하비길 ***-**,경상남도 함양군 안의면 하원리 ***,50005,2019-12-03,영업/정상
경남,강아지 나라,,경상남도 함양군 함양읍 원구길 **-*,경상남도 함양군 함양읍 구룡리 ***-*,50030,2016-09-12,영업/정상
경기,보라펫(봉담점),,"경기도 화성시 효행구 봉담읍 상리중심상가길 **-*, 비젼프라자 *층 ***호",경기도 화성시 효행구 봉담읍 상리 ***-*,18309,2026-08-13,영업/정상
경기,더포우즈,,"경기도 화성시 만세구 팔탄면 서촌길**번길 *, ***호",경기도 화성시 만세구 팔탄면 구장리 ***-*,18527,2026-07-03,영업/정상
경기,동탄강아지분양 퍼피멜로우,,경기도 화성시 병점구 여울로 ***-* (능동),경기도 화성시 병점구 능동 ***-*,18421,2026-07-07,영업/정상
경기,주니독 강아지전문켄넬 말티즈말티푸비숑푸들시츄요키분양동탄점,,"경기도 화성시 동탄구 동탄산척로*길 **, JJ프라자 ***호 (송동)",경기도 화성시 동탄구 송동 ***-*,18488,2026-08-20,영업/정상
경기,도토리펫,,"경기도 화성시 동탄구 동탄대로*길 **, *동 *층 ***호 (송동)",경기도 화성시 동탄구 송동 ***-*,18497,2026-04-24,영업/정상
경기,올 어바웃 포메라니안,,"경기도 화성시 동탄구 동탄치동천로*길 *-**, *층 (영천동)",경기도 화성시 동탄구 영천동 ***-*,18474,2026-07-16,영업/정상
경기,홀리몰리 펫앤렙,,"경기도 화성시 만세구 수노을*로 **, *층 ***호 (새솔동)",경기도 화성시 만세구 새솔동 **-*,18244,2026-03-04,영업/정상
경기,키워볼래&카페,,"경기도 화성시 병점구 **용사로 ***, *층 (능동)",경기도 화성시 병점구 능동 ***,18418,2026-02-23,영업/정상
경기,퍼피무드 강아지분양 전문 동탄본점,,"경기도 화성시 동탄구 동탄신리천로 ***, 청아프라자 ***호 (여울동)",경기도 화성시 동탄구 여울동 ****-*,18486,2026-04-06,영업/정상
경기,캣플 동탄점,,"경기도 화성시 동탄구 동탄대로*길 **, 라크몽 *층 E***~E***호 (송동)",경기도 화성시 동탄구 송동  ***-*,18497,2024-05-01,영업/정상
경기,화성강아지분양 고양이분양 독스캣,,"경기도 화성시 만세구 향남읍 발안로 ***, 정 메디 프라자 *층 ***호",경기도 화성시 만세구 향남읍 행정리 ***-* 정 메디 프라자,18591,2024-05-08,영업/정상
경기,주식회사 아이싸이랩,,"경기도 화성시 동탄구 메타폴리스로 **, 디앤씨빌딩 *층 ***호 엘**호 (반송동)",경기도 화성시 동탄구 반송동  ***-* 디앤씨빌딩,18455,2024-09-02,영업/정상
경기,브이아이피독,,경기도 화성시 만세구 서신면 염전길 **,경기도 화성시 만세구 서신면 매화리 ***-**,18555,2024-10-10,영업/정상
경기,도그시티,,"경기도 화성시 만세구 꽃내음*길 *-*, *동 ***호 (새솔동)",경기도 화성시 만세구 새솔동 **-*,18244,2024-11-01,영업/정상
경기,동탄강아지분양 전문 슈앤몽 본점,,"경기도 화성시 동탄구 동탄순환대로**길 *-**, ***호 (산척동)",경기도 화성시 동탄구 산척동 ***-*,18502,2025-02-03,영업/정상
경기,클라씨 퍼피(CLASSY PUPPY),,"경기도 화성시 동탄구 동탄대로*길 **, 라크몽 *층 W***-***호 (송동)",경기도 화성시 동탄구 송동  ***-*,18497,2025-03-11,영업/정상
경기,동탄강아지분양 퍼피메이트 안심분양센터,,"경기도 화성시 동탄구 동탄신리천로 ***, 경서타워 ***호 (목동)",경기도 화성시 동탄구 목동  ***-*,18490,2025-04-04,영업/정상
경기,윤선생 애견훈련소,,경기도 화성시 만세구 송산면 당성로***번길 *,경기도 화성시 만세구 송산면 육일리 **-*,18552,2025-04-17,영업/정상
경기,포시바(For Shiba),,"경기도 화성시 동탄구 지산*길 **-**, *층 (영천동)",경기도 화성시 동탄구 영천동 ***-*,18466,2025-05-02,영업/정상
경기,리홈(Re:Home),,"경기도 화성시 만세구 남양읍 역골로 **-**, *층 ***호",경기도 화성시 만세구 남양읍 남양리 ****-**,18267,2025-05-15,영업/정상
경기,동탄고양이분양 도레미캣,,"경기도 화성시 동탄구 메타폴리스로 **, *층 ***호 (반송동, 동탄파라곤II)",경기도 화성시 동탄구 반송동 ***-* 동탄파라곤II,18455,2025-07-01,영업/정상
경기,탑 퍼피(TOP PUPPY),,"경기도 화성시 만세구 꽃내음*길 **-**, 채울프라자 *층 ***호,***호 (새솔동)",경기도 화성시 만세구 새솔동 **-*,18244,2025-07-03,영업/정상
경기,동탄강아지분양 고양이분양 서리펫,,"경기도 화성시 동탄구 노작로 ***-*, ***-***호 (석우동)",경기도 화성시 동탄구 석우동  **-*,18460,2025-07-10,영업/정상
경기,더몬스터X비바유니버셜,,"경기도 화성시 동탄구 동탄대로**가길 **-**, *층 (영천동)",경기도 화성시 동탄구 영천동  ***-*,18471,2025-08-11,영업/정상
경기,동탄강아지분양 고양이분양 댕댕즈,,"경기도 화성시 동탄구 동탄반석로 ***, 동탄 스카이뷰 빌딩 ***호 (반송동)",경기도 화성시 동탄구 반송동  ***-* 동탄 스카이뷰 빌딩,18455,2025-08-21,영업/정상
경기,댕블리,,"경기도 화성시 동탄구 동탄공원로*길 **-*, *층 (반송동)",경기도 화성시 동탄구 반송동  **-*,18435,2025-09-23,영업/정상
경기,동탄강아지분양 차밍독,,"경기도 화성시 동탄구 지산*길 *-*, ***-***호 (영천동)",경기도 화성시 동탄구 영천동  ***-*,18466,2025-12-18,영업/정상
경기,골든햄스터분양 패러그린 동탄점,,"경기도 화성시 동탄구 남여울*길 **-*, *층 (능동)",경기도 화성시 동탄구 능동 ****-*,18418,2026-01-07,영업/정상
경기,랙돌 에비뉴,,"경기도 화성시 동탄구 동탄대로*길 **, *층 ***호 (송동)",경기도 화성시 동탄구 송동  ***-*,18497,2026-01-08,영업/정상
경기,예쁜농장,,경기도 화성시 만세구 홍난파길**번길 **-* (활초동),경기도 화성시 만세구 남양읍 활초리 **-*,,2008-06-23,영업/정상
경기,아지와 양이,,"경기도 화성시 병점구 영통로 **, *층 (반월동)",경기도 화성시 병점구 반월동  ***-**,18384,2011-06-22,영업/정상
경기,로얄수족관(이마트 봉담점),031-228-1234,"경기도 화성시 효행구 봉담읍 효행로 ***, 이마트",경기도 화성시 효행구 봉담읍 동화리 ***-* 이마트,18298,2012-08-21,영업/정상
경기,(주)그린아쿠아펫,02-2619-1285,경기도 화성시 만세구 향남읍 향남로 *** (홈플러스 향남점),경기도 화성시 만세구 향남읍 갈천리 ***-* 홈플러스 향남점,,2012-09-11,영업/정상
경기,(주)그린아쿠아펫,02-2619-1285,"경기도 화성시 병점구 경기대로 *** (병점동, 홈플러스 병점점)",경기도 화성시 병점구 병점동  ***-* 홈플러스 병점점,,2012-09-12,영업/정상
경기,퍼스트독,031-8003-5127,"경기도 화성시 동탄구 외삼미로 ***, *층 (반송동)",경기도 화성시 동탄구 반송동 **-*,18436,2013-03-25,영업/정상
경기,개네가 고양이네,,경기도 화성시 만세구 남양읍 남양시장로**번길 *,경기도 화성시 만세구 남양읍 남양리 ***-*,18258,2015-02-17,영업/정상
경기,고양이랑,,"경기도 화성시 동탄구 여울로 **, *층 (능동)",경기도 화성시 동탄구 능동 ****-*,18427,2016-11-30,영업/정상
경기,휴먼앤독,,경기도 화성시 만세구 서신면 안벼슬길***번길 ***,경기도 화성시 만세구 서신면 사곶리 *-*,18556,2017-09-06,영업/정상
경기,페이블주식회사,,"경기도 화성시 동탄구 동탄대로 ***-*, 메가비즈타워C동 ***호 (영천동)",경기도 화성시 동탄구 영천동  산 **-*,18467,2019-09-11,영업/정상
경기,(주)코스모스이펙트,02-6212-8587,"경기도 화성시 병점구 화산중앙로**번길 *, 삼신빌딩 ***호 (송산동)",경기도 화성시 병점구 송산동  ***-*,18357,2020-02-20,영업/정상
경기,특별한 동물가게,,경기도 화성시 동탄구 동탄치동천로*길 *-* (영천동),경기도 화성시 동탄구 영천동  ***-*,18474,2020-08-12,영업/정상
경기,경기한펫,,경기도 화성시 만세구 양감면 정문송산로***번길 ***-*,경기도 화성시 만세구 양감면 송산리 **-**,18628,2020-09-10,영업/정상
경기,하이애니멀샵,,경기도 화성시 효행구 봉담읍 새말안길 **-**,경기도 화성시 효행구 봉담읍 동화리 ***-*,18298,2021-05-25,영업/정상
경기,동탄강아지분양 고양이분양 펫아미,,"경기도 화성시 동탄구 동탄순환대로*길 *-**, ***호 (송동)",경기도 화성시 동탄구 송동  ***-**,18497,2021-09-17,영업/정상
경기,로얄독 강아지분양 화성동탄점,,"경기도 화성시 동탄구 동탄지성로 **, 센트럴프라자 ***호 (반송동)",경기도 화성시 동탄구 반송동  **-* 센트럴프라자 ***호,18434,2022-01-21,영업/정상
경기,동탄강아지분양 고양이분양 도그마루,,경기도 화성시 동탄구 동탄대로**길 *-**(오산동),경기도 화성시 동탄구 오산동  ****-**,18486,2022-06-02,영업/정상
경기,아이조아요양보호소 동탄점,,경기도 화성시 동탄구 중리북길 **(중동),경기도 화성시 동탄구 중동  **,18465,2022-10-24,영업/정상
경기,(주)우연컴퍼니,02-2038-8602,"경기도 화성시 동탄구 동탄중심상가*길 *, 로하스애비뉴 *층 ***호-사**호 (반송동)",경기도 화성시 동탄구 반송동  **-* 로하스애비뉴,18453,2022-12-01,영업/정상
경기,대박펫살롱,,"경기도 화성시 효행구 봉담읍 진등*길 **, *층 ***호",경기도 화성시 효행구 봉담읍 수영리 ***-**,18313,2023-07-18,영업/정상
경기,전생에인연펫,,"경기도 화성시 동탄구 동탄대로 ***-**, 상가동 A***호 (영천동, 동탄역 대방디엠시티 더 센텀)",경기도 화성시 동탄구 영천동  *** 동탄역 대방디엠시티 더 센텀,18467,2023-08-03,영업/정상
경기,미니미펫,,경기도 광주시 곤지암읍 평촌길 **,경기도 광주시 곤지암읍 삼리 ***-*,12805,2026-01-20,영업/정상
경기,온니테일,,"경기도 광주시 문형산길 ***-**, ***동 ***호 (신현동)",경기도 광주시 신현동 ***-**,12820,2026-03-12,영업/정상
경기,로얄수족관,031-8026-1052,경기도 광주시 광주대로 ** (경안동),경기도 광주시 경안동 **-*,,2012-08-21,영업/정상
경기,티니홈,,경기도 광주시 곤지암읍 광여로 ***-**,경기도 광주시 곤지암읍 오향리 **,12718,2014-05-01,영업/정상
경기,An's 명품펫 애견백화점,,경기도 광주시 파발로***번길 *-* (경안동),경기도 광주시 경안동 **-**,12755,2015-09-03,영업/정상
경기,펫모아,,"경기도 광주시 고불로 ***-* (태전동, 햇길터)",경기도 광주시 태전동 ***,12781,2015-09-18,영업/정상
경기,멍이랑 냥이랑,,경기도 광주시 초월읍 현산로 ***,경기도 광주시 초월읍 지월리 ***-*,12728,2018-07-09,영업/정상
경기,동현24시동물병원,031-768-7599,"경기도 광주시 경안천로 *, *층 (송정동)",경기도 광주시 송정동 **-**,12741,2018-09-05,영업/정상
경기,Mari,,경기도 광주시 곤지암읍 광여로 ***-**,경기도 광주시 곤지암읍 오향리 **-*,12718,2019-02-26,영업/정상
경기,애플펫동물병원,031-726-4800,"경기도 광주시 신현동 태재로 **, *층",경기도 광주시 신현동 ***-**,12771,2019-09-11,영업/정상
경기,알로하펍앤코,,"경기도 광주시 행정타운로 ***, ***호 (회덕동)",경기도 광주시 회덕동 ***-**,12766,2020-08-14,영업/정상
경기,냥냥펀치,,"경기도 광주시 양벌동 양벌로 ***, 연호상가 ***호",경기도 광주시 양벌동 ***-* 연호상가 ***호,12796,2021-01-05,영업/정상
경기,도그파파 동물병원,031-766-0079,경기도 광주시 곤지암읍 광여로 ***-*,경기도 광주시 곤지암읍 건업리 ***-**,12720,2021-09-10,영업/정상
경기,더예쁘개 댕댕샵,,"경기도 광주시 문형동 오포로 ***, *층 *호",경기도 광주시 문형동 ***-*,12774,2022-01-13,영업/정상
경기,슈슈몽,,"경기도 광주시 경충대로 ****-*, *층 *호 (쌍령동)",경기도 광주시 쌍령동 ***-*,12791,2022-01-28,영업/정상
경기,냥냥펀치,,"경기도 광주시 행정타운로 *-*, *층 ***호 (송정동)",경기도 광주시 송정동 ***,12739,2023-01-30,영업/정상
경기,빌리지독,,경기도 광주시 퇴촌면 천진암로***번길 *,경기도 광주시 퇴촌면 관음리 ***,12713,2023-04-03,영업/정상
경기,애견마트,,"경기도 광주시 경안천로 ***, *,*호 (송정동)",경기도 광주시 송정동 *-*,12740,2023-04-05,영업/정상
경기,선셋 햄스터리,,"경기도 광주시 양촌안길 **, *층 ***호 (양벌동)",경기도 광주시 양벌동 ***,12797,2023-08-04,영업/정상
경기,펫하우스,,"경기도 광주시 순암로 **-**, *층 ***호 (역동)",경기도 광주시 역동 ***-**,12777,2023-09-19,영업/정상
경기,홀리퍼피,,"경기도 광주시 경안로**번길 *, D***호 (경안동, 경기광주역 금호리첸시아)",경기도 광주시 경안동 *** 경기광주역 금호리첸시아,12760,2023-11-23,영업/정상
경기,도그피아 애견 훈련소,,경기도 광주시 곤지암읍 가마을길***번길 ***,경기도 광주시 곤지암읍 봉현리 ***-*,12724,2024-09-11,영업/정상
경기,마이펫톡톡,,"경기도 광주시 이배재로 ***, *층 (목현동)",경기도 광주시 목현동 ***-**,12765,2025-04-18,영업/정상
경기,야옹아 놀자 광주점,,"경기도 광주시 문화로***번길 *, 영공빌딩 *층 (경안동)",경기도 광주시 경안동 ***-** 영공빌딩,12754,2025-06-13,영업/정상
경기,MARUNA PET,,경기도 광주시 초월읍 산수로 **-*,경기도 광주시 초월읍 산이리 **-*,12799,2026-08-13,영업/정상
경기,엘리쉬펫,,"경기도 광주시 행정타운로 ***, *층 ***호 (회덕동)",경기도 광주시 회덕동 ***,12766,2025-09-12,영업/정상
경기,캣독365 경기광주점 강아지분양 고양이분양,,"경기도 광주시 문화로 **, *층 (역동)",경기도 광주시 역동 ***-*,12764,2025-11-13,영업/정상
충북,퍼피엔젤,043-836-5009,충청북도 증평군 증평읍 중앙로 ***,충청북도 증평군 증평읍 초중리 **-**,27943,2016-02-05,영업/정상
충남,청춘애견 계룡점,,충청남도 계룡시 계룡대로 *** (금암동),충청남도 계룡시 금암동 ***-*,32826,2016-09-05,영업/정상
경기,슬기로운반려생활,,"경기도 양주시 고원*가길 **, ***호 (고암동)",경기도 양주시 고암동 ***-* ***호,11457,2026-09-01,영업/정상
경기,(주)밀레펫(이마트 양주점),,"경기도 양주시 평화로 **** (회정동, 이마트)",경기도 양주시 회정동 **,11435,2014-02-14,영업/정상
경기,지니독,,경기도 양주시 백석읍 기산로 ***-*,경기도 양주시 백석읍 기산리 ***-*,11518,2018-10-04,영업/정상
경기,행복 애견방,,"경기도 양주시 고암길 **, 한성빌딩 ***호 (고암동)",경기도 양주시 고암동 ***-*,11457,2018-11-12,영업/정상
경기,코리아펫,,경기도 양주시 장흥면 북한산로 ***,경기도 양주시 장흥면 교현리 ***-*,11523,2020-09-11,영업/정상
경기,루리힐,,"경기도 양주시 옥정동로*길 **, 파크프라자 ***호 (옥정동)",경기도 양주시 옥정동 ****-* 파크프라자 ***호,11473,2020-09-28,영업/정상
경기,강아지 대공원,031-865-4422,"경기도 양주시 옥정동로*다길 **, 대길프라자 ***호 (옥정동)",경기도 양주시 옥정동 ***-* 대길프라자,11473,2021-07-29,영업/정상
경기,(주)아쿠아시스템 양주옥정점,031-848-2073,"경기도 양주시 옥정로 ***, 신운정튼튼프라자 *층 *호 (옥정동)",경기도 양주시 옥정동 ***-*,11473,2022-06-28,영업/정상
경기,퍼피루미,,"경기도 양주시 옥정동로*나길 **, 드림타워Ⅰ *층 *호 (옥정동)",경기도 양주시 옥정동 ***-* 드림타워Ⅰ,11473,2022-11-02,영업/정상
경기,아이캣유,,"경기도 양주시 만삼로 ***, *층 (삼숭동)",경기도 양주시 삼숭동 ***-*,11483,2024-08-06,영업/정상
경기,양주고양이분양 모나미네코 옥정신도시점,,"경기도 양주시 옥정로 ***, 혜산프라자 *층 *호 (옥정동)",경기도 양주시 옥정동 ****-*,11479,2025-03-04,영업/정상
경기,푸딩퍼피,,"경기도 양주시 고읍남로 **, 더테라스 II *층 *호 (광사동)",경기도 양주시 광사동 ***-*,11492,2025-12-10,영업/정상
경기,find your dog,,경기도 포천시 가산면 금우로 *,경기도 포천시 가산면 금현리 ***-*,11164,2021-01-08,영업/정상
경기,퍼피츄,,경기도 포천시 소흘읍 솔모루로 **,경기도 포천시 소흘읍 송우리 ***-*,11179,2021-03-11,영업/정상
경기,모델독,,경기도 포천시 삼육사로****번길 ** (선단동)[*미고시],경기도 포천시 선단동 ***-*,11161,2021-04-20,영업/정상
경기,애견 11번가,,경기도 포천시 관인면 관인로**번길 *,경기도 포천시 관인면 탄동리 ***-**,11101,2021-04-20,영업/정상
경기,햄찌네,,"경기도 포천시 신북면 왕방로 ***, *층",경기도 포천시 신북면 가채리 ***,11140,2021-12-15,영업/정상
경기,(주)그린프레밀리,031-540-1234,경기도 포천시 호국로 *** (설운동),경기도 포천시 설운동 *,11161,2012-10-16,영업/정상
경기,현대애견,,경기도 포천시 소흘읍 송우로 **,경기도 포천시 소흘읍 송우리 ***-*,11176,2008-03-24,영업/정상
경기,프불하우스,,경기도 포천시 소흘읍 한성길 ***,경기도 포천시 소흘읍 고모리 ***-*,11185,2018-04-26,영업/정상
경기,너와함개냥,,경기도 포천시 군내면 포천로 ****-*,경기도 포천시 군내면 유교리 ***,11157,2018-09-21,영업/정상
경기,카페 캣츠,,"경기도 포천시 소흘읍 솔모루로 ***, *층",경기도 포천시 소흘읍 송우리 **-*,11170,2019-04-11,영업/정상
경기,정퍼피클럽,,경기도 포천시 소흘읍 광릉수목원로 ***,경기도 포천시 소흘읍 이곡리 ***-*,11187,2019-09-22,영업/정상
경남,소동물&파충류샵 모찌펫,,"경상남도 창원시 의창구 원이대로**번길 **, *층 (도계동)",경상남도 창원시 의창구 도계동 ***-*,51167,2026-05-22,영업/정상
경남,연낭애견,,경상남도 창원시 의창구 명서로 * (명서동),경상남도 창원시 의창구 명서동 **-*,,2008-07-21,영업/정상
경남,나라애견,,경상남도 창원시 성산구 용지로***번길 ** (중앙동),경상남도 창원시 성산구 중앙동 **-*,,2008-08-27,영업/정상
경남,퍼피하우스,,경상남도 창원시 성산구 용지로***번길 ** (중앙동),경상남도 창원시 성산구 중앙동 **-**,,2011-07-21,영업/정상
경남,마산애견,,경상남도 창원시 마산합포구 *·**대로 ***-* (상남동),경상남도 창원시 마산합포구 상남동 ***-***,,2012-02-09,영업/정상
경남,멍멍아야옹아,,경상남도 창원시 마산합포구 *·**대로 *** (상남동),경상남도 창원시 마산합포구 상남동 ***-***,51273,2012-02-10,영업/정상
경남,에스제이네이처(이마트창원점),,"경상남도 창원시 성산구 원이대로 ***, 창원이마트 *층 (중앙동)",경상남도 창원시 성산구 중앙동 ** 창원이마트,51515,2012-08-10,영업/정상
경남,러블리펫샵,,경상남도 창원시 진해구 안골로***번길 *-** (안골동),경상남도 창원시 진해구 안골동 ***-**,51609,2013-08-08,영업/정상
경남,남창원농협하나로마트 수족관,,경상남도 창원시 성산구 가음로 *** (가음동),경상남도 창원시 성산구 가음동 **-* *층,51489,2013-09-09,영업/정상
경남,똥강아지,,경상남도 창원시 마산회원구 내서읍 광려천서로 **-*,경상남도 창원시 마산회원구 내서읍 중리 ****-**,51230,2015-02-11,영업/정상
경남,마산강아지분양 뽀뽀애견,,경상남도 창원시 마산합포구 *·**대로 *** (상남동),경상남도 창원시 마산합포구 상남동 ***-***,51273,2015-06-08,영업/정상
경남,아이돌 스타,,"경상남도 창원시 마산회원구 무학로 *** (회원동, 용하힐탑빌라)",,51292,2016-03-21,영업/정상
경남,우리강아지,,"경상남도 창원시 의창구 우곡로 **, *층 (명서동)",경상남도 창원시 의창구 명서동 *-*,51383,2016-08-26,영업/정상
경남,퍼피랜드애견카페,,경상남도 창원시 진해구 남영로***번길 ** (남양동),경상남도 창원시 진해구 남양동 ***-**,51615,2016-09-08,영업/정상
경남,푸들사랑,,경상남도 창원시 성산구 외동반림로 *** (중앙동),경상남도 창원시 성산구 중앙동 **-*,51517,2018-05-02,영업/정상
경남,한강아쿠아 롯데마트 양덕점,,"경상남도 창원시 마산회원구 삼호로 **, 롯데마트 *층 (양덕동, 메트로시티 *단지)",경상남도 창원시 마산회원구 양덕동 **-** 롯데마트 *층,51319,2018-12-05,영업/정상
경남,쁘띠독,,"경상남도 창원시 성산구 용지로***번길 **, 남경빌딩 *층 (중앙동)",경상남도 창원시 성산구 중앙동 **-* 남경빌딩,51514,2020-04-28,영업/정상
경남,창원고양이분양 강아지분양 아담스펫,,"경상남도 창원시 성산구 용지로***번길 *, 대흥상가 *층 (중앙동)",경상남도 창원시 성산구 중앙동 **-* 대흥상가,51514,2020-05-21,영업/정상
경남,퍼피로그 강아지분양 창원점,,"경상남도 창원시 성산구 용지로 ***, 창원광장 동광뷰엘 ***호 (중앙동)",경상남도 창원시 성산구 중앙동 **-* 창원광장 동광뷰엘,51515,2021-06-11,영업/정상
경남,퍼피어스(Puppy us),,경상남도 창원시 성산구 원이대로 ***(상남동),경상남도 창원시 성산구 상남동 *-* 당당한방병원,51495,2021-08-13,영업/정상
경남,토이베베(TOY BEBE),,"경상남도 창원시 진해구 이동로 **, ***호 (이동)",경상남도 창원시 진해구 이동 ***-*,51655,2022-05-06,영업/정상
경남,개이쁨샵,,"경상남도 창원시 진해구 웅천동로***번길 **, 서한빌딩 ***호 (남문동)",경상남도 창원시 진해구 남문동 ****-* 서한빌딩,51617,2022-06-15,영업/정상
경남,애독(愛Dog),,"경상남도 창원시 의창구 대산면 주남로 ***-*, *층",경상남도 창원시 의창구 대산면 가술리 ***-**,51124,2023-05-25,영업/정상
경남,로얄 수족관,,"경상남도 창원시 마산합포구 서성로 *, 이마트 지하*층 (중앙동*가)",경상남도 창원시 마산합포구 중앙동*가 *-* 이마트,51735,2023-08-07,영업/정상
경남,깜돌게코샵,,"경상남도 창원시 마산합포구 자산서**길 **, *호 (자산동, 우성임대아파트)",경상남도 창원시 마산합포구 자산동 ***-** 우성임대아파트,51260,2024-02-06,영업/정상
경남,창원고양이분양 퍼스트캣 창원점,,"경상남도 창원시 성산구 용지로 ***, 창원광장 동광뷰엘 ***호 (중앙동)",경상남도 창원시 성산구 중앙동 **-* 창원광장 동광뷰엘,51515,2024-09-19,영업/정상
경남,창원강아지분양 고양이분양 도그마루,,"경상남도 창원시 성산구 대원로 **, 창원센트럴파크 에일린의뜰 근린생활시설 ***호, ***호 (대원동)",경상남도 창원시 성산구 대원동 **-*,51415,2025-03-18,영업/정상
경남,창원강아지분양 헬스독 애견입양 말티푸들포메라니안미니비숑,,"경상남도 창원시 의창구 남산로***번길 **-*, *층 ***호 (서상동)",경상남도 창원시 의창구 서상동 ***-*,51371,2025-05-20,영업/정상
경남,테디하우스,,경상남도 창원시 진해구 해원로*번길 *-* (이동),경상남도 창원시 진해구 이동 ***-**,51664,2025-08-07,영업/정상
경남,다온 입양센터 창원점 강아지분양 고양이분양,,"경상남도 창원시 성산구 중앙대로 **, 올림픽상가 *층 *호 (중앙동)",경상남도 창원시 성산구 중앙동 **-* 올림픽상가,51522,2025-11-20,영업/정상
경남,탑독,,"경상남도 창원시 진해구 용원서로 **, 재경빌딩 *층 ***호 (용원동)",경상남도 창원시 진해구 용원동 ****-*,51604,2025-12-22,영업/정상
경남,펄펫 강아지분양 고양이분양 창원점,,"경상남도 창원시 의창구 중동중앙로 **, 어반브릭스 *층 ****호 (중동)",경상남도 창원시 의창구 중동 ***-* 어반브릭스,51382,2026-08-10,영업/정상
충남,야옹아멍멍해봐,,충청남도 당진시 서해로 ****-* (시곡동),충청남도 당진시 시곡동 **-**,31764,2023-08-16,영업/정상
충남,햄스터 분양 로던트 클럽 충남점,,충청남도 당진시 교동*길 ** (읍내동),충청남도 당진시 읍내동 **-**,31776,2023-02-28,영업/정상
충남,컴페니언 도그,,충청남도 당진시 대덕*로*길 ** (수청동),충청남도 당진시 수청동 ****,31778,2018-08-30,영업/정상
충남,야옹아 멍멍해봐,,충청남도 당진시 서해로 **** (읍내동),충청남도 당진시 읍내동 ***-*,31769,2016-03-25,영업/정상
충남,물속풍경수족관,,충청남도 당진시 서부로 **-* (채운동),충청남도 당진시 채운동 ***-**,31785,2015-10-27,영업/정상
충남,한강아쿠아영어조합법인,,"충청남도 당진시 정안로 ** (원당동, 롯데마트)",충청남도 당진시 원당동 ***,31767,2012-01-01,영업/정상
세종,퍼피스타일,044-867-0099,"세종특별자치시 한누리대로 ****, 스타힐타워Ⅰ ***호 (보람동)",세종특별자치시 보람동 ***-* 스타힐타워Ⅰ ***호,30150,2018-08-21,영업/정상
세종,쓰담쓰담,,"세종특별자치시 한누리대로 ***, SR파크시티 ***호 (나성동)",세종특별자치시 나성동 *** SR파크시티,30123,2019-06-24,영업/정상
세종,에브리 뽀송,044-866-1158,"세종특별자치시 나성북로 **, B동 ***호 (나성동, 나릿재마을*단지)",세종특별자치시 나성동 ***-* 나릿재마을*단지 B동 ***호,30128,2022-07-14,영업/정상
세종,야옹아 멍멍해봐 세종점,,세종특별자치시 장군면 장기로 ***-**,세종특별자치시 장군면 봉안리 ***-*,30055,2023-09-27,영업/정상
세종,13번째고양이 분양카페,,"세종특별자치시 한누리대로 ****, 코끼리타워 ***호 (소담동)",세종특별자치시 소담동 *** 코끼리타워 ***호,30151,2023-10-04,영업/정상
세종,COZY GARDEN(코지가든),,"세종특별자치시 마음로 **, 세종 스마트큐브Ⅱ ***호 (고운동)",세종특별자치시 고운동 **** 세종 스마트큐브Ⅱ,30063,2023-12-18,영업/정상
세종,원독,044-867-0977,"세종특별자치시  마음안로 ***, *층 (고운동)",세종특별자치시 고운동 **** 나림빌딩,30062,2017-10-17,영업/정상
세종,(주)밀레펫 세종점,044-902-1234,"세종특별자치시 금송로 ***, *층 (가람동, 이마트세종점)",세종특별자치시 가람동 ***,30065,2015-12-30,영업/정상
세종,서울아쿠아룸,,"세종특별자치시 절재로 *** (어진동, 홈플러스 세종점)",세종특별자치시 어진동 ***-* 홈플러스 세종점,30102,2014-11-10,영업/정상
세종,라온캣 세종 고양이 분양,,"세종특별자치시 호려울로 **, 세종시드니 ***호 (보람동)",세종특별자치시 보람동 *** 세종시드니,30150,2026-06-10,영업/정상
세종,세종강아지분양 고양이분양 온유펫 중개센터,,"세종특별자치시 만남로 ***, 삼성프라자 ***호 (고운동)",세종특별자치시 고운동 **** 삼성프라자,30101,2025-04-01,영업/정상
세종,와우펫앤쥬 세종,,"세종특별자치시 나성로 **-**, 트리플렉스 *층 ***호 (나성동)",세종특별자치시 나성동 *** 트리플렉스,30129,2026-03-27,영업/정상
경기,애견나라,031-882-0035,경기도 여주시 상동 여흥로 ***,경기도 여주시 상동 ***-*,,2008-07-09,영업/정상
경기,주식회사 베이비몽,,경기도 여주시 대신면 대신*로 ***-**,경기도 여주시 대신면 윤촌리 ***-*,12609,2026-04-08,영업/정상
경기,만물농원,031-881-2762,,경기도 여주시 산북면 상품리 **-*,,2008-07-21,영업/정상
경기,나루터켄넬,,,경기도 여주시 능서면 광대리 ***-*,,2008-07-21,영업/정상
경기,여주켄넬,031-884-3204,,경기도 여주시 능서면 내양리 ***-**,,2008-10-23,영업/정상
경기,강아지와 고양이,031-883-5588,,경기도 여주시 창동 ***-**,,2011-03-08,영업/정상
경기,하늘재,,경기도 여주시 대신면 후포*길 *-**,경기도 여주시 대신면 후포리 ***-**,12611,2011-12-27,영업/정상
경기,멍멍이와 야옹이,031-885-1661,,경기도 여주시 상동 ***,,2012-01-18,영업/정상
경기,로얄수족관,,경기도 여주시 홍문동 세종로 ***,경기도 여주시 홍문동 ***-*,,2012-10-10,영업/정상
경기,도그북,,경기도 여주시 대신면 여양*로 **,경기도 여주시 대신면 천서리 ***-*,12608,2016-10-04,영업/정상
경기,개좋은 유치원,,"경기도 여주시 여흥로***번길 *-*, *층 (홍문동)",경기도 여주시 홍문동 **-*,12627,2017-05-12,영업/정상
경기,여주 멍스타,031-885-1222,"경기도 여주시 세종로**번길 **, *층 (홍문동)",경기도 여주시 홍문동 ***-*,12630,2018-02-06,영업/정상
경기,개냥이 세계,070-8866-8626,"경기도 여주시 가남읍 대명산길 *, *층",경기도 여주시 가남읍 태평리 ***,12662,2018-03-23,영업/정상
경기,플라잉독,,경기도 여주시 점동면 안평로 **,경기도 여주시 점동면 사곡리 ***,12665,2018-09-21,영업/정상
경기,네발로 코리아,,경기도 여주시 흥천면 독정말길 **-**,경기도 여주시 흥천면 귀백리 ***,12607,2018-10-16,영업/정상
경기,PUPPYSEVEN,,경기도 여주시 대신면 대신*로 ***-**,경기도 여주시 대신면 윤촌리 ***-*,12609,2021-04-02,영업/정상
경기,캣스타,,"경기도 여주시 세종로**번길 **, 모범빌딩 *층 (홍문동)",경기도 여주시 홍문동 *** 모범빌딩,12631,2021-10-05,영업/정상
경기,메다카린,,"경기도 여주시 가남읍 일신로 **, 상가동 (굿모닝타워아파트)",경기도 여주시 가남읍 태평리 ***-* 굿모닝타워아파트,12662,2025-01-23,영업/정상
충북,비스캣 고양이카페,,충청북도 청주시 상당구 무심동로***번길 **-* (남문로*가),충청북도 청주시 상당구 남문로*가 ***-**,28532,2026-02-27,영업/정상
충북,햄찌랑슈가랑,,"충청북도 청주시 흥덕구 풍산로 **, *층 (가경동)","충청북도 청주시 흥덕구 가경동 **** , *층",28395,2026-06-16,영업/정상
충북,캣독365 청주점 강아지분양 고양이분양,,"충청북도 청주시 청원구 율봉로 ***, ***호 (율량동)",충청북도 청주시 청원구 율량동 **** ***호,28320,2026-04-13,영업/정상
충북,동물보듬센터 청주지점,070-8095-1205,충청북도 청주시 상당구 목련로 ***-* (운동동),충청북도 청주시 상당구 운동동 ***-*,28759,2026-08-28,영업/정상
충북,하나애견,043-273-5978,충청북도 청주시 서원구 사직대로 ***-* (사직동),충청북도 청주시 서원구 사직동 ***-*,28556,2008-08-29,영업/정상
충북,나라애견 가경점,043-233-9933,,충청북도 청주시 흥덕구 가경동 ****,,2008-09-09,영업/정상
충북,개와고양이,043-262-8114,충청북도 청주시 서원구 호국로 ** (사직동),충청북도 청주시 서원구 사직동 ***-*,28651,2019-01-07,영업/정상
충북,이츠펫 본점,043-268-0089,충청북도 청주시 흥덕구 *순환로 *** (봉명동),충청북도 청주시 흥덕구 봉명동 ****,,2008-09-10,영업/정상
충북,빠찌애견,043-275-1235,충청북도 청주시 서원구 사직대로 ***-* (사직동),충청북도 청주시 서원구 사직동 ***-*,28556,2008-09-10,영업/정상
충북,동물의 왕국,043-287-0111,충청북도 청주시 상당구 월평로 *** (용암동),충청북도 청주시 상당구 용암동 ****,28772,2008-09-11,영업/정상
충북,나라애견 본점,043-262-0884,,충청북도 청주시 서원구 사직동 ***-**,,2009-05-28,영업/정상
충북,늘푸른동물병원,043-271-7582,,충청북도 청주시 흥덕구 봉명동 ***-*,,2009-09-10,영업/정상
충북,뽀삐뽀삐,043-256-0079,,충청북도 청주시 흥덕구 가경동 ****,,2012-03-06,영업/정상
충북,민트도그,043-288-2938,충청북도 청주시 상당구 산성로***번길 ** (용담동),충청북도 청주시 상당구 용담동 *** ***호,,2012-05-17,영업/정상
충북,독한고양이애견전문샵,043-234-9844,"충청북도 청주시 상당구 쇠내로***번길 *, 동청주복음교회 *층 (금천동)",충청북도 청주시 상당구 금천동 ***-* 동청주복음교회,28739,2012-07-04,영업/정상
충북,롯데마트상당점수족관(펫코리아 7),043-213-2500,충청북도 청주시 상당구 용암북로***번길 ** (용암동),충청북도 청주시 상당구 용암동 ****,,2012-08-13,영업/정상
충북,에스제이네이처(이마트청주점),,충청북도 청주시 서원구 청남로 **** (미평동),충청북도 청주시 서원구 미평동 ***-*,,2012-08-13,영업/정상
충북,서울아쿠아룸(홈플러스 청주점),,충청북도 청주시 흥덕구 서부로 **** (가경동),충청북도 청주시 흥덕구 가경동 ****,,2012-08-17,영업/정상
충북,(유)애니멀코퍼레이션 동물보육원 청주사무국,,"충청북도 청주시 청원구 향군로 **, *층 (우암동)","충청북도 청주시 청원구 우암동 ***-* ,*층",28535,2026-06-11,영업/정상
충북,서울아쿠아룸(롯데마트 서청주점),043-254-2500,,충청북도 청주시 흥덕구 비하동 ***-*,,2012-11-08,영업/정상
충북,오도독,043-235-0968,충청북도 청주시 서원구 사직대로 *** (사직동),충청북도 청주시 서원구 사직동 ***-*,28556,2014-06-26,영업/정상
충북,(주)야옹아멍멍해봐펫 강아지고양이 청주분평점,043-294-0049,충청북도 청주시 서원구 *순환로 **** (분평동),충청북도 청주시 서원구 분평동 ***-*,28701,2014-12-18,영업/정상
충북,미니도그,043-296-2004,충청북도 청주시 상당구 월평로 *** (용암동),충청북도 청주시 상당구 용암동 ****,28772,2015-09-07,영업/정상
충북,야옹아멍멍해봐,043-213-0045,충청북도 청주시 청원구 오창읍 중심상업*로 **,충청북도 청주시 청원구 오창읍 양청리 ***-*,28120,2016-10-24,영업/정상
충북,펫클라우드,043-236-0101,충청북도 청주시 흥덕구 가로수로 ****-* (복대동),,28597,2017-07-16,영업/정상
충북,(주)야옹아멍멍해봐펫 강아지고양이 율량본점,043-211-1000,충청북도 청주시 청원구 *순환로 *** (율량동),충청북도 청주시 청원구 율량동 ****,28320,2018-01-10,영업/정상
충북,꽃개,043-276-3452,충청북도 청주시 서원구 사직대로 *** (사직동),충청북도 청주시 서원구 사직동 ***-*,28651,2019-03-25,영업/정상
충북,랍독,,충청북도 청주시 서원구 사직대로 *** (사직동),충청북도 청주시 서원구 사직동 ***-*,28651,2019-03-29,영업/정상
충북,펫돌봄(돌봄컴퍼니),043-212-7516,"충청북도 청주시 청원구 율량로***번길 **-*, *층 (율량동)",충청북도 청주시 청원구 율량동 **** *층,28320,2019-07-02,영업/정상
충북,(주)코스모스이펙트,,"충청북도 청주시 청원구 율봉로***번길 **-*, ***호 (율량동)",충청북도 청주시 청원구 율량동 ***,28329,2019-07-22,영업/정상
충북,청주 강아지분양 고양이분양 미유펫 청주점,,충청북도 청주시 서원구 청남로 **** (수곡동),충청북도 청주시 서원구 수곡동 **-**,28689,2020-01-03,영업/정상
충북,도경펫샵,,충청북도 청주시 상당구 남사로***번길 ** (남주동),충청북도 청주시 상당구 남주동 ***-*,28532,2020-08-31,영업/정상
충북,멍캣,,"충청북도 청주시 청원구 오창읍 *산단*로 **, ***호",충청북도 청주시 청원구 오창읍 주성리 ***,28117,2020-11-16,영업/정상
충북,앨리스캣(Alice CAT),,"충청북도 청주시 흥덕구 과상미로*번길 **, ***호 (봉명동)",충청북도 청주시 흥덕구 봉명동 **** ***호,28452,2021-03-04,영업/정상
충북,프리펫시티,043-262-9096,"충청북도 청주시 흥덕구 사직대로 **, 프리펫시티 (복대동)",충청북도 청주시 흥덕구 복대동 ***-* 프리펫시티,28641,2021-05-20,영업/정상
충북,묘하우스,,"충청북도 청주시 청원구 율량로 ***, ***호 (율량동)",충청북도 청주시 청원구 율량동 ****,28319,2021-08-26,영업/정상
충북,미스터브리더,,충청북도 청주시 서원구 남이면 청남로 ****-**,충청북도 청주시 서원구 남이면 척산리 ***,28182,2021-10-27,영업/정상
충북,청주강아지분양 고양이분양 도그마루,,"충청북도 청주시 서원구 모충로 **, ***~***호 (개신동)",충청북도 청주시 서원구 개신동 ***-*,28668,2021-12-13,영업/정상
충북,야옹아 멍멍해봐 강아지고양이 청주동남점,043-284-0049,"충청북도 청주시 상당구 월평로 ***, *층 (방서동)",충청북도 청주시 상당구 방서동 ***,28786,2022-03-14,영업/정상
충북,천년와산업,,충청북도 청주시 청원구 토성로 ***(정북동),충청북도 청주시 청원구 정북동 ***-*,28304,2022-03-24,영업/정상
충북,멍품,,충청북도 청주시 상당구 중고개로***번길 **(금천동),충청북도 청주시 상당구 금천동 ***-**,28726,2022-03-31,영업/정상
충북,햄토리 군단,,"충청북도 청주시 상당구 꽃산서로 *, ***호 (금천동)",충청북도 청주시 상당구 금천동 **-** ***호,28732,2022-06-24,영업/정상
충북,고양이샵,,"충청북도 청주시 상당구 성안로**번길 **, *층 (남주동)",충청북도 청주시 상당구 남주동 ***,28533,2022-08-01,영업/정상
충북,청주 강아지 분양 리몽드 퍼피 켄넬,,"충청북도 청주시 청원구 율량로 **, ***호 (주중동)",충청북도 청주시 청원구 주중동 *** ***호,28325,2022-09-21,영업/정상
충북,(주)우연컴퍼니,,"충청북도 청주시 청원구 충청대로 ***, *층 (율량동)",충청북도 청주시 청원구 율량동 ****,28333,2022-11-24,영업/정상
충북,햄스터라운지,,"충청북도 청주시 서원구 구룡산로 ***-*, *층 (수곡동)",충청북도 청주시 서원구 수곡동 **-**,28693,2023-03-28,영업/정상
충북,수려하개,,"충청북도 청주시 상당구 영운천로 ***, *층 (용정동)",충청북도 청주시 상당구 용정동 ***,28750,2023-04-25,영업/정상
충북,펫빌리지,,"충청북도 청주시 상당구 수암로 **, *층 (수동)",충청북도 청주시 상당구 수동 **-***,28507,2023-05-18,영업/정상
충북,다온 입양센터 청주점 강아지분양 고양이분양,,"충청북도 청주시 청원구 주성로 **-*, 주*동 (사천동)",충청북도 청주시 청원구 사천동 ***-*,28341,2023-07-27,영업/정상
충북,반려인,,충청북도 청주시 서원구 현도면 우록*길 **,충청북도 청주시 서원구 현도면 우록리 ***-*,28214,2024-01-09,영업/정상
충북,버드앤쥬샵,,충청북도 청주시 청원구 주중로***번길 *** (주중동),충청북도 청주시 청원구 주중동 ***-**,28307,2024-01-11,영업/정상
충북,유올펫 강아지고양이 청주점,,"충청북도 청주시 흥덕구 봉명로***번길 **, *층 (봉명동, 다세대주택)",충청북도 청주시 흥덕구 봉명동 ***-*,28557,2024-01-16,영업/정상
충북,청주강아지분양 고양이분양 퍼피댕 안심입양분양소 청주점,,"충청북도 청주시 서원구 무심서로***번길 *-*, *층 ***호 (모충동)",충청북도 청주시 서원구 모충동 ***,28673,2024-03-27,영업/정상
충북,피카쥬,,"충청북도 청주시 청원구 오창읍 *산단*로 **, *층 ***호",충청북도 청주시 청원구 오창읍 주성리 ***,28117,2024-05-01,영업/정상
충북,라라독(LaLaDOG) 프리미엄 청주강아지분양,,"충청북도 청주시 상당구 중고개로 ***, ***호 (용암동)",충청북도 청주시 상당구 용암동 ****,28808,2024-08-22,영업/정상
충북,청주강아지분양 애견입양 애견미용 바른펫,,"충청북도 청주시 흥덕구 대농로 **, ***호 (복대동)",충청북도 청주시 흥덕구 복대동 ***-*,28424,2024-09-02,영업/정상
충북,EUM COMPANY,043-273-5114,충청북도 청주시 서원구 남이면 청남로 ****-**,충청북도 청주시 서원구 남이면 외천리 ***,28185,2024-09-11,영업/정상
충북,캣플헤븐 청주오창점,,"충청북도 청주시 청원구 오창읍 과학산업*로 ***, *층 ***-***호 (오창반도유보라퍼스티지)",충청북도 청주시 청원구 오창읍 각리 ***-* 오창반도유보라퍼스티지,28125,2025-09-03,영업/정상
충북,펠롱펫,,충청북도 청주시 서원구 복대로 ** (개신동),충청북도 청주시 서원구 개신동 ***,28608,2025-09-25,영업/정상
충북,야옹아 멍멍해봐 비하점,043-237-0049,"충청북도 청주시 흥덕구 *순환로 ****, *층 (비하동)",충청북도 청주시 흥덕구 비하동 ***-**,28361,2025-11-28,영업/정상
광주,(주)우연컴퍼니,,전남광주통합특별시 목포시 영산로 **-* (명륜동),전남광주통합특별시 목포시 명륜동,58728,2023-01-09,영업/정상
광주,카페모퉁이,,전남광주통합특별시 목포시 번영로 ** (상동),전남광주통합특별시 목포시 상동 ****-*,58689,2023-11-08,영업/정상
광주,라라올라,,전남광주통합특별시 목포시 신흥로**번길 * (옥암동),전남광주통합특별시 목포시 옥암동 ***-**,58684,2024-08-26,영업/정상
광주,햄 별,,"전남광주통합특별시 목포시 비파로 ***, *층 (상동)",전남광주통합특별시 목포시 상동 ***-**,58660,2025-03-28,영업/정상
광주,씨아이임팩트,,"전남광주통합특별시 목포시 용당로 ***-*, *층 (용당동)",전남광주통합특별시 목포시 용당동 ****-**,58705,2025-04-07,영업/정상
광주,목포 강아지 고양이 분양 토리펫,,전남광주통합특별시 목포시 수문로 ** (죽동),전남광주통합특별시 목포시 죽동 **,58728,2025-11-27,영업/정상
광주,행복한 강아지,,전남광주통합특별시 목포시 수문로 **-* (죽동),전남광주통합특별시 목포시 죽동 *,,2008-08-20,영업/정상
광주,해피 애견,,전남광주통합특별시 목포시 산정로 ***(산정동),전남광주통합특별시 목포시 산정동 ****-**,58732,2008-08-22,영업/정상
광주,하얀강아지,,"전남광주통합특별시 목포시 비파로**번길 **, *층 (상동)",전남광주통합특별시 목포시 상동 ***-*,58691,2008-09-08,영업/정상
광주,고양이 마을,,전남광주통합특별시 목포시 하당로 *** (상동),전남광주통합특별시 목포시 상동 ***-*,,2009-04-29,영업/정상
광주,엔젤애견,,전남광주통합특별시 목포시 하당로 *** (상동),전남광주통합특별시 목포시 상동 ***-*,58660,2011-10-19,영업/정상
광주,서울아쿠아룸(이마트목포점),,전남광주통합특별시 목포시 옥암로 *** (옥암동),전남광주통합특별시 목포시 옥암동 ***-**,58657,2012-09-10,영업/정상
광주,(주)코스모스이펙트,,전남광주통합특별시 목포시 마인계터로**번길 * (죽동),전남광주통합특별시 목포시 죽동,58727,2019-08-09,영업/정상
광주,애견용품 할인매장,,"전남광주통합특별시 목포시 백년대로 ***, *층 (상동)",전남광주통합특별시 목포시 상동 ***-*,58690,2020-12-14,영업/정상
광주,야옹아 멍멍해봐,061-284-5454,전남광주통합특별시 목포시 하당로 *** (상동),전남광주통합특별시 목포시 상동 ***-*,58662,2022-04-29,영업/정상
광주,강아지탐험대,,전남광주통합특별시 여수시 문수로 *** (문수동),전남광주통합특별시 여수시 문수동 **-*,,2008-09-17,영업/정상
광주,돌비 가정 애견 농장,,전남광주통합특별시 여수시 돌산읍 돌산로 ***,전남광주통합특별시 여수시 돌산읍 금성리 ***-*,59777,2019-10-11,영업/정상
광주,댕 빌리지,,전남광주통합특별시 여수시 좌수영로 ***(광무동),전남광주통합특별시 여수시 광무동 ***-*,59717,2019-12-13,영업/정상
광주,퍼스트캣 여수점,,"전남광주통합특별시 여수시 신기남*길 **, *층 (신기동)",전남광주통합특별시 여수시 신기동 ***-*,59686,2022-05-17,영업/정상
광주,한강아쿠아 롯데마트 여천점,,"전남광주통합특별시 여수시 무선로 ***, 롯데마트 여천점 *층 (선원동)",전남광주통합특별시 여수시 선원동 ****-* 롯데마트 여천점,59640,2024-05-02,영업/정상
광주,패밀리캣,,"전남광주통합특별시 여수시 장성*길 **, *층 (안산동)",전남광주통합특별시 여수시 안산동 ***-**,59663,2024-09-20,영업/정상
광주,반려견,,"전남광주통합특별시 여수시 만성로 *, *층 (둔덕동)",전남광주통합특별시 여수시 둔덕동 ***-*,59697,2025-01-24,영업/정상
광주,캣그램 광주 고양이분양,,전남광주통합특별시 여수시 신기남*길 ** (신기동),전남광주통합특별시 여수시 신기동 ***-*,59686,2025-04-04,영업/정상
광주,레인보우 앵무,,전남광주통합특별시 여수시 율촌면 모래목길 *-*,전남광주통합특별시 여수시 율촌면 조화리 ***-*,59602,2023-04-19,영업/정상
광주,luscious pearl maltese,,"전남광주통합특별시 여수시 소라면 안심산길 ***, *층",전남광주통합특별시 여수시 소라면 죽림리 ***-**,59660,2023-05-11,영업/정상
광주,여수애견하우스,,전남광주통합특별시 여수시 쌍봉로 *** (둔덕동),전남광주통합특별시 여수시 둔덕동 ***-**,,2012-09-18,영업/정상
광주,서울아쿠아룸,,전남광주통합특별시 여수시 좌수영로 *** (오림동),전남광주통합특별시 여수시 오림동 ***-*,,2012-09-21,영업/정상
광주,꼬돌이냥,,전남광주통합특별시 순천시 낙안면 조정래길 ***-*,전남광주통합특별시 순천시 낙안면 이곡리 ***,57918,2022-05-11,영업/정상
광주,K9워킹독센터,,전남광주통합특별시 순천시 순천만길 ***(대룡동),전남광주통합특별시 순천시 대룡동 ***-**,58027,2022-04-26,영업/정상
광주,개좋다냥,,전남광주통합특별시 순천시 왕궁중앙길 **(조례동),전남광주통합특별시 순천시 조례동 ****-*,57970,2022-10-21,영업/정상
광주,반려견 2호점,,"전남광주통합특별시 순천시 비봉*길 *-**, *층 (조례동)",전남광주통합특별시 순천시 조례동 ****-*,57933,2025-05-23,영업/정상
광주,쥬디펫,,"전남광주통합특별시 순천시 장선배기*길 *, *층 (조례동)",전남광주통합특별시 순천시 조례동 ****-*,57968,2025-11-26,영업/정상
광주,냥글랜드,,"전남광주통합특별시 순천시 청사큰길 **, *층 *호 (저전동)",전남광주통합특별시 순천시 저전동 ***-** *호,57957,2025-12-16,영업/정상
광주,서울아쿠아룸(이마트 순천점),,전남광주통합특별시 순천시 팔마로 *** (덕암동),전남광주통합특별시 순천시 덕암동 ***,,2012-08-16,영업/정상
광주,서울아쿠아룸(홈플러스 순천점),,"전남광주통합특별시 순천시 신월큰길 ** (조례동, (홈플러스 순천점))",전남광주통합특별시 순천시 조례동 ***-*,57946,2012-08-16,영업/정상
광주,똥강아지애견,,"전남광주통합특별시 순천시 대석초등길 ** (연향동, 대중빌딩)",,57987,2016-05-25,영업/정상
광주,대성수족관,,"전남광주통합특별시 순천시 중앙로 ***-*, *층 (중앙동, 순천신경정신과)",전남광주통합특별시 순천시 중앙동 **-**,57941,2016-06-27,영업/정상
광주,둘리애견,061-752-5231,전남광주통합특별시 순천시 북문길 *** (매곡동),전남광주통합특별시 순천시 매곡동 **,57939,2026-02-25,영업/정상
광주,냥집사,,"전남광주통합특별시 순천시 행중길 **, *층 (행동)",전남광주통합특별시 순천시 행동 **,57941,2021-11-16,영업/정상
광주,Mr.독,,전남광주통합특별시 순천시 율산*길 *-** (연향동),전남광주통합특별시 순천시 연향동 ****-**,58003,2021-05-28,영업/정상
광주,에스티 비숑프리제,,"전남광주통합특별시 순천시 시민로 **, *층 (남내동)",전남광주통합특별시 순천시 남내동 *-* *층,57942,2021-05-18,영업/정상
광주,야옹아 멍멍해봐(조례호수점),,"전남광주통합특별시 순천시 왕지*길 *, 대서빌딩 (왕지동)",전남광주통합특별시 순천시 왕지동 ***-* 대서빌딩,57932,2020-12-31,영업/정상
광주,명견,,전남광주통합특별시 순천시 해룡면 선창길 **,전남광주통합특별시 순천시 해룡면 신대리 ***-*,58020,2020-11-06,영업/정상
광주,야옹아 멍멍해봐(신대점),,전남광주통합특별시 순천시 해룡면 신대*길 *,전남광주통합특별시 순천시 해룡면 신대리 ****-*,58011,2020-02-07,영업/정상
광주,별다방 야옹이,,"전남광주통합특별시 순천시 연향중앙상가길 **, J.C.B *층 (연향동)",전남광주통합특별시 순천시 연향동 ****-** J.C.B,57967,2019-04-09,영업/정상
광주,멍멍이랑 호호아줌마,,전남광주통합특별시 순천시 충효로 *** (조례동),전남광주통합특별시 순천시 조례동 ****,57966,2018-08-20,영업/정상
광주,광주애견경매장,,"전남광주통합특별시 나주시 남평읍 회재로 **, 남부토건(주)",전남광주통합특별시 나주시 남평읍 광이리 **-* 남부토건(주),58223,2019-10-31,영업/정상
광주,더펫,061-791-8977,"전남광주통합특별시 광양시 사동로 ***, *층 (마동)",전남광주통합특별시 광양시 마동 ****-*,57774,2018-10-04,영업/정상
광주,핑크 PET 살롱,061-792-1379,전남광주통합특별시 광양시 광영로 *** (광영동),전남광주통합특별시 광양시 광영동,57717,2015-02-25,영업/정상
광주,티아라 펫,061-761-6747,전남광주통합특별시 광양시 광양읍 인덕로 ****,전남광주통합특별시 광양시 광양읍 칠성리,57753,2014-08-11,영업/정상
광주,서울아쿠아룸(홈플러스 광양점),061-760-8000,전남광주통합특별시 광양시 항만**로 ** (중동),전남광주통합특별시 광양시 중동,57793,2012-08-23,영업/정상
광주,애견종합할인마트,1599-8387,전남광주통합특별시 광양시 시청로 ** (중동),전남광주통합특별시 광양시 중동,57786,2013-07-13,영업/정상
서울,펫나우,02-2135-4880,"서울특별시 관악구 호암로**가길 **, 명륜당독서실 ***호 (신림동)",서울특별시 관악구 신림동 ****-* 명륜당독서실,08812,2026-02-26,영업/정상
광주,애견가족,062-225-0303,전남광주통합특별시 동구 문화전당로**번길 **-* (불로동),전남광주통합특별시 동구 불로동 ***-*,61488,2011-01-07,영업/정상
광주,손금선애견세상,062-232-5684,전남광주통합특별시 동구 중앙로 *** (호남동),전남광주통합특별시 동구 호남동 **,,2008-10-30,영업/정상
광주,더 빛나개,,전남광주통합특별시 동구 학소로 ** (소태동),전남광주통합특별시 동구 소태동 ***-**,61502,2025-01-17,영업/정상
광주,광주강아지분양 블랑펫,,"전남광주통합특별시 동구 문화전당로**번길 **-*, *층 (불로동)",전남광주통합특별시 동구 불로동 ***-*,61488,2018-01-05,영업/정상
광주,알로하펫,062-351-6997,전남광주통합특별시 서구 화운로 ***-* (화정동),전남광주통합특별시 서구 화정동 ***-**,61980,2016-09-20,영업/정상
광주,폼스,062-416-4848,전남광주통합특별시 서구 풍암순환로***번길 ** (풍암동),전남광주통합특별시 서구 풍암동 ****-*,62060,2017-05-31,영업/정상
광주,핏어펫,,전남광주통합특별시 서구 상무오월로**번길 * (쌍촌동),전남광주통합특별시 서구 쌍촌동 ****,61966,2017-08-25,영업/정상
광주,세븐 독,,전남광주통합특별시 서구 상일로 ** (쌍촌동),전남광주통합특별시 서구 쌍촌동 ****-*,,2011-05-27,영업/정상
광주,개똥이와냐옹이,,전남광주통합특별시 서구 풍암순환로 ***-* (풍암동),전남광주통합특별시 서구 풍암동 ****-*,,2012-07-31,영업/정상
광주,(주)롯데마트(월드컵점),062-610-2500,"전남광주통합특별시 서구 금화로 ***, 롯데마트 (풍암동)",전남광주통합특별시 서구 풍암동 ***-*,62048,2012-08-30,영업/정상
광주,서울아쿠아룸(이마트광주점),,전남광주통합특별시 서구 죽봉대로 ** (화정동),전남광주통합특별시 서구 화정동 **-**,,2012-08-30,영업/정상
광주,도긴어스,,전남광주통합특별시 서구 풍금로 ** (금호동),전남광주통합특별시 서구 금호동 ***-*,62022,2014-02-12,영업/정상
광주,노블레스 독,,전남광주통합특별시 서구 화운로 *** (화정동),전남광주통합특별시 서구 화정동 ***-**,61980,2014-08-20,영업/정상
광주,광주강아지분양 고양이분양 펫왕국,062-383-8590,전남광주통합특별시 서구 상무오월로*번길 *-* (쌍촌동),,61966,2015-10-15,영업/정상
광주,골든스카이,,전남광주통합특별시 서구 화운로 ***-* (광천동),전남광주통합특별시 서구 광천동 ***-*,61913,2016-04-22,영업/정상
광주,미스터도그,070-4090-9111,"전남광주통합특별시 서구 금호운천길 ***, ***호 (쌍촌동)",전남광주통합특별시 서구 쌍촌동 ***-**,62002,2016-05-10,영업/정상
광주,뽀삐살롱,062-373-8841,"전남광주통합특별시 서구 운천로 ** (금호동, 우미호반아파트상가)",전남광주통합특별시 서구 금호동 ***-*,62003,2016-06-09,영업/정상
광주,까르르멍멍,062-371-5982,"전남광주통합특별시 서구 화운로***번길 *, 현대아파트 상가동 *층 ***,***호 (화정동)","전남광주통합특별시 서구 화정동 ***-* 현대아파트 상가동 *층, ***,***호",61975,2019-06-10,영업/정상
광주,붕가붕가샵,,"전남광주통합특별시 서구 상일로**번길 *, *층 (쌍촌동)",전남광주통합특별시 서구 쌍촌동 ****-** *층,61966,2020-02-21,영업/정상
광주,쓰담,,전남광주통합특별시 서구 월드컵*강로 *** (내방동),전남광주통합특별시 서구 내방동 ***-**,61976,2021-02-22,영업/정상
광주,광주고양이분양 강아지분양 브로스펫,,"전남광주통합특별시 서구 상무화원로 **, 이정빌딩 *층 ***호 (치평동)",전남광주통합특별시 서구 치평동 ****-*,61960,2022-04-08,영업/정상
광주,애니멀 패밀리,062-454-0840,"전남광주통합특별시 서구 화운로 ***, *층 (화정동)",전남광주통합특별시 서구 화정동 ***-**,61980,2023-06-21,영업/정상
광주,크리스타일,,"전남광주통합특별시 서구 상일로**번길 *-*, *층 (쌍촌동)",전남광주통합특별시 서구 쌍촌동 ****-*,61942,2023-08-08,영업/정상
광주,광주고양이분양 제나캣 광주점,,"전남광주통합특별시 서구 마륵로 **, *층 (마륵동)",전남광주통합특별시 서구 마륵동 ***-*,61955,2025-04-25,영업/정상
광주,광주강아지분양 분양샵 포코펫(POCO PET),,"전남광주통합특별시 서구 내방로 ***-*, *층 (쌍촌동)",전남광주통합특별시 서구 쌍촌동 ***,61942,2025-08-18,영업/정상
광주,광주강아지분양 오구오구(OGU OGU) 광주본점,,전남광주통합특별시 서구 풍금로**번길 ** (풍암동),전남광주통합특별시 서구 풍암동 ***-*,62049,2025-08-25,영업/정상
광주,광주강아지분양 고양이분양 미유펫 본점,,전남광주통합특별시 서구 마륵복개로 *** (쌍촌동),전남광주통합특별시 서구 쌍촌동 ***-**,61998,2018-07-25,영업/정상
광주,광주고양이분양 도로시펫,,"전남광주통합특별시 남구 서문대로 ***, SK텔레콤 *층 (주월동)",전남광주통합특별시 남구 주월동 ***-** SK텔레콤,61721,2025-12-31,영업/정상
광주,광주강아지분양 도로시펫,,"전남광주통합특별시 남구 서문대로 ***, SK텔레콤 *층 (주월동)",전남광주통합특별시 남구 주월동 ***-** SK텔레콤,61721,2025-12-31,영업/정상
광주,명품애견,,,전남광주통합특별시 남구 구동 **-**,,2008-09-18,영업/정상
광주,사람과애견,,,전남광주통합특별시 남구 구동 **-**,,2008-10-30,영업/정상
광주,짱구애견하우스,062-676-0025,전남광주통합특별시 남구 천변좌로 *** (구동),전남광주통합특별시 남구 구동 **-*,61639,2013-06-24,영업/정상
광주,서울아쿠아룸(이마트봉선점),,전남광주통합특별시 남구 봉선로 *** (봉선동),전남광주통합특별시 남구 봉선동 ****,61705,2013-12-02,영업/정상
광주,슈퍼독,062-229-0707,전남광주통합특별시 남구 대남대로 *** (백운동),전남광주통합특별시 남구 백운동 ***-*,61655,2014-03-14,영업/정상
광주,바람난강아지,,전남광주통합특별시 남구 천변좌로 ***-* (사동),전남광주통합특별시 남구 사동 **-*,61639,2014-06-13,영업/정상
광주,우리집강아지,,전남광주통합특별시 남구 천변좌로 *** (사동),전남광주통합특별시 남구 사동 **,61639,2014-10-28,영업/정상
광주,땡구야놀자,,전남광주통합특별시 남구 천변좌로 *** (사동),전남광주통합특별시 남구 사동 *,61639,2014-12-18,영업/정상
광주,끌레르몽,062-674-5977,"전남광주통합특별시 남구 서문대로 ***, *층 ***-*호 (주월동)",전남광주통합특별시 남구 주월동 ***-**,61722,2022-03-24,영업/정상
광주,비숑다움,,"전남광주통합특별시 남구 대남대로 ***, 펫타워 *층 (월산동)",전남광주통합특별시 남구 월산동 ****-* 펫타워,61613,2023-09-20,영업/정상
광주,펫마켓,062-522-9319,전남광주통합특별시 북구 설죽로 *** (용봉동),전남광주통합특별시 북구 용봉동 ****-*,61177,2015-09-15,영업/정상
광주,개맑음,,전남광주통합특별시 북구 우치로 *** (오치동),전남광주통합특별시 북구 오치동 ***-*,61053,2018-03-09,영업/정상
광주,서울아쿠아룸(홈플러스 동광주점),,전남광주통합특별시 북구 동문대로 *** (두암동),전남광주통합특별시 북구 두암동 ***-*,,2012-09-04,영업/정상
광주,야옹아멍멍해봐삼각점,062-400-8665,"전남광주통합특별시 북구 설죽로 ***-*, *층 (삼각동)",전남광주통합특별시 북구 삼각동 ***-*,61050,2021-09-09,영업/정상
광주,캣동산,,"전남광주통합특별시 북구 북문대로 **-*, *층 (운암동)",전남광주통합특별시 북구 운암동 **-**,61261,2022-06-23,영업/정상
광주,데일리도그(DAILY DOG),,"전남광주통합특별시 북구 청계로 **-*, *층 (용봉동)",전남광주통합특별시 북구 용봉동 ****-*,61114,2024-07-30,영업/정상
광주,광주 고양이가정분양 비비냥,,"전남광주통합특별시 북구 면앙로 **, *층 (용봉동)",전남광주통합특별시 북구 용봉동 ****-*,61188,2024-08-12,영업/정상
광주,광주강아지분양 애견만세 애견샵,,"전남광주통합특별시 북구 첨단연신로**번길 **, (주)어울림 ***호 (신용동)",전남광주통합특별시 북구 신용동 *** (주)어울림 ***호,61087,2026-01-15,영업/정상
광주,(주)롯데마트(첨단점),,"전남광주통합특별시 광산구 첨단강변로**번길 ** (쌍암동,롯데마트 첨단점 *층)",전남광주통합특별시 광산구 쌍암동 ***-* 롯데마트 첨단점 *층,,2012-08-29,영업/정상
광주,(주)롯데마트(수완점),,"전남광주통합특별시 광산구 장신로 ** (장덕동,롯데마트 수완점 *층)",전남광주통합특별시 광산구 장덕동 **** 롯데마트 수완점 *층,,2012-08-29,영업/정상
광주,퍼피스타,062-945-1900,전남광주통합특별시 광산구 송도로 *** (도산동),전남광주통합특별시 광산구 도산동 ***,,2013-06-20,영업/정상
광주,광주 강아지분양 고양이분양 도그마루,,"전남광주통합특별시 광산구 장신로 ***, *층 ***호 (수완동)",전남광주통합특별시 광산구 수완동 ****,62247,2022-11-17,영업/정상
광주,냥이멍이세상,062-974-4582,전남광주통합특별시 광산구 첨단강변로 **(쌍암동),전남광주통합특별시 광산구 쌍암동 ***-**,62279,2023-02-21,영업/정상
광주,똥강아지,,"전남광주통합특별시 광산구 신창로**번길 **, ***호 (신가동)",전남광주통합특별시 광산구 신가동 ****-*,62297,2016-09-05,영업/정상
광주,광주강아지분양 고양이분양 24시 데려가개본점,,전남광주통합특별시 광산구 풍영로***번안길 *-** (흑석동),전남광주통합특별시 광산구 흑석동 ***,62234,2018-09-14,영업/정상
광주,냐옹냐옹고양이카페,,"전남광주통합특별시 광산구 장신로**번길 *-**, *층 (장덕동)",전남광주통합특별시 광산구 장덕동 ****,62225,2018-12-28,영업/정상
광주,광주 고양이분양 펫엔글라이더 본점 로던트클럽 광주,062-952-5949,"전남광주통합특별시 광산구 마항길 **, *층 (하남동)",전남광주통합특별시 광산구 하남동 ****,62232,2019-03-15,영업/정상
광주,광주강아지분양 애견입양 아이러브독 광주점,,전남광주통합특별시 광산구 장덕로**번길 * (장덕동),전남광주통합특별시 광산구 장덕동 ****,62223,2020-01-17,영업/정상
광주,위드퍼피숑,,"전남광주통합특별시 광산구 왕버들로 ***, ***호 (수완동)",전남광주통합특별시 광산구 수완동 ***,62245,2020-03-30,영업/정상
광주,광주강아지분양 펫블리 애견 샵,,전남광주통합특별시 광산구 장신로**번길 ** (장덕동),전남광주통합특별시 광산구 장덕동 ****,62225,2020-05-11,영업/정상
광주,쭌이네,,"전남광주통합특별시 광산구 수등로***번길 *-*, *층 (신가동)",전남광주통합특별시 광산구 신가동 ****-*,62300,2026-03-16,영업/정상
광주,광주 고양이 먼치킨 프리미엄 먼치킨 광주점,,"전남광주통합특별시 광산구 하남울로 **, *층 (흑석동)",전남광주통합특별시 광산구 흑석동 ***-*,62232,2026-05-11,영업/정상
광주,광주강아지분양 애견분양 마마스미독 광주점,,전남광주통합특별시 광산구 목련로***번길 **(신가동),전남광주통합특별시 광산구 신가동 ***-**,62301,2021-10-21,영업/정상
광주,포우하우스,,"전남광주통합특별시 광산구 수완로*번길 **-**, ***호 (신가동)",전남광주통합특별시 광산구 신가동 ****,62308,2025-05-09,영업/정상
광주,광주 강아지분양 고양이분양 어반펫 광주본점,,"전남광주통합특별시 광산구 임방울대로 ***, *층 (도천동)",전남광주통합특별시 광산구 도천동 ***,62244,2025-06-04,영업/정상
광주,꼬똥 꼬숑 웨스티 전문 퍼피하우스 광주본점 광주강아지분양,,전남광주통합특별시 광산구 하남대로 ***-* (신가동),전남광주통합특별시 광산구 신가동 ***-*,62312,2025-09-30,영업/정상
광주,서울아쿠아룸(이마트광산점),,"전남광주통합특별시 광산구 사암로 ***, 광산 이마트 *층 (우산동)",전남광주통합특별시 광산구 우산동 ****-* 광산 이마트,62364,2012-08-24,영업/정상
광주,승민애견,,전남광주통합특별시 담양군 대덕면 신등갈길 **,전남광주통합특별시 담양군 대덕면 매산리 ***,,2008-09-25,영업/정상
광주,자미애견,,전남광주통합특별시 담양군 대덕면 신등갈길 **,전남광주통합특별시 담양군 대덕면 매산리 ***,,2008-09-25,영업/정상
광주,퀸애견,,전남광주통합특별시 담양군 창평면 유천길 **-**,전남광주통합특별시 담양군 창평면 삼천리 ***-**,57390,2008-09-25,영업/정상
광주,압록상상스쿨,,전남광주통합특별시 곡성군 오곡면 섬진강로 ****,전남광주통합특별시 곡성군 오곡면 압록리 ***,57531,2026-03-05,영업/정상
광주,월하농장,,전남광주통합특별시 고흥군 두원면 월하길 **-**,전남광주통합특별시 고흥군 두원면 풍류리 **-*,59514,2016-06-30,영업/정상
광주,고흥들꽃하우스,,전남광주통합특별시 고흥군 동강면 운동길 **-**,전남광주통합특별시 고흥군 동강면 한천리 ***-**,59502,2018-01-23,영업/정상
광주,고흥바다하우스,,전남광주통합특별시 고흥군 동강면 운동길 **,전남광주통합특별시 고흥군 동강면 한천리 ***-**,59502,2018-02-22,영업/정상
광주,이쁘개,,전남광주통합특별시 고흥군 도양읍 남촌길 **,전남광주통합특별시 고흥군 도양읍 봉암리 ****-**,59555,2022-07-15,영업/정상
광주,A-켄넬,,전남광주통합특별시 고흥군 대서면 봉두로 ***-*,전남광주통합특별시 고흥군 대서면 남정리 ***-*,59507,2020-03-04,영업/정상
광주,바닐라 애견샵,061-373-4002,전남광주통합특별시 화순군 화순읍 중앙로 **-*,전남광주통합특별시 화순군 화순읍 광덕리 **-*,58123,2021-01-15,영업/정상
광주,블라썸 캣,,전남광주통합특별시 화순군 화순읍 매화동길 **-*,전남광주통합특별시 화순군 화순읍 대리 **-**,58121,2017-08-03,영업/정상
광주,에셈애견농장,,전남광주통합특별시 화순군 동면 동주로 ***-**,전남광주통합특별시 화순군 동면 경치리 ***-*,58130,2014-11-21,영업/정상
광주,멍멍이네,,"전남광주통합특별시 화순군 능주면 지석로 ****, 세화주유소(sk)",전남광주통합특별시 화순군 능주면 남정리 ***-* 세화주유소(sk),58153,2024-10-08,영업/정상
광주,Hugpet(허그펫),,전남광주통합특별시 장흥군 장흥읍 장강로 ***-**,전남광주통합특별시 장흥군 장흥읍 사안리 ***-*,59311,2008-11-07,영업/정상
광주,멍이랑옹이랑,,전남광주통합특별시 장흥군 장흥읍 문림로 **-**,전남광주통합특별시 장흥군 장흥읍 건산리 ***-*,59324,2019-10-29,영업/정상
광주,똥강아지,061-864-3760,전남광주통합특별시 장흥군 장흥읍 의향길 *,전남광주통합특별시 장흥군 장흥읍 건산리 ***-*,59321,2021-03-30,영업/정상
광주,댕댕이 애견샵,,"전남광주통합특별시 강진군 강진읍 영랑로 **, *층",전남광주통합특별시 강진군 강진읍 남성리 **-*,59233,2024-07-04,영업/정상
광주,프리런,,전남광주통합특별시 해남군 황산면 공룡대로 ****,전남광주통합특별시 해남군 황산면 원호리 ***-*,59008,2023-10-26,영업/정상
광주,해남동물나라,061-535-0067,"전남광주통합특별시 해남군 해남읍 중앙*로 **, *층",전남광주통합특별시 해남군 해남읍 해리 ***-*,59037,2020-06-09,영업/정상
광주,내 마음은 도마도마,,"전남광주통합특별시 영암군 삼호읍 대불주거*로 **, 대불렉시안 아파트 단지내상가 ***동 *층 ***-*호",전남광주통합특별시 영암군 삼호읍 용앙리 ****-*,58455,2025-03-17,영업/정상
광주,즐거운 애견,,전남광주통합특별시 영암군 신북면 학동로 ***-*,전남광주통합특별시 영암군 신북면 학동리 ***-*,58400,2017-07-17,영업/정상
광주,무안의 숲 LAB,,"전남광주통합특별시 무안군 삼향읍 남악*로**번길 **, *층 ***호",전남광주통합특별시 무안군 삼향읍 남악리 **** *층 ***호,58567,2026-08-11,영업/정상
광주,산책하는 고양이,,"전남광주통합특별시 무안군 삼향읍 남악*로**번길 *, *층 ***호 (에드가채움 주상복합 아파트)",전남광주통합특별시 무안군 삼향읍 남악리 **** 에드가채움 주상복합 아파트 ***호,58578,2024-05-23,영업/정상
광주,롯데마트 남악점,042-541-0771,전남광주통합특별시 무안군 삼향읍 남악로***번길 **,전남광주통합특별시 무안군 삼향읍 남악리 ****,58579,2018-01-26,영업/정상
광주,화이트,,전남광주통합특별시 영광군 묘량면 묘량로 ***-**,전남광주통합특별시 영광군 묘량면 영양리 **,57056,2017-01-13,영업/정상
광주,조은켄넬,,전남광주통합특별시 영광군 백수읍 백수로 ***-**,전남광주통합특별시 영광군 백수읍 하사리 ****-*,57030,2018-03-19,영업/정상
광주,among,,전남광주통합특별시 영광군 영광읍 와룡로*길 **-**,전남광주통합특별시 영광군 영광읍 와룡리 ***-*,57022,2026-04-28,영업/정상
광주,메이플스토리애견샵,,전남광주통합특별시 장성군 장성읍 청운*길 *,전남광주통합특별시 장성군 장성읍 영천리 ****,57220,2015-04-07,영업/정상
광주,AWESOME POM,,전남광주통합특별시 장성군 황룡면 함장로 ****,전남광주통합특별시 장성군 황룡면 신호리 ***-**,57226,2020-09-25,영업/정상
광주,쭌이네 완도점,,전남광주통합특별시 완도군 완도읍 군내*번길 **-*,전남광주통합특별시 완도군 완도읍 군내리 ***-***,59123,2026-08-10,영업/정상
광주,진도개 경주견 사육장,061-544-5449,전남광주통합특별시 진도군 군내면 한의길 ***,,58901,2013-12-23,영업/정상
광주,진도견나라,,전남광주통합특별시 진도군 고군면 오일시*길 ***-*,전남광주통합특별시 진도군 고군면 도평리 ***,58909,2017-06-27,영업/정상
광주,진도개 사랑,,,전남광주통합특별시 진도군 진도읍 남동리 ***-**,,2017-06-27,영업/정상
광주,고야 진도개 시범사육장(고야축산),,전남광주통합특별시 진도군 지산면 상고야길 **-**,전남광주통합특별시 진도군 지산면 고야리 ***,58947,2017-06-30,영업/정상
광주,한국진도개전통놀이문화보존협동조합,,전남광주통합특별시 진도군 군내면 송산길 ***,전남광주통합특별시 진도군 군내면 송산리 **,58904,2017-07-17,영업/정상
광주,새천년 명견 진도개 사육장,061-544-1186,전남광주통합특별시 진도군 진도읍 고작길 ***,전남광주통합특별시 진도군 진도읍 해창리 **-**,58912,2017-08-23,영업/정상
광주,진도개천국 진도개훈련소,,전남광주통합특별시 진도군 군내면 진도대로 ****,전남광주통합특별시 진도군 군내면 둔전리 ****-***,58902,2022-03-30,영업/정상
광주,진도개패밀리,,전남광주통합특별시 진도군 고군면 석현*길 **-**,전남광주통합특별시 진도군 고군면 석현리 ***-*,58909,2022-07-29,영업/정상
광주,무지개훈련소,,전남광주통합특별시 진도군 고군면 지막길 **-*,전남광주통합특별시 진도군 고군면 지막리 ****-*,58907,2024-04-25,영업/정상
광주,진도개천국,,전남광주통합특별시 진도군 진도읍 남산로 *-**,전남광주통합특별시 진도군 진도읍 남동리 ***,,2010-11-23,영업/정상
제주,퍼펫 애견카페,,"제주특별자치도 제주시 중앙로 ***, *층 (이도일동)",제주특별자치도 제주시 이도일동 ****-**,63198,2018-10-06,영업/정상
제주,더펫츠,,"제주특별자치도 제주시 ****로 ****, *층 (노형동)",제주특별자치도 제주시 노형동 ***-*,63091,2021-04-27,영업/정상
제주,펫다방,,"제주특별자치도 제주시 ****로 ****, 정원빌딩 *층 (노형동)",제주특별자치도 제주시 노형동 ***-* 정원빌딩,63084,2021-07-08,영업/정상
제주,하이댕댕,070-8821-7900,"제주특별자치도 제주시 연북로 **, 노형이타스 * 지*층 ***호 (노형동)",제주특별자치도 제주시 노형동 ***-* 노형이타스 *,63086,2022-07-15,영업/정상
제주,미앤멍 강아지분양 제주본점,,"제주특별자치도 제주시 정원로 *, *층 (노형동)",제주특별자치도 제주시 노형동 ****-**,63088,2023-01-02,영업/정상
제주,제주 키움 동물,064-725-7579,"제주특별자치도 제주시 중앙로 ***, 나라키움 제주복합관사 ***호 (이도이동, 나라키움 제주복합관사)",제주특별자치도 제주시 이도이동 ****-* 나라키움 제주복합관사,63210,2023-05-16,영업/정상
제주,퍼피로운,,제주특별자치도 제주시 구좌읍 월정*길 **,제주특별자치도 제주시 구좌읍 월정리 **,63358,2025-04-09,영업/정상
제주,아마존펫,064-744-9090,제주특별자치도 제주시 ****로 **** (노형동),제주특별자치도 제주시 노형동 ***-*,63084,2025-04-30,영업/정상
제주,제주 골든햄스터 분양 볼주머니,,"제주특별자치도 제주시 월랑북*길 **-*, *층 (노형동)",제주특별자치도 제주시 노형동 ****-*,63095,2025-06-09,영업/정상
제주,서울수족관,,"제주특별자치도 제주시 전농로 **, ***호 (삼도일동, 신산스카이빌)",제주특별자치도 제주시 삼도일동 ***-* 신산스카이빌,63181,2025-08-14,영업/정상
제주,프레비따,,제주특별자치도 제주시 일주서로 **** (이호이동),제주특별자치도 제주시 이호이동 ****-*,63109,2025-12-22,영업/정상
제주,주식회사 피터페터,070-8098-6138,"제주특별자치도 제주시 첨단로 ***, 세미양빌딩 A동 *층 CO-*호 (영평동)",제주특별자치도 제주시 영평동 **** 세미양빌딩,63309,2026-08-27,영업/정상
제주,키티앤퍼피로운 강아지분양고양이분양 제주도본사,,"제주특별자치도 제주시 도련*길 **, *층 (도련일동)",제주특별자치도 제주시 도련일동 ****-**,63325,2026-08-18,영업/정상
제주,펫카페 라온,,"제주특별자치도 제주시 서광로 ***, *층 (삼도일동)",제주특별자치도 제주시 삼도일동 ***-*,63183,2026-07-30,영업/정상
제주,햄스타,,"제주특별자치도 제주시 중앙로 ***, *층 (이도일동)",제주특별자치도 제주시 이도일동 ****-**,63198,2026-04-22,영업/정상
제주,퍼피아이애견,064-713-0029,제주특별자치도 제주시 정존*길 * (노형동),제주특별자치도 제주시 노형동 ****-*,63103,2008-09-05,영업/정상
제주,명품애견,064-753-0709,제주특별자치도 제주시 중앙로 **-* (이도일동),제주특별자치도 제주시 이도일동 ****-*,63169,2009-01-07,영업/정상
제주,맹구와 땡칠이 광양점,064-751-0709,제주특별자치도 제주시 서광로 *** (이도일동),제주특별자치도 제주시 이도일동 ****-*,63198,2011-06-08,영업/정상
제주,요술강아지,064-748-0779,제주특별자치도 제주시 월랑로 * (노형동),,63099,2014-06-26,영업/정상
제주,제주헬로우펫,064-727-0907,제주특별자치도 제주시 연삼로 *** (이도이동),제주특별자치도 제주시 이도이동 ***-*,63225,2015-05-27,영업/정상
제주,프린스펫,,"제주특별자치도 제주시 구산로 *, ***호 (아라일동)",제주특별자치도 제주시 아라일동 ****-**,63236,2016-09-30,영업/정상
제주,제주강아지분양 아가야 본점,,"제주특별자치도 제주시 연북로 **, ***호 (노형동)",제주특별자치도 제주시 노형동 ***-*,63085,2017-04-17,영업/정상
제주,제주 강아지분양 애견샵 요미독 제주점,,"제주특별자치도 제주시 다랑곶*길 **, *층 (노형동)",제주특별자치도 제주시 노형동 ****-**,63097,2018-03-13,영업/정상
제주,캣츠앤독스,064-733-0071,"제주특별자치도 서귀포시 태평로 ***, *층 (동홍동)",제주특별자치도 서귀포시 동홍동 ***-*,63597,2018-11-01,영업/정상
제주,보타니카 170,,제주특별자치도 서귀포시 표선면 돈오름로 ***,제주특별자치도 서귀포시 표선면 표선리 ****,63628,2023-08-13,영업/정상
제주,제주진도,,제주특별자치도 서귀포시 효돈로***번길 * (하효동),제주특별자치도 서귀포시 하효동 ***,63606,2024-07-04,영업/정상
