전화번호,이름,그룹
010-9654-0497,한정숙,핸드폰_260909
010-2669-6812,01026696812,핸드폰_260909
010-2910-0264,구본환,핸드폰_260909
010-8983-8900,01089838900,핸드폰_260909
010-3272-8185,1006호,핸드폰_260909
010-4935-6564,20임태순,핸드폰_260909
010-4919-7503,21김덕수서양사서울대역사교육과,핸드폰_260909
010-5236-9046,동세호,핸드폰_260909
010-5556-8950,23권희명 농경제 농협은행,핸드폰_260909
010-3357-3251,23이항수 기설 한라대교수,핸드폰_260909
010-5108-9241,23주한규,핸드폰_260909
010-2244-4667,24김형규,핸드폰_260909
010-5290-3114,조진현,핸드폰_260909
010-8963-3345,강만희,핸드폰_260909
010-5325-5329,윤정원,핸드폰_260909
010-3587-0469,28정진영,핸드폰_260909
010-4326-4806,28최두열,핸드폰_260909
010-6346-6959,31기조은홍,핸드폰_260909
010-5231-0044,31김보승,핸드폰_260909
010-7334-4624,김승원,핸드폰_260909
010-7425-0212,31이권희 BESF AH&Cons.,핸드폰_260909
010-3112-2060,31정재승,핸드폰_260909
010-4020-8183,32김경수,핸드폰_260909
010-5711-3855,32김광규,핸드폰_260909
010-5293-3836,32백두보성 임성혁,핸드폰_260909
010-3210-2980,32신희재,핸드폰_260909
010-4000-2880,고충영,핸드폰_260909
010-5412-8365,34박광욱,핸드폰_260909
010-3493-3155,진중현,핸드폰_260909
010-8312-2536,한대규,핸드폰_260909
010-6356-1122,35김형일,핸드폰_260909
010-9093-0383,35정경인,핸드폰_260909
010-3319-6007,39윤치선,핸드폰_260909
010-2528-5103,39조정수,핸드폰_260909
010-3010-1352,40차상훈,핸드폰_260909
010-3708-5482,41이관용,핸드폰_260909
010-9957-0735,조용원,핸드폰_260909
010-7143-5854,41한효섭,핸드폰_260909
010-9163-1808,42김봉연,핸드폰_260909
010-9496-8797,42예우영,핸드폰_260909
010-8556-0832,43백두현,핸드폰_260909
010-9527-4295,43유규상,핸드폰_260909
010-7271-0115,43한종호,핸드폰_260909
010-7594-0116,43황지혁 화교 중동고,핸드폰_260909
010-7577-5360,44김상연,핸드폰_260909
010-4003-6682,44김세종,핸드폰_260909
010-6436-9808,음봉현,핸드폰_260909
010-9026-5267,44최병태,핸드폰_260909
010-7143-3800,6721기사님,핸드폰_260909
010-3210-7582,우창현,핸드폰_260909
010-8330-3865,Alex Park,핸드폰_260909
010-8638-9646,CJ군산,핸드폰_260909
010-2227-7279,ChoCheolHee,핸드폰_260909
010-3700-5294,Denny Kim,핸드폰_260909
010-2419-9960,Denny Koh,핸드폰_260909
010-4663-0406,GPS설치기사,핸드폰_260909
010-8840-7620,Geun-cheol Park,핸드폰_260909
010-2182-2335,HanAlice,핸드폰_260909
010-8906-5994,Hyoseon Heo,핸드폰_260909
010-4403-3197,심다은,핸드폰_260909
010-6432-1501,박상식,핸드폰_260909
010-7278-8717,JAMES (JUNG SU) KIM,핸드폰_260909
010-4810-7196,Jackson Park,핸드폰_260909
010-6667-2792,James,핸드폰_260909
010-6693-5200,James Yoon,핸드폰_260909
010-7468-5200,James Yoon,핸드폰_260909
010-4941-6339,Jeongsuk Han,핸드폰_260909
010-5543-5708,홍효선,핸드폰_260909
010-3505-2476,김종근,핸드폰_260909
010-7663-7966,KT전화담당직원,핸드폰_260909
010-8750-4568,Kwangok Yoo,핸드폰_260909
010-8020-7602,이경록,핸드폰_260909
010-8676-8076,Lily Choi,핸드폰_260909
010-4328-7179,MOK JIN YEOL,핸드폰_260909
010-5215-1990,문천수,핸드폰_260909
010-8478-4221,이명가,핸드폰_260909
010-8478-4224,Mika Katsura,핸드폰_260909
010-2001-5511,NHS,핸드폰_260909
010-3251-9592,NamDongHyun,핸드폰_260909
010-2209-5390,OhBoaz,핸드폰_260909
010-2620-6295,Park Won-gil,핸드폰_260909
010-9203-4727,송제언,핸드폰_260909
010-2418-6549,SBI,핸드폰_260909
010-7793-9784,SBI저축은행,핸드폰_260909
010-8745-0452,SJ 83 김진호,핸드폰_260909
010-7676-1080,Samy,핸드폰_260909
010-9999-3890,Sangjo Bae,핸드폰_260909
010-3782-8451,Soek-Hwan(Michael) Chang,핸드폰_260909
010-7108-0487,Soo Han,핸드폰_260909
010-5710-8427,호수재,핸드폰_260909
010-5135-2805,Soon-kwon Jung,핸드폰_260909
010-9461-1236,Su Yeon Kim,핸드폰_260909
010-2965-5133,Sung-Jin Kim,핸드폰_260909
010-8759-9412,WooHee_TRS)이우희(Lee,핸드폰_260909
010-6868-1781,johns.uthi,핸드폰_260909
010-2583-1045,younghye JUNG,핸드폰_260909
010-6244-8688,丁海勳,핸드폰_260909
010-8983-6104,유경호,핸드폰_260909
010-1875-6324,司口,핸드폰_260909
010-2869-7871,張柱松,핸드폰_260909
010-5265-1669,文南奎,핸드폰_260909
010-3726-0991,文省哲,핸드폰_260909
010-3677-7674,이선복,핸드폰_260909
010-6417-1782,李成植,핸드폰_260909
010-2776-1187,이상석,핸드폰_260909
010-9168-5353,柳昌烈,핸드폰_260909
010-6769-6800,權光辰,핸드폰_260909
010-6212-2177,沈大其,핸드폰_260909
010-6214-2592,沈大其,핸드폰_260909
010-2013-6710,鄭萬基,핸드폰_260909
010-4151-7459,金允泳,핸드폰_260909
010-5320-0144,金勝鎬,핸드폰_260909
010-3688-9036,金大植,핸드폰_260909
010-3369-2382,金成基,핸드폰_260909
010-5738-6900,金泰均,핸드폰_260909
010-4641-4480,金鍾赫,핸드폰_260909
010-8822-5150,高丁錫,핸드폰_260909
010-6431-4305,황용할,핸드폰_260909
010-2345-5453,가강현,핸드폰_260909
010-5481-1215,가나원주,핸드폰_260909
010-9326-8263,가비원모텔,핸드폰_260909
010-2652-0654,가양진,핸드폰_260909
010-7178-1776,가재인,핸드폰_260909
010-7682-8199,간병인,핸드폰_260909
010-9022-2784,감동근,핸드폰_260909
010-8395-8866,강개걸,핸드폰_260909
010-4419-3053,강경진,핸드폰_260909
010-2253-4751,강경훈,핸드폰_260909
010-8577-6286,강경희,핸드폰_260909
010-5216-0047,강구복,핸드폰_260909
010-5332-0931,강규주,핸드폰_260909
010-5476-7077,강규태,핸드폰_260909
010-5013-8308,강남주,핸드폰_260909
010-4403-3009,강대성,핸드폰_260909
010-5290-9065,강대성,핸드폰_260909
010-8760-9022,강대진,핸드폰_260909
010-9482-0018,강동윤,핸드폰_260909
010-3368-7900,강명준,핸드폰_260909
010-5667-5925,강민호,핸드폰_260909
010-9270-3480,강병구,핸드폰_260909
010-9928-9988,강병권,핸드폰_260909
010-8142-4081,강병규,핸드폰_260909
010-6355-8309,강병덕,핸드폰_260909
010-2441-0691,강보규,핸드폰_260909
010-3754-0069,강상구,핸드폰_260909
010-7104-6809,강상균,핸드폰_260909
010-5225-9800,강상무,핸드폰_260909
010-2430-5277,강상식,핸드폰_260909
010-9114-7948,강상윤,핸드폰_260909
010-3004-1692,"강상현대표 예솔. 유원 우지, 수지박, 계육분, 계유, S",핸드폰_260909
010-9386-6633,강상훈,핸드폰_260909
010-8716-7005,강석상,핸드폰_260909
010-9065-7806,강성구,핸드폰_260909
010-2619-8646,강성인,핸드폰_260909
010-3775-0927,강성재,핸드폰_260909
010-5301-7714,강세원,핸드폰_260909
010-8321-5589,강세훈,핸드폰_260909
010-4273-6384,강승모,핸드폰_260909
010-3686-6560,강승일,핸드폰_260909
010-4142-6219,강승호,핸드폰_260909
010-2388-5352,강신열,핸드폰_260909
010-4594-7473,강신원,핸드폰_260909
010-3654-5289,강영묵,핸드폰_260909
010-3655-8838,강영묵,핸드폰_260909
010-4009-5289,강영묵,핸드폰_260909
010-6403-5289,강영묵,핸드폰_260909
010-3475-2728,향수한우강영순총무,핸드폰_260909
010-6665-0632,강영아,핸드폰_260909
010-4561-9662,강영효,핸드폰_260909
010-2753-8506,강영훈,핸드폰_260909
010-8733-6939,강완병,핸드폰_260909
010-8161-5925,강용문,핸드폰_260909
010-7135-3015,강우진,핸드폰_260909
010-5366-9172,강우현,핸드폰_260909
010-5455-4288,강원모,핸드폰_260909
010-2392-8422,강원종,핸드폰_260909
010-3662-7001,강유이,핸드폰_260909
010-2737-1339,강익재,핸드폰_260909
010-3362-1537,강익재,핸드폰_260909
010-5262-2144,강재경,핸드폰_260909
010-2285-7206,강재학,핸드폰_260909
010-4040-9833,강전성,핸드폰_260909
010-5035-6539,강정관조합원 관흡농장,핸드폰_260909
010-2614-8062,강정민,핸드폰_260909
010-9505-6215,강정민,핸드폰_260909
010-3728-3522,강정훈,핸드폰_260909
010-9729-3522,강정훈,핸드폰_260909
010-8663-8253,강주형,핸드폰_260909
010-4450-3163,강준호,핸드폰_260909
010-9956-0627,강진석,핸드폰_260909
010-5238-3693,강창원,핸드폰_260909
010-4419-5071,강춘성,핸드폰_260909
010-5889-1331,강태권박사님 드림바이오,핸드폰_260909
010-7118-9243,강태영,핸드폰_260909
010-9233-7489,강태우,핸드폰_260909
010-8641-4662,강태종,핸드폰_260909
010-9479-0103,강태현,핸드폰_260909
010-5080-4952,강태형,핸드폰_260909
010-2801-2489,강해경,핸드폰_260909
010-5067-5411,강현구,핸드폰_260909
010-6320-9214,강현준,핸드폰_260909
010-2338-0800,강형순,핸드폰_260909
010-3632-4040,강형식,핸드폰_260909
010-8780-7915,강혜림,핸드폰_260909
010-9959-5750,강혜완,핸드폰_260909
010-3382-7041,강호성,핸드폰_260909
010-8580-0635,강화순,핸드폰_260909
010-2817-7907,강환구,핸드폰_260909
010-5730-3075,강훈,핸드폰_260909
010-4507-2212,강희식,핸드폰_260909
010-6203-8809,인유섬,핸드폰_260909
010-6256-5556,검역관,핸드폰_260909
010-5276-6570,견연수,핸드폰_260909
010-5267-5759,결속기,핸드폰_260909
010-5247-9112,봉구자동차,핸드폰_260909
010-6553-0877,경북도수의사회,핸드폰_260909
010-3440-5868,경인티엠알,핸드폰_260909
010-9612-2117,경주축협기사,핸드폰_260909
010-9229-7446,경현태,핸드폰_260909
010-2843-8238,계림사모님,핸드폰_260909
010-2788-6731,계승학,핸드폰_260909
010-9092-4058,계홍석,핸드폰_260909
010-3710-3793,고감도,핸드폰_260909
010-5450-3134,고강래,핸드폰_260909
010-4064-1323,고경수,핸드폰_260909
010-5494-3217,고경철,핸드폰_260909
010-5423-7047,고경호,핸드폰_260909
010-5255-1357,고경환,핸드폰_260909
010-5430-4703,고광례,핸드폰_260909
010-9898-0099,고광립,핸드폰_260909
010-2030-5459,고대경,핸드폰_260909
010-2391-2205,고대수,핸드폰_260909
010-6297-1928,고영호,핸드폰_260909
010-9949-4870,고센농장신정철사장님 동두천,핸드폰_260909
010-4992-1063,고송우,핸드폰_260909
010-7601-3127,고송우,핸드폰_260909
010-3633-5991,고순석,핸드폰_260909
010-9479-7480,고시텔,핸드폰_260909
010-4918-5154,고아라,핸드폰_260909
010-3462-5904,고영곤,핸드폰_260909
010-3736-0057,고영규,핸드폰_260909
010-4606-5960,고영인,핸드폰_260909
010-7665-0849,고영천,핸드폰_260909
010-6621-8734,고유섭,핸드폰_260909
010-3602-2668,고재관,핸드폰_260909
010-2466-3537,고재영,핸드폰_260909
010-5321-0260,고재창상무,핸드폰_260909
010-6266-1434,고재필,핸드폰_260909
010-5435-8836,고재학,핸드폰_260909
010-9728-9282,고재학,핸드폰_260909
010-8837-9983,고지은,핸드폰_260909
010-5399-3692,고진각,핸드폰_260909
010-2454-0707,고진용,핸드폰_260909
010-2675-8724,고창군청축산과,핸드폰_260909
010-4946-8881,고충영,핸드폰_260909
010-8113-1239,고충영,핸드폰_260909
010-2910-4208,고태백,핸드폰_260909
010-9461-4799,고행진,핸드폰_260909
010-8028-6636,고현승,핸드폰_260909
010-3276-9967,고형진,핸드폰_260909
010-3678-2024,고흥렬,핸드폰_260909
010-2416-6915,공명우,핸드폰_260909
010-9101-9078,공범식,핸드폰_260909
010-3712-0960,공병식,핸드폰_260909
010-6226-2862,공장장,핸드폰_260909
010-6356-0019,공재준,핸드폰_260909
010-2021-3344,공종민,핸드폰_260909
010-5236-0749,공준배,핸드폰_260909
010-8787-6495,공준식,핸드폰_260909
010-3805-4776,공창수,핸드폰_260909
010-5091-7040,곽경훈,핸드폰_260909
010-7728-9790,곽묘정,핸드폰_260909
010-7744-4003,곽민건,핸드폰_260909
010-9074-9153,곽병규,핸드폰_260909
010-8102-1389,곽보람,핸드폰_260909
010-5683-5833,곽상무,핸드폰_260909
010-9059-5282,곽상무,핸드폰_260909
010-4886-7261,곽상민,핸드폰_260909
010-7328-3074,곽성식,핸드폰_260909
010-6672-9378,곽승근,핸드폰_260909
010-3643-0893,곽재운,핸드폰_260909
010-6752-4416,곽정우,핸드폰_260909
010-9311-0699,곽준호,핸드폰_260909
010-8851-4485,곽창규,핸드폰_260909
010-3672-3564,곽춘욱,핸드폰_260909
010-2435-4600,곽태진,핸드폰_260909
010-6820-2333,곽태진,핸드폰_260909
010-9408-9299,곽한규,핸드폰_260909
010-6888-8231,곽호일,핸드폰_260909
010-9299-8911,관리인,핸드폰_260909
010-2776-2089,광모뎀,핸드폰_260909
010-7449-0513,괴산수암팜텍,핸드폰_260909
010-4143-4712,구경철,핸드폰_260909
010-5676-9990,구국현,핸드폰_260909
010-8620-6046,구동환,핸드폰_260909
010-8885-6046,구동환,핸드폰_260909
010-5170-5986,구루마닷컴,핸드폰_260909
010-4666-3238,구매과장,핸드폰_260909
010-3762-9626,구본환,핸드폰_260909
010-6270-3016,구성현,핸드폰_260909
010-9407-8915,구역장,핸드폰_260909
010-8868-7396,구원모,핸드폰_260909
010-4328-1485,구인본,핸드폰_260909
010-4419-1158,구자룡,핸드폰_260909
010-5337-8874,구자승,핸드폰_260909
010-8280-9211,구자정,핸드폰_260909
010-9963-7844,구재연,핸드폰_260909
010-2570-9908,구자호,핸드폰_260909
010-6422-1188,구재모,핸드폰_260909
010-4200-4739,구종림,핸드폰_260909
010-5141-3811,구진모,핸드폰_260909
010-8968-4473,구현서,핸드폰_260909
010-5437-6977,국길주,핸드폰_260909
010-6693-4211,국동훈,핸드폰_260909
010-4819-2968,국민카드 보험직원,핸드폰_260909
010-3941-3942,굿모닝병원,핸드폰_260909
010-2613-1133,권경각,핸드폰_260909
010-9766-3080,권경주,핸드폰_260909
010-6430-9830,권기범,핸드폰_260909
010-8715-9051,권덕기,핸드폰_260909
010-5473-6569,권동일,핸드폰_260909
010-9054-5426,권백신,핸드폰_260909
010-9237-0079,권범성,핸드폰_260909
010-2586-1243,권병민,핸드폰_260909
010-8746-3675,권병철,핸드폰_260909
010-3524-3298,권병필,핸드폰_260909
010-9121-5965,권석주,핸드폰_260909
010-5383-8742,권성호,핸드폰_260909
010-8337-5406,권수현,핸드폰_260909
010-6233-5303,권숙희,핸드폰_260909
010-2454-0055,권순관,핸드폰_260909
010-2978-8366,권순규,핸드폰_260909
010-2547-3645,권순명,핸드폰_260909
010-6363-1791,권순일,핸드폰_260909
010-9287-3217,권승일,핸드폰_260909
010-2324-3335,권실장,핸드폰_260909
010-5404-4321,권영진,핸드폰_260909
010-5404-5321,권영진,핸드폰_260909
010-8549-3791,권영철,핸드폰_260909
010-3020-0505,권오법,핸드폰_260909
010-4417-7750,권오석,핸드폰_260909
010-5363-1618,권오열,핸드폰_260909
010-2358-6635,권오행,핸드폰_260909
010-9622-4356,권웅비,핸드폰_260909
010-5020-1821,권재한,핸드폰_260909
010-9272-2270,권정우,핸드폰_260909
010-9439-2542,권정택,핸드폰_260909
010-3999-5465,권정현,핸드폰_260909
010-5346-2197,권주옥,핸드폰_260909
010-3715-7806,권준엽,핸드폰_260909
010-7755-5582,권중무,핸드폰_260909
010-9391-9818,권찬희,핸드폰_260909
010-3678-3000,권천년,핸드폰_260909
010-5242-3806,권춘의,핸드폰_260909
010-8811-1868,권태룡,핸드폰_260909
010-6272-7110,권태석,핸드폰_260909
010-3009-5268,권태준,핸드폰_260909
010-2256-3221,권태홍51,핸드폰_260909
010-3885-4835,권태환,핸드폰_260909
010-4407-3637,권혁만,핸드폰_260909
010-8146-6595,권혁만,핸드폰_260909
010-6617-3698,권혁복,핸드폰_260909
010-3073-7312,권혁성,핸드폰_260909
010-6364-4507,권혁신,핸드폰_260909
010-9035-1212,권혁진,핸드폰_260909
010-9922-0614,권현철박사님,핸드폰_260909
010-8615-4424,권혜진,핸드폰_260909
010-3471-8833,그린피,핸드폰_260909
010-6250-5510,그림애견,핸드폰_260909
010-8817-6778,금강형수,핸드폰_260909
010-8924-0258,금순이,핸드폰_260909
010-3331-0229,금주리,핸드폰_260909
010-3524-3767,금진식품,핸드폰_260909
010-8895-0251,금한우,핸드폰_260909
010-9771-6474,금한우영농조합법인,핸드폰_260909
010-6591-0509,급등주,핸드폰_260909
010-5431-7418,기광석,핸드폰_260909
010-3771-6214,기성욱,핸드폰_260909
010-8186-3601,기업금융평가원,핸드폰_260909
010-6414-7962,기호성,핸드폰_260909
010-9136-2341,기호성,핸드폰_260909
010-4788-3712,길유빈,핸드폰_260909
010-8863-5197,길현경,핸드폰_260909
010-7732-7568,김(KIM)홍곤(HONG GON),핸드폰_260909
010-2705-1533,김가람,핸드폰_260909
010-9936-7080,김갑진,핸드폰_260909
010-4622-0987,김갑훈,핸드폰_260909
010-5407-5950,김건수,핸드폰_260909
010-3224-4227,김건우,핸드폰_260909
010-5280-5459,김건욱,핸드폰_260909
010-5099-6778,김건태,핸드폰_260909
010-5236-2939,최영열,핸드폰_260909
010-5148-7555,김경관,핸드폰_260909
010-3888-8980,김경동,핸드폰_260909
010-3395-0105,김경란,핸드폰_260909
010-2649-1788,김경민,핸드폰_260909
010-3153-5441,김경민,핸드폰_260909
010-4780-0939,김경봉,핸드폰_260909
010-3654-4474,김경섭,핸드폰_260909
010-7355-7967,김경섭,핸드폰_260909
010-3316-3267,농협사료대표 김경수,핸드폰_260909
010-9351-0384,김경일,핸드폰_260909
010-9020-9020,김경진,핸드폰_260909
010-9147-8656,김경진,핸드폰_260909
010-2278-5100,김경태,핸드폰_260909
010-2706-7657,김경태,핸드폰_260909
010-5421-0758,김경태,핸드폰_260909
010-7264-0007,김경태,핸드폰_260909
010-2702-0238,김경환,핸드폰_260909
010-2972-0898,김경환,핸드폰_260909
010-9145-1055,김경환,핸드폰_260909
010-5461-3597,송치용,핸드폰_260909
010-6304-3342,김관균,핸드폰_260909
010-3469-2664,김관수,핸드폰_260909
010-9017-7070,김관응,핸드폰_260909
010-8232-7972,김관태,핸드폰_260909
010-3015-0988,김관호,핸드폰_260909
010-3892-1229,김광덕,핸드폰_260909
010-3610-9937,김광수,핸드폰_260909
010-7137-1223,김광식,핸드폰_260909
010-8410-2686,김광식,핸드폰_260909
010-9199-6959,김광영,핸드폰_260909
010-8996-3246,김광용,핸드폰_260909
010-6692-6161,김광진,핸드폰_260909
010-3431-2874,김광태,핸드폰_260909
010-3315-2062,김광한,핸드폰_260909
010-6678-1648,김광호,핸드폰_260909
010-5227-4168,김교문 대표,핸드폰_260909
010-6707-1047,김교옥,핸드폰_260909
010-5417-2204,김구권,핸드폰_260909
010-5494-7729,김구현,핸드폰_260909
010-8607-2483,김권,핸드폰_260909
010-4642-9911,김권중,핸드폰_260909
010-3918-7971,김규태,핸드폰_260909
010-5255-3667,김규호,핸드폰_260909
010-3713-9997,김규환,핸드폰_260909
010-2520-8099,김균호,핸드폰_260909
010-8919-0156,김근배,핸드폰_260909
010-8007-6976,김근영,핸드폰_260909
010-5336-2338,김근재,핸드폰_260909
010-5484-9409,김근필,핸드폰_260909
010-4343-0448,김기근,핸드폰_260909
010-5250-6452,김기동,핸드폰_260909
010-5008-2105,김기방,핸드폰_260909
010-2315-3245,김기서,핸드폰_260909
010-2309-0099,김기선,핸드폰_260909
010-7373-7604,김기선,핸드폰_260909
010-8937-6400,김기선,핸드폰_260909
010-5383-1290,김기식,핸드폰_260909
010-7187-6213,유서연,핸드폰_260909
010-9172-6450,김기욱,핸드폰_260909
010-4617-9326,김기운,핸드폰_260909
010-2908-5467,김기인,핸드폰_260909
010-2849-4114,김기장,핸드폰_260909
010-2860-5400,김기주,핸드폰_260909
010-9264-7054,김기철,핸드폰_260909
010-2397-1185,김기태,핸드폰_260909
010-7133-3830,김기현,핸드폰_260909
010-8821-8090,김기형,핸드폰_260909
010-5653-3353,김기호,핸드폰_260909
010-3737-9149,김기홍,핸드폰_260909
010-5365-4846,김기환,핸드폰_260909
010-8279-1702,김길남,핸드폰_260909
010-5649-7949,김길주,핸드폰_260909
010-9113-6085,김남규,핸드폰_260909
010-6662-1458,김남방,핸드폰_260909
010-6374-3213,김남수,핸드폰_260909
010-3543-8377,김남숙,핸드폰_260909
010-4568-2432,김남식,핸드폰_260909
010-6203-6203,김남오,핸드폰_260909
010-5492-3366,김남용,핸드폰_260909
010-5588-0250,김남용,핸드폰_260909
010-9138-2492,김남정박사님 농업생명자원부장님,핸드폰_260909
010-9019-8682,김남형金南亨,핸드폰_260909
010-8764-2606,김남호,핸드폰_260909
010-5345-7581,김남훈,핸드폰_260909
010-5631-0907,김달현,핸드폰_260909
010-7224-0907,김달현,핸드폰_260909
010-4568-7474,김대경,핸드폰_260909
010-5371-0959,김대규,핸드폰_260909
010-4362-0501,김대균,핸드폰_260909
010-3709-7511,김대근,핸드폰_260909
010-5778-9958,김대영,핸드폰_260909
010-5251-2977,김대용81,핸드폰_260909
010-2161-4788,김대준,핸드폰_260909
010-4451-1609,김대중,핸드폰_260909
010-4460-3446,김대중,핸드폰_260909
010-8922-8005,김대중,핸드폰_260909
010-8922-8008,김대중,핸드폰_260909
010-7574-5166,김대춘,핸드폰_260909
010-8460-9454,김대환,핸드폰_260909
010-8949-9527,김대환,핸드폰_260909
010-2454-0800,김덕영,핸드폰_260909
010-6322-6426,김덕은80,핸드폰_260909
010-3899-0031,김덕주,핸드폰_260909
010-5450-6876,김도경,핸드폰_260909
010-5549-3640,김도관,핸드폰_260909
010-6377-4477,김도영,핸드폰_260909
010-8247-7605,김도영,핸드폰_260909
010-9111-3630,김도영,핸드폰_260909
010-8021-2842,김도중,핸드폰_260909
010-9364-6023,김도현,핸드폰_260909
010-3632-3489,김동구,핸드폰_260909
010-5753-4376,김동균,핸드폰_260909
010-9058-0532,김동균,핸드폰_260909
010-7278-5272,김동명,핸드폰_260909
010-4519-1098,김동성,핸드폰_260909
010-5491-2469,김동식,핸드폰_260909
010-3762-0421,김동악,핸드폰_260909
010-3799-0133,김동억,핸드폰_260909
010-3362-7707,김동연,핸드폰_260909
010-5269-5069,한택희,핸드폰_260909
010-5439-3423,김동연,핸드폰_260909
010-4144-6273,김동우,핸드폰_260909
010-4312-2830,김동욱,핸드폰_260909
010-6668-1628,김동운,핸드폰_260909
010-6388-7690,김동주,핸드폰_260909
010-8990-8003,김동준83,핸드폰_260909
010-3351-8984,김선용,핸드폰_260909
010-9456-6011,김동진,핸드폰_260909
010-3484-9535,김동해,핸드폰_260909
010-3361-6079,김동혁,핸드폰_260909
010-8840-0847,김동형,핸드폰_260909
010-5388-4033,김동훈,핸드폰_260909
010-8514-8655,김두,핸드폰_260909
010-3819-5317,김두선,핸드폰_260909
010-2080-4583,김두원,핸드폰_260909
010-9418-2885,김란경,핸드폰_260909
010-9003-1079,김래성,핸드폰_260909
010-5456-2362,김만종,핸드폰_260909
010-8366-8420,김명관,핸드폰_260909
010-6331-0006,김명래,핸드폰_260909
010-5479-6730,김명신,핸드폰_260909
010-9405-1535,김명원,핸드폰_260909
010-2214-3342,김명호,핸드폰_260909
010-7189-5631,김명호,핸드폰_260909
010-3102-4041,김명호사장님,핸드폰_260909
010-3082-3598,김명후,핸드폰_260909
010-9217-6841,김명휘,핸드폰_260909
010-3756-2165,김무성,핸드폰_260909
010-8661-8116,김미경,핸드폰_260909
010-4017-8503,김미리,핸드폰_260909
010-4373-5894,김미선,핸드폰_260909
010-7429-1229,김미숙,핸드폰_260909
010-9430-7346,김미숙,핸드폰_260909
010-5443-6981,김미양,핸드폰_260909
010-6216-2406,김미양,핸드폰_260909
010-7600-2794,김미양,핸드폰_260909
010-3673-5701,김미완,핸드폰_260909
010-3138-8977,김미진,핸드폰_260909
010-9276-7731,김미화,핸드폰_260909
010-3799-4076,김민규,핸드폰_260909
010-8735-9282,김민규,핸드폰_260909
010-2138-7101,김민기,핸드폰_260909
010-8944-7654,김민배,핸드폰_260909
010-3599-8723,김민수,핸드폰_260909
010-4728-0761,김민영,핸드폰_260909
010-2272-7582,김민재78,핸드폰_260909
010-7189-1657,김민철,핸드폰_260909
010-7571-5170,김민회,핸드폰_260909
010-2434-0005,김범석,핸드폰_260909
010-4087-2112,김범준,핸드폰_260909
010-6259-7240,김범준,핸드폰_260909
010-4755-5543,김법균,핸드폰_260909
010-5277-0670,김병구,핸드폰_260909
010-8852-6237,김병규,핸드폰_260909
010-5356-6074,김병민,핸드폰_260909
010-9217-8660,김병민,핸드폰_260909
010-9301-3864,김병석,핸드폰_260909
010-9269-7687,김병세,핸드폰_260909
010-3304-0483,"김윤수,대전",핸드폰_260909
010-9249-3128,김병수,핸드폰_260909
010-4240-9524,김병학,핸드폰_260909
010-9717-0175,김병회,핸드폰_260909
010-3179-3893,김보연,핸드폰_260909
010-8703-3090,김복기,핸드폰_260909
010-5158-4200,김복수,핸드폰_260909
010-2381-3817,김봉규,핸드폰_260909
010-3263-2689,김봉규,핸드폰_260909
010-3547-9876,김봉배,핸드폰_260909
010-3425-3549,김봉석,핸드폰_260909
010-3581-1516,어스트,핸드폰_260909
010-2364-7979,김봉윤,핸드폰_260909
010-5204-2323,김봉한,핸드폰_260909
010-3929-2233,김부교,핸드폰_260909
010-8794-2075,김산,핸드폰_260909
010-6411-7441,김상결,핸드폰_260909
010-9854-7836,김상국,핸드폰_260909
010-3027-3548,김상돈,핸드폰_260909
010-6340-3789,김상언,핸드폰_260909
010-4003-8894,김상열,핸드폰_260909
010-4525-8997,김상원,핸드폰_260909
010-8850-6892,김상원,핸드폰_260909
010-5292-9869,김상윤,핸드폰_260909
010-2360-7845,김상진,핸드폰_260909
010-8340-0276,김상현,핸드폰_260909
010-3666-8571,김상호,핸드폰_260909
010-9421-8585,유성 김상호대표님,핸드폰_260909
010-6232-9503,김상훈,핸드폰_260909
010-6482-3999,김상희,핸드폰_260909
010-3572-1267,김석래,핸드폰_260909
010-5590-1948,김석모,핸드폰_260909
010-9241-2257,김석호,핸드폰_260909
010-5469-9103,김선각,핸드폰_260909
010-2294-0171,김선광,핸드폰_260909
010-5454-1083,김선구,핸드폰_260909
010-4746-4677,김선민,핸드폰_260909
010-5228-4784,김선민,핸드폰_260909
010-9935-7142,김선아,핸드폰_260909
010-9009-1706,김선옥,핸드폰_260909
010-7200-8871,김선욱,핸드폰_260909
010-2645-0937,김선일,핸드폰_260909
010-4016-0534,김선일,핸드폰_260909
010-6307-5292,김선일,핸드폰_260909
010-8548-0476,김선재,핸드폰_260909
010-8714-6613,김선중교수님,핸드폰_260909
010-4617-1450,김선호,핸드폰_260909
010-9165-8738,김선호,핸드폰_260909
010-3336-0340,김성겸,핸드폰_260909
010-5422-1621,김성겸제일사료,핸드폰_260909
010-8764-2971,김성관,핸드폰_260909
010-8974-4647,김성구,핸드폰_260909
010-9238-5625,김성근,핸드폰_260909
010-4206-4205,김성례,핸드폰_260909
010-7247-5560,김성민,핸드폰_260909
010-6731-5777,김성복,핸드폰_260909
010-2953-3510,김성우,핸드폰_260909
010-5260-7801,김성우박사,핸드폰_260909
010-5510-4106,김성우사장,핸드폰_260909
010-9686-2575,김성일,핸드폰_260909
010-3478-6930,김성진,핸드폰_260909
010-6382-2249,김성진,핸드폰_260909
010-3563-2503,김성철,핸드폰_260909
010-3346-1820,김성태,핸드폰_260909
010-5283-7369,김성호,핸드폰_260909
010-8574-2166,김성환,핸드폰_260909
010-4621-9780,김성훈 우리동물병원 원장,핸드폰_260909
010-3455-1160,김성희,핸드폰_260909
010-5301-5088,김세현,핸드폰_260909
010-6499-2272,김소래,핸드폰_260909
010-3167-9094,김소웅,핸드폰_260909
010-4419-1042,김수,핸드폰_260909
010-5408-0554,김수경,핸드폰_260909
010-2965-3728,김수기,핸드폰_260909
010-5018-0134,김수미,핸드폰_260909
010-6686-9240,김수진,핸드폰_260909
010-8743-0505,김수진,핸드폰_260909
010-9893-8383,김수현,핸드폰_260909
010-6508-2708,김순웅,핸드폰_260909
010-5366-9787,김숭겸,핸드폰_260909
010-9481-7486,김슬기,핸드폰_260909
010-5797-2272,김승갑,핸드폰_260909
010-4620-0998,김승구,핸드폰_260909
010-2019-6116,김승배,핸드폰_260909
010-9972-3262,김승수,핸드폰_260909
010-3626-7417,김승용,핸드폰_260909
010-5266-4624,김승원,핸드폰_260909
010-3689-0477,김승철,핸드폰_260909
010-4021-5994,김승철,핸드폰_260909
010-3506-8580,김승호,핸드폰_260909
010-2129-8338,김승효,핸드폰_260909
010-4578-5569,김승훈,핸드폰_260909
010-4030-5294,김승희,핸드폰_260909
010-4419-1065,김승희,핸드폰_260909
010-6519-3235,김승희,핸드폰_260909
010-8822-8492,김시창,핸드폰_260909
010-6309-0123,김실중,핸드폰_260909
010-6425-8253,김양수,핸드폰_260909
010-6328-4064,김양호,핸드폰_260909
010-5362-4319,김억수,핸드폰_260909
010-5547-8011,김여름,핸드폰_260909
010-8618-6453,김연태,핸드폰_260909
010-5426-0015,김영구,핸드폰_260909
010-8718-7890,조성공,핸드폰_260909
010-2333-3932,김영국,핸드폰_260909
010-8609-4443,김영국,핸드폰_260909
010-9485-4458,김영근,핸드폰_260909
010-5228-6228,김영기,핸드폰_260909
010-2776-2556,김영길,핸드폰_260909
010-5656-4543,김영도,핸드폰_260909
010-3686-8196,김영란,핸드폰_260909
010-6347-7127,김영만,핸드폰_260909
010-7292-7994,김영만,핸드폰_260909
010-2559-4326,김영미,핸드폰_260909
010-9069-4989,김영민,핸드폰_260909
010-5361-2854,김영부,핸드폰_260909
010-5380-9380,김영빈,핸드폰_260909
010-3792-5182,김영석,핸드폰_260909
010-3714-6465,김영섭,핸드폰_260909
010-5303-8293,김영아,핸드폰_260909
010-4949-1661,김영용,핸드폰_260909
010-6238-6952,김영원,핸드폰_260909
010-9580-7095,김영일,핸드폰_260909
010-2028-4146,김영재,핸드폰_260909
010-5082-4164,김영재,핸드폰_260909
010-5717-2321,김영준,핸드폰_260909
010-3720-1414,김영찬,핸드폰_260909
010-3218-2991,김영철,핸드폰_260909
010-5433-9186,최영석,핸드폰_260909
010-5013-8451,김영태,핸드폰_260909
010-5586-7982,김영태,핸드폰_260909
010-4142-0879,김영필,핸드폰_260909
010-4603-8904,김영한,핸드폰_260909
010-3681-0121,김영헌,핸드폰_260909
010-2521-3076,김영호,핸드폰_260909
010-8705-9987,김영환,핸드폰_260909
010-8950-8481,김영환바이엘,핸드폰_260909
010-2388-7082,김영훈,핸드폰_260909
010-4388-0868,김영희,핸드폰_260909
010-5380-6220,김오년,핸드폰_260909
010-5239-0971,김오환,핸드폰_260909
010-9471-4409,김요한,핸드폰_260909
010-3781-7868,김용국,핸드폰_260909
010-6341-4663,김용남,핸드폰_260909
010-9002-7135,김용만,핸드폰_260909
010-8981-7671,김용상,핸드폰_260909
010-5874-5843,김용석,핸드폰_260909
010-9972-2248,김용석,핸드폰_260909
010-8630-3098,김용식,핸드폰_260909
010-9145-2284,김용우,핸드폰_260909
010-5394-5485,김용원,핸드폰_260909
010-9414-6274,김용원,핸드폰_260909
010-8642-8138,김용임,핸드폰_260909
010-9318-6495,김용준,핸드폰_260909
010-3836-4952,김용중,핸드폰_260909
010-3419-8839,김용철,핸드폰_260909
010-6471-7328,김용택,핸드폰_260909
010-9394-9859,김용팔,핸드폰_260909
010-3271-7162,김용학,핸드폰_260909
010-5271-7162,김용학,핸드폰_260909
010-6239-9986,김용호,핸드폰_260909
010-5441-2123,김용희,핸드폰_260909
010-5133-9236,김우기,핸드폰_260909
010-6482-5291,김우진,핸드폰_260909
010-9495-3101,김우현kc,핸드폰_260909
010-5264-8744,김우호,핸드폰_260909
010-6359-4861,김웅,핸드폰_260909
010-8914-5912,김웅중,핸드폰_260909
010-6363-3189,김원,핸드폰_260909
010-4412-2541,김원경,핸드폰_260909
010-3911-5529,김원기,핸드폰_260909
010-9760-5685,김원용,핸드폰_260909
010-5255-7815,김원철,핸드폰_260909
010-6334-1269,김유상,핸드폰_260909
010-7479-7117,김유성,핸드폰_260909
010-5418-2936,김유용,핸드폰_260909
010-2374-7910,김유정,핸드폰_260909
010-9606-9861,김유진,핸드폰_260909
010-3479-6030,김유천,핸드폰_260909
010-4515-8694,김유태,핸드폰_260909
010-5447-7901,김유환,핸드폰_260909
010-2684-3369,김윤,핸드폰_260909
010-8380-3379,김윤배,핸드폰_260909
010-3759-1591,김윤수,핸드폰_260909
010-5576-7114,김윤수반장,핸드폰_260909
010-8341-0006,김윤식,핸드폰_260909
010-5355-6014,김윤영,핸드폰_260909
010-8684-3070,김윤칠,핸드폰_260909
010-9697-3610,김윤호,핸드폰_260909
010-6564-3305,김윤희,핸드폰_260909
010-3043-4855,김은경,핸드폰_260909
010-8846-4855,김은경,핸드폰_260909
010-2435-8689,김은성,핸드폰_260909
010-4940-1095,김은집,핸드폰_260909
010-7129-9371,김은희,핸드폰_260909
010-4127-3130,김의준,핸드폰_260909
010-3007-4518,김익겸,핸드폰_260909
010-8730-6349,김익성,핸드폰_260909
010-5157-0323,김인배,핸드폰_260909
010-5408-1052,김인석,핸드폰_260909
010-3465-3845,김인숙,핸드폰_260909
010-8141-2705,김인연,핸드폰_260909
010-9744-3610,김인옥,핸드폰_260909
010-5225-1472,김인필,핸드폰_260909
010-8803-9598,김인호,핸드폰_260909
010-5423-4916,김일,핸드폰_260909
010-2804-4854,김일환,핸드폰_260909
010-3263-9769,김일환,핸드폰_260909
010-9367-3371,김장수,핸드폰_260909
010-2929-5307,김재강,핸드폰_260909
010-3796-7582,김재경,핸드폰_260909
010-8181-0815,김재경,핸드폰_260909
010-9854-1902,김재경,핸드폰_260909
010-8824-1112,김재관,핸드폰_260909
010-3857-5127,김재구,핸드폰_260909
010-5374-3986,김재기,핸드폰_260909
010-2223-2245,김재민,핸드폰_260909
010-6860-5833,김재옥,핸드폰_260909
010-3738-3927,김재원,핸드폰_260909
010-5230-6891,김재원이사,핸드폰_260909
010-3248-6290,김재은,핸드폰_260909
010-5387-3021,김재일,핸드폰_260909
010-5409-1704,김재일,핸드폰_260909
010-6390-0303,김재주,핸드폰_260909
010-4419-3076,김재철,핸드폰_260909
010-9174-7736,김재현,핸드폰_260909
010-4419-3041,김재형,핸드폰_260909
010-4419-3129,김재형,핸드폰_260909
010-2261-5766,김재호,핸드폰_260909
010-4755-0891,김재홍,핸드폰_260909
010-3600-4707,김재환,핸드폰_260909
010-2285-1743,김재훈,핸드폰_260909
010-2633-7280,김재훈,핸드폰_260909
010-9143-7323,김재훈,핸드폰_260909
010-7251-2222,김전희 대한통운 제주,핸드폰_260909
010-7624-6479,김점수,핸드폰_260909
010-5476-3009,김점연,핸드폰_260909
010-3179-9958,김정,핸드폰_260909
010-5348-3639,김정구,핸드폰_260909
010-3352-0336,김정국,핸드폰_260909
010-4707-7722,김정기,핸드폰_260909
010-5231-5797,김정렬,핸드폰_260909
010-8644-1511,김정배,핸드폰_260909
010-9945-2008,김정수,핸드폰_260909
010-7563-5955,김정숙간병인,핸드폰_260909
010-5248-9684,김정식,핸드폰_260909
010-9855-8900,김정용,핸드폰_260909
010-3878-0153,김정웅,핸드폰_260909
010-9158-2882,김정원,핸드폰_260909
010-8662-2901,김정임,핸드폰_260909
010-3123-3689,김정호,핸드폰_260909
010-7592-4000,김정호,핸드폰_260909
010-5778-7876,김정홍,핸드폰_260909
010-4422-3295,김정확,핸드폰_260909
010-7278-8578,김정확,핸드폰_260909
010-2592-4769,김정훈박사,핸드폰_260909
010-4419-3146,김정훈,핸드폰_260909
010-4488-8287,김정희 낙협신용부지점장,핸드폰_260909
010-4664-8850,김제준,핸드폰_260909
010-2281-0507,김종균,핸드폰_260909
010-5428-8255,김종두,핸드폰_260909
010-5399-8914,김종명,핸드폰_260909
010-3671-0051,김종문,핸드폰_260909
010-5005-6616,김종미,핸드폰_260909
010-5311-7661,김종민,핸드폰_260909
010-4740-6373,김종배,핸드폰_260909
010-8240-0234,김종빈,핸드폰_260909
010-2979-9620,김종성,핸드폰_260909
010-5355-8309,김종수,핸드폰_260909
010-8639-3189,김종영,핸드폰_260909
010-3769-4343,김종웅,핸드폰_260909
010-5323-3731,김종진,핸드폰_260909
010-5371-3937,김종철,핸드폰_260909
010-2321-6124,김종철군산바이오,핸드폰_260909
010-3953-5592,김종태,핸드폰_260909
010-6438-9993,김종태,핸드폰_260909
010-6237-8549,김종택,핸드폰_260909
010-4287-0293,김종필,핸드폰_260909
010-7247-3203,김종현,핸드폰_260909
010-3159-9313,김종훈,핸드폰_260909
010-5552-3138,김종희,핸드폰_260909
010-3542-0708,김주,핸드폰_260909
010-6336-9246,김주민,핸드폰_260909
010-3484-3029,김주원,핸드폰_260909
010-8849-4861,김주헌,핸드폰_260909
010-3067-5518,김주환,핸드폰_260909
010-7370-3070,김주환,핸드폰_260909
010-9197-0968,김주희,핸드폰_260909
010-2621-6475,김준,핸드폰_260909
010-2252-5694,김준배,핸드폰_260909
010-3248-0674,김준배,핸드폰_260909
010-5007-3606,김준수,핸드폰_260909
010-3373-5039,김준영,핸드폰_260909
010-3668-3652,김준영,핸드폰_260909
010-3777-2715,김준우,핸드폰_260909
010-8912-5528,김준원,핸드폰_260909
010-9049-7815,김중희,핸드폰_260909
010-8734-8552,김지범,핸드폰_260909
010-7134-1941,김지연,핸드폰_260909
010-2426-8551,김지완,핸드폰_260909
010-3538-7082,김지현,핸드폰_260909
010-6218-1491,김지현,핸드폰_260909
010-9212-4284,김지현,핸드폰_260909
010-2790-1001,김지혜,핸드폰_260909
010-7685-6875,김지훈,핸드폰_260909
010-8880-9346,김지훈,핸드폰_260909
010-2418-7181,김지희,핸드폰_260909
010-4692-2458,김진경,핸드폰_260909
010-2090-7204,김진기,핸드폰_260909
010-9132-7639,김진동,핸드폰_260909
010-3743-4831,김진만,핸드폰_260909
010-8455-6700,김진보,핸드폰_260909
010-3378-7505,김진수,핸드폰_260909
010-5218-4866,김진수,핸드폰_260909
010-8740-0502,김진수,핸드폰_260909
010-9437-2761,농촌진흥청,핸드폰_260909
010-9003-0551,김진영,핸드폰_260909
010-5398-7142,김진용,핸드폰_260909
010-6436-0511,김진욱,핸드폰_260909
010-9934-5455,김진철,핸드폰_260909
010-9074-6644,김진태,핸드폰_260909
010-5337-1714,김진형,핸드폰_260909
010-7551-7701,김진호,핸드폰_260909
010-8719-0002,김찬호,핸드폰_260909
010-3030-3924,김창규,핸드폰_260909
010-5309-8877,김창균,핸드폰_260909
010-4022-9537,김창남,핸드폰_260909
010-2331-8748,김창섭,핸드폰_260909
010-8999-1647,김창제,핸드폰_260909
010-3654-5279,김창환,핸드폰_260909
010-9554-4195,김창환,핸드폰_260909
010-9877-5077,김창희,핸드폰_260909
010-3875-1319,김천동물병원,핸드폰_260909
010-4538-0300,김천동물약품,핸드폰_260909
010-3766-3221,김천재,핸드폰_260909
010-4241-4102,김철,핸드폰_260909
010-3896-5510,김철민,핸드폰_260909
010-8827-9609,김철수,핸드폰_260909
010-8825-6808,김철호,핸드폰_260909
010-2617-0342,김청림,핸드폰_260909
010-6432-2807,김춘배,핸드폰_260909
010-5451-6497,김춘옥,핸드폰_260909
010-9529-0202,김충식,핸드폰_260909
010-4514-7580,김충현,핸드폰_260909
010-5022-7580,김충현,핸드폰_260909
010-2786-0508,김치구,핸드폰_260909
010-2277-5981,김치영,핸드폰_260909
010-4419-3110,김태경,핸드폰_260909
010-8648-0312,김태곤,핸드폰_260909
010-3158-3094,김태규,핸드폰_260909
010-4575-7526,김태균,핸드폰_260909
010-9065-3162,김태린,핸드폰_260909
010-3748-2029,김태문,핸드폰_260909
010-5403-8113,김태봉,핸드폰_260909
010-8464-3774,김태봉,핸드폰_260909
010-5448-3485,김태영,핸드폰_260909
010-2969-3801,김태욱,핸드폰_260909
010-4300-1417,김태운,핸드폰_260909
010-6647-5546,김태웅,핸드폰_260909
010-3461-0223,김태익,핸드폰_260909
010-7192-1659,김태헌,핸드폰_260909
010-5207-4105,김태현,핸드폰_260909
010-8549-3316,김태현,핸드폰_260909
010-8974-0259,김태현,핸드폰_260909
010-5426-5796,김태환,핸드폰_260909
010-3525-9944,김태훈,핸드폰_260909
010-6353-6323,김택기,핸드폰_260909
010-7573-0286,김택호,핸드폰_260909
010-3363-4103,김토니,핸드폰_260909
010-3232-7676,김판구,핸드폰_260909
010-3784-2695,김판기,핸드폰_260909
010-2632-5498,김평근,핸드폰_260909
010-5446-5486,김포한강센트럴자이,핸드폰_260909
010-9335-5011,김필영,핸드폰_260909
010-3475-2082,김필호,핸드폰_260909
010-5202-2868,김학관,핸드폰_260909
010-8741-2430,김학구,핸드폰_260909
010-5385-3243,김학선,핸드폰_260909
010-4661-3327,김학성,핸드폰_260909
010-5269-6405,김학성,핸드폰_260909
010-8317-7001,김학운,핸드폰_260909
010-5461-9003,김학준,핸드폰_260909
010-9811-1018,김학준,핸드폰_260909
010-7375-4110,김학철,핸드폰_260909
010-3762-1434,김한상,핸드폰_260909
010-2031-9662,김한석,핸드폰_260909
010-6665-4771,김한성,핸드폰_260909
010-7343-2249,김한준,핸드폰_260909
010-5407-0499,김한호,핸드폰_260909
010-3173-5063,김해민,핸드폰_260909
010-3760-1784,김해복,핸드폰_260909
010-5696-4229,김행진,핸드폰_260909
010-5969-4229,김행진,핸드폰_260909
010-6473-4825,김헌수,핸드폰_260909
010-4618-5840,김헌준,핸드폰_260909
010-3763-6720,김현구,핸드폰_260909
010-8549-7125,김현덕,핸드폰_260909
010-4728-5652,김현동,핸드폰_260909
010-3724-3416,김현범,핸드폰_260909
010-9892-5248,김현섭,핸드폰_260909
010-8766-4207,김현숙,핸드폰_260909
010-4422-0425,김현승 대리 평택,핸드폰_260909
010-5315-8890,김현식,핸드폰_260909
010-3456-4820,김현우,핸드폰_260909
010-3308-7753,김현일,핸드폰_260909
010-5064-5000,김현일,핸드폰_260909
010-2546-0561,김현조,핸드폰_260909
010-5494-2673,김현진,핸드폰_260909
010-9284-7113,김현진,핸드폰_260909
010-5095-1301,김현철,핸드폰_260909
010-9650-3972,김현태,핸드폰_260909
010-5345-8758,김현필,핸드폰_260909
010-2365-5031,김협수,핸드폰_260909
010-2055-6369,김형민,핸드폰_260909
010-7155-4062,김형복,핸드폰_260909
010-2608-8924,김형윤 사조 동아원 펫 팀장,핸드폰_260909
010-3489-5196,김형준,핸드폰_260909
010-7130-9819,김형준,핸드폰_260909
010-9737-5814,김형준,핸드폰_260909
010-8223-4805,김형중,핸드폰_260909
010-5146-8000,김형진,핸드폰_260909
010-5872-4005,정재운,핸드폰_260909
010-9050-2390,김형태,핸드폰_260909
010-9190-8888,김혜숙,핸드폰_260909
010-4713-0410,김혜현,핸드폰_260909
010-9049-0552,김혜환,핸드폰_260909
010-7380-1187,김호겸,핸드폰_260909
010-3080-0346,김호석,핸드폰_260909
010-3862-6384,김홍래,핸드폰_260909
010-9315-2558,김홍래,핸드폰_260909
010-9227-3986,김홍문,핸드폰_260909
010-9577-6027,김홍정,핸드폰_260909
010-9355-0166,김홍중,핸드폰_260909
010-4602-1499,김화영,핸드폰_260909
010-5344-8549,김화진,핸드폰_260909
010-7237-3360,김회수,핸드폰_260909
010-4334-1389,김효식,핸드폰_260909
010-9944-8100,김효은,핸드폰_260909
010-6496-0701,김효중,핸드폰_260909
010-8828-8955,김효진,핸드폰_260909
010-8851-2993,임경호,핸드폰_260909
010-4099-8658,김훈,핸드폰_260909
010-3921-7865,김흥선,핸드폰_260909
010-3618-4905,김희겸,핸드폰_260909
010-2495-0885,김희국,핸드폰_260909
010-3221-1222,김희성,핸드폰_260909
010-2664-8307,김희철,핸드폰_260909
010-3716-1392,김희철,핸드폰_260909
010-9239-3030,꼬봉잔심부름,핸드폰_260909
010-4490-0150,꽃배달천사,핸드폰_260909
010-8322-3597,꿈꾸는해와바다펜션,핸드폰_260909
010-4046-0476,나경운,핸드폰_260909
010-5246-4929,나경운,핸드폰_260909
010-5020-1965,나기권,핸드폰_260909
010-9008-2062,나도수,핸드폰_260909
010-6267-9827,나명수,핸드폰_260909
010-5355-4169,나성수,핸드폰_260909
010-2419-2982,나영옥,핸드폰_260909
010-9920-7865,나용훈,핸드폰_260909
010-5245-3703,나이센,핸드폰_260909
010-6238-0720,나종삼,핸드폰_260909
010-8554-3282,나종삼,핸드폰_260909
010-6255-3598,나화숙,핸드폰_260909
010-4844-2063,남궁년,핸드폰_260909
010-9042-4478,남기증,핸드폰_260909
010-6476-2567,남덕현,핸드폰_260909
010-2339-9420,남동현,핸드폰_260909
010-2631-3550,남두석,핸드폰_260909
010-5652-3550,남두석,핸드폰_260909
010-5397-9930,남면농협(오형석),핸드폰_260909
010-5421-3181,남상엽,핸드폰_260909
010-6208-2715,남상욱 주임 DH바이탈 출고,핸드폰_260909
010-3582-7876,남상천,핸드폰_260909
010-3921-7877,남상천,핸드폰_260909
010-5406-3717,남영옥,핸드폰_260909
010-8576-8221,남윤현,핸드폰_260909
010-3284-9799,남지선,핸드폰_260909
010-3725-9259,남철우,핸드폰_260909
010-5288-5786,남태희,핸드폰_260909
010-2727-3023,남희복,핸드폰_260909
010-5463-8365,노경래,핸드폰_260909
010-9177-4228,노경숙,핸드폰_260909
010-2633-3128,노경탁,핸드폰_260909
010-4178-9899,노기혁,핸드폰_260909
010-4726-5419,노동환,핸드폰_260909
010-2868-3544,노드박사닷컴,핸드폰_260909
010-4422-6027,노상현,핸드폰_260909
010-9737-9233,노상환,핸드폰_260909
010-8729-7823,노수덕,핸드폰_260909
010-2589-2096,노승근,핸드폰_260909
010-7175-1310,노신혁,핸드폰_260909
010-8806-8592,노영만,핸드폰_260909
010-8384-3423,노영식,핸드폰_260909
010-7707-1720,노영운,핸드폰_260909
010-4593-2648,노영일,핸드폰_260909
010-5378-3310,노재욱,핸드폰_260909
010-7224-1179,노재원,핸드폰_260909
010-5423-9047,노정필,핸드폰_260909
010-5262-1444,노진석,핸드폰_260909
010-5570-9142,노천섭,핸드폰_260909
010-8568-3627,한근 노평창무역,핸드폰_260909
010-3397-7856,노한성,핸드폰_260909
010-8368-8210,노현우,핸드폰_260909
010-3822-7217,노형택,핸드폰_260909
010-8816-3134,노호철,핸드폰_260909
010-9580-9888,놀이터,핸드폰_260909
010-3442-6009,유석길,핸드폰_260909
010-4951-8489,농협 이주철지점장님,핸드폰_260909
010-6229-8505,농협내자구매,핸드폰_260909
010-5338-5233,뉴월드동물병원,핸드폰_260909
010-8808-3270,단미분석소,핸드폰_260909
010-2542-5222,단비농장,핸드폰_260909
010-8028-9400,최종현,핸드폰_260909
010-4050-2524,당진낙협 입고담당,핸드폰_260909
010-6253-3277,류현숙,핸드폰_260909
010-9452-7413,대림산업경리,핸드폰_260909
010-8797-8907,대박유통,핸드폰_260909
010-7459-8007,대봉감,핸드폰_260909
010-8771-7397,대영바이오,핸드폰_260909
010-9237-6798,대지영농사모님,핸드폰_260909
010-8769-5149,대표강신봉,핸드폰_260909
010-7292-0901,더프린트콜,핸드폰_260909
010-8448-8583,덕수농장장,핸드폰_260909
010-6209-2561,덕연농장엄부장,핸드폰_260909
010-9412-9355,덕연작은사모님,핸드폰_260909
010-6681-2441,도사경제,핸드폰_260909
010-8934-8576,도용균,핸드폰_260909
010-3712-8344,도원석,핸드폰_260909
010-2793-4321,도태훈,핸드폰_260909
010-7421-7474,동그랑김민영,핸드폰_260909
010-7236-9308,동창회명패,핸드폰_260909
010-5347-0622,동희조,핸드폰_260909
010-3478-5401,디에치엘,핸드폰_260909
010-7354-3210,디테일 동물병원,핸드폰_260909
010-9421-3029,또마,핸드폰_260909
010-2446-8812,레이얀친구,핸드폰_260909
010-8247-7847,로뎀파크수목장,핸드폰_260909
010-4348-0428,로얄세븐강영근,핸드폰_260909
010-3582-4388,로타갈인쇄소,핸드폰_260909
010-2202-3137,로타갈포워딩회사,핸드폰_260909
010-7683-0944,롤업,핸드폰_260909
010-2347-8776,롯데칠성,핸드폰_260909
010-4828-5966,루미가든,핸드폰_260909
010-6428-5738,류광철,핸드폰_260909
010-3568-0072,류근춘,핸드폰_260909
010-3822-0181,유기남,핸드폰_260909
010-5423-9986,류만하,핸드폰_260909
010-7226-9560,류명상,핸드폰_260909
010-2454-0145,류병돈,핸드폰_260909
010-6213-6045,류봉학,핸드폰_260909
010-8929-0365,류연선,핸드폰_260909
010-7511-0712,류영현,핸드폰_260909
010-5263-8096,류영화,핸드폰_260909
010-5457-7843,류인광81,핸드폰_260909
010-6261-9776,류종희,핸드폰_260909
010-3721-1612,류한범,핸드폰_260909
010-8398-9478,류현준세림농장장,핸드폰_260909
010-3742-2540,류호정,핸드폰_260909
010-7939-2910,리뷰천사,핸드폰_260909
010-6234-2021,리차드김,핸드폰_260909
010-5030-9745,마성원,핸드폰_260909
010-4411-0690,마운열,핸드폰_260909
010-9958-6162,마이웰직원,핸드폰_260909
010-8687-4988,마케팅솔루션코리아(주),핸드폰_260909
010-3354-4728,막스,핸드폰_260909
010-3205-7448,최상희,핸드폰_260909
010-8465-9498,메가테리아직원,핸드폰_260909
010-9192-2564,박재원,핸드폰_260909
010-2992-4736,명재훈,핸드폰_260909
010-5333-7309,명재훈,핸드폰_260909
010-3677-6636,모종구,핸드폰_260909
010-5316-9977,목명균,핸드폰_260909
010-8528-9818,목우촌경인지점,핸드폰_260909
010-9807-7432,목진석,핸드폰_260909
010-9322-1800,무안하나가축약품,핸드폰_260909
010-4148-7582,문두환,핸드폰_260909
010-3901-3868,문미란,핸드폰_260909
010-8482-7335,문병석,핸드폰_260909
010-7195-8230,문병현,핸드폰_260909
010-3251-6620,문상진,핸드폰_260909
010-3770-5722,문상진,핸드폰_260909
010-3273-3855,문선규,핸드폰_260909
010-6342-4846,문성욱,핸드폰_260909
010-9033-1017,문성욱,핸드폰_260909
010-6232-6933,문성철,핸드폰_260909
010-3551-2617,문수호,핸드폰_260909
010-6342-1199,문영근,핸드폰_260909
010-3171-8572,문용성,핸드폰_260909
010-3531-7021,문윤철,핸드폰_260909
010-8823-1419,문은경,핸드폰_260909
010-8953-2349,문재봉,핸드폰_260909
010-6568-3886,문재영,핸드폰_260909
010-5385-4430,문재일,핸드폰_260909
010-3222-0837,문정현,핸드폰_260909
010-5419-1775,문진산,핸드폰_260909
010-8554-8789,문진산,핸드폰_260909
010-6288-2361,문철성,핸드폰_260909
010-4502-9510,문칠용,핸드폰_260909
010-8419-4415,문해승,핸드폰_260909
010-6247-6408,문현성,핸드폰_260909
010-2285-0574,문훈석,핸드폰_260909
010-4451-2171,문희연,핸드폰_260909
010-6207-3671,문희용,핸드폰_260909
010-6436-6655,뮤지훈,핸드폰_260909
010-2618-5944,민경만,핸드폰_260909
010-3625-5052,민경천,핸드폰_260909
010-8963-0047,민균퐁,핸드폰_260909
010-5354-8513,민동기,핸드폰_260909
010-6374-3412,민동선,핸드폰_260909
010-5279-5901,민동수,핸드폰_260909
010-8953-7725,민병우,핸드폰_260909
010-4329-8119,민병준,핸드폰_260909
010-6259-2929,민봉기,핸드폰_260909
010-5312-9250,민승기,핸드폰_260909
010-7401-1950,민영원,핸드폰_260909
010-9019-5640,민재영,핸드폰_260909
010-5466-3114,민정기,핸드폰_260909
010-8970-5856,민지아,핸드폰_260909
010-8952-8865,바이오닉스 양경봉과장 김포,핸드폰_260909
010-3087-7966,바이오라인 이동희,핸드폰_260909
010-9995-5856,바이오라인여직원,핸드폰_260909
010-9095-9353,신영은,핸드폰_260909
010-3007-7698,바이오토피아서동률계장,핸드폰_260909
010-2833-6788,박건준,핸드폰_260909
010-9015-0937,박경숙,핸드폰_260909
010-3787-8784,박경옥,핸드폰_260909
010-4192-5455,박경윤,핸드폰_260909
010-9473-2704,박경준,핸드폰_260909
010-9838-2135,박경호,핸드폰_260909
010-4705-1168,박광만,핸드폰_260909
010-5261-6557,박광선,핸드폰_260909
010-4280-8162,박광섭,핸드폰_260909
010-9983-9907,박광일,핸드폰_260909
010-6590-1595,박구석,핸드폰_260909
010-6713-9524,박구석,핸드폰_260909
010-7466-2227,박규웅,핸드폰_260909
010-2691-6001,박규현,핸드폰_260909
010-8363-3579,박근우,핸드폰_260909
010-2232-0813,박근재,핸드폰_260909
010-3796-1194,박근창,핸드폰_260909
010-6250-5880,박근태,핸드폰_260909
010-5446-7789,박근후,핸드폰_260909
010-8663-8550,박금생,핸드폰_260909
010-5326-0034,박금성,핸드폰_260909
010-4419-5092,판양행,핸드폰_260909
010-5225-0767,박기형,핸드폰_260909
010-3567-3613,박길연,핸드폰_260909
010-3230-3331,박남영,핸드폰_260909
010-9402-3042,박대기,핸드폰_260909
010-3398-6523,박대화,핸드폰_260909
010-6456-4350,박도수,핸드폰_260909
010-2463-8841,박도순,핸드폰_260909
010-2409-9442,박동순,핸드폰_260909
010-2363-4331,박동오,핸드폰_260909
010-3136-4922,박동진,핸드폰_260909
010-7212-9799,박명숙,핸드폰_260909
010-9136-8092,박명언,핸드폰_260909
010-9249-5210,박문규,핸드폰_260909
010-5362-5066,박문수,핸드폰_260909
010-8225-5229,박미옥,핸드폰_260909
010-2726-4683,박미자,핸드폰_260909
010-3075-2376,박미정,핸드폰_260909
010-4418-6404,박민호,핸드폰_260909
010-3305-8538,박범준,핸드폰_260909
010-9124-9989,박병곤,핸드폰_260909
010-6427-4489,박지성,핸드폰_260909
010-3347-3107,박진성,핸드폰_260909
010-2931-0309,박병삼,핸드폰_260909
010-8906-4869,박병철,핸드폰_260909
010-3266-6640,박보현,핸드폰_260909
010-3293-2040,박봉균,핸드폰_260909
010-5484-0161,박부업,핸드폰_260909
010-5434-9545,박상걸,핸드폰_260909
010-5767-7234,박상규,핸드폰_260909
010-5483-9567,박상근,핸드폰_260909
010-8879-0367,박상근,핸드폰_260909
010-2356-9077,박상남,핸드폰_260909
010-9165-8456,박상민,핸드폰_260909
010-3007-0178,박상욱,핸드폰_260909
010-4220-2065,박상욱,핸드폰_260909
010-8899-2065,박상욱,핸드폰_260909
010-5646-3459,박상윤,핸드폰_260909
010-9398-9573,박상인,핸드폰_260909
010-9083-4077,박상진,핸드폰_260909
010-2247-8783,박상태,핸드폰_260909
010-3652-4310,박상태,핸드폰_260909
010-3013-2044,박상현,핸드폰_260909
010-8790-3593,박서영,핸드폰_260909
010-9971-8840,박영미대영,핸드폰_260909
010-5129-4705,박석규,핸드폰_260909
010-5303-7010,박선,핸드폰_260909
010-5378-8553,박선경,핸드폰_260909
010-4519-8263,박선규,핸드폰_260909
010-8915-9688,박선배,핸드폰_260909
010-3928-0582,박성구,핸드폰_260909
010-3098-0691,박성규,핸드폰_260909
010-5226-6821,박성규,핸드폰_260909
010-9382-5524,박성기,핸드폰_260909
010-6400-1866,박성미,핸드폰_260909
010-9420-1991,박성수,핸드폰_260909
010-9273-0150,박성식,핸드폰_260909
010-5419-4282,박성열,핸드폰_260909
010-6331-2333,박성열,핸드폰_260909
010-5918-6298,박성완,핸드폰_260909
010-8963-9008,박성용,핸드폰_260909
010-5211-4573,박성철,핸드폰_260909
010-5180-1105,박성한,핸드폰_260909
010-5359-9096,박성호,핸드폰_260909
010-2750-2269,박세은,핸드폰_260909
010-8961-7040,박소연,핸드폰_260909
010-5279-0560,박소정,핸드폰_260909
010-6267-8460,박수연,핸드폰_260909
010-4410-2895,박순규,핸드폰_260909
010-4721-1491,박순영,핸드폰_260909
010-4210-3302,박순호,핸드폰_260909
010-7166-8155,박순호,핸드폰_260909
010-5415-0142,박순환,핸드폰_260909
010-3755-3977,박승,핸드폰_260909
010-2613-8309,박승석,핸드폰_260909
010-3671-1843,박승석,핸드폰_260909
010-5318-8668,박승선,핸드폰_260909
010-7533-0118,박승수,핸드폰_260909
010-8951-3388,박승옥,핸드폰_260909
010-5231-7580,박승주,핸드폰_260909
010-8770-5971,박승진,핸드폰_260909
010-4125-9614,박승현,핸드폰_260909
010-5330-3573,박시종,핸드폰_260909
010-9277-1148,박아람,핸드폰_260909
010-4151-0422,박애정,핸드폰_260909
010-6205-3433,박연국,핸드폰_260909
010-5220-7709,박연주,핸드폰_260909
010-4010-5582,박연화,핸드폰_260909
010-5456-3206,박영미,핸드폰_260909
010-3455-2514,박영선,핸드폰_260909
010-4641-5515,박영수,핸드폰_260909
010-9032-4834,박영수,핸드폰_260909
010-6600-4715,박영순,핸드폰_260909
010-3612-2628,박영우,핸드폰_260909
010-5691-8285,박영종,핸드폰_260909
010-4721-1093,박영찬,핸드폰_260909
010-6404-9126,박영태,핸드폰_260909
010-3137-6037,박영하,핸드폰_260909
010-3211-3680,박영호,핸드폰_260909
010-4599-4661,박영효,핸드폰_260909
010-3431-5890,박옥연,핸드폰_260909
010-9413-6649,박옥연,핸드폰_260909
010-5461-7949,박용규,핸드폰_260909
010-7479-6116,박용균,핸드폰_260909
010-3709-1327,박용대,핸드폰_260909
010-5402-5607,박용순,핸드폰_260909
010-5023-5500,박용운,핸드폰_260909
010-6799-6608,박용진,핸드폰_260909
010-8772-9542,박용진,핸드폰_260909
010-9995-0988,박웅규,핸드폰_260909
010-2075-5184,박원규,핸드폰_260909
010-9096-5384,박원규,핸드폰_260909
010-4535-9822,박원근,핸드폰_260909
010-8864-4583,박원자,핸드폰_260909
010-3289-3312,박유신,핸드폰_260909
010-4421-6941,박유태,핸드폰_260909
010-2347-1146,박육주,핸드폰_260909
010-6347-1146,박육주,핸드폰_260909
010-3302-5465,박윤서 윤리교97 40,핸드폰_260909
010-8768-5179,박윤참,핸드폰_260909
010-6358-6020,박윤호,핸드폰_260909
010-3473-3322,박은아,핸드폰_260909
010-4602-5548,박은호,핸드폰_260909
010-5049-1130,박이사님,핸드폰_260909
010-5601-2002,박이천,핸드폰_260909
010-7499-2035,박이천,핸드폰_260909
010-5421-6261,박인욱,핸드폰_260909
010-3680-8122,박인준,핸드폰_260909
010-3742-2242,박인희,핸드폰_260909
010-3209-1920,박일권 부장,핸드폰_260909
010-4017-5851,박일규,핸드폰_260909
010-2717-0013,박일정,핸드폰_260909
010-6637-7721,박자영,핸드폰_260909
010-5325-7754,박장희,핸드폰_260909
010-8710-0443,박재경/수성24,핸드폰_260909
010-6486-2183,박재룡,핸드폰_260909
010-3503-5044,박재림,핸드폰_260909
010-7131-2885,박재성,핸드폰_260909
010-4384-6443,박재환,핸드폰_260909
010-9007-2244,박점석,핸드폰_260909
010-3510-5056,박점수,핸드폰_260909
010-7116-4776,박정구,핸드폰_260909
010-4419-1063,박정근,핸드폰_260909
010-8688-3534,박정금박사,핸드폰_260909
010-5217-5396,박정남,핸드폰_260909
010-9082-7226,박정란,핸드폰_260909
010-6278-6345,박정민,핸드폰_260909
010-3177-6666,박정수,핸드폰_260909
010-6385-3655,박정오,핸드폰_260909
010-4946-2370,박정우,핸드폰_260909
010-8781-8535,박정욱,핸드폰_260909
010-2302-9040,박정인,핸드폰_260909
010-8251-0012,박정태,핸드폰_260909
010-2454-0909,박정희,핸드폰_260909
010-3030-0067,박제철,핸드폰_260909
010-6689-6560,박조은,핸드폰_260909
010-3340-9205,박종규,핸드폰_260909
010-5329-2278,박종근,핸드폰_260909
010-9485-7396,박종대,핸드폰_260909
010-7740-6600,박종명,핸드폰_260909
010-2941-3529,박종문,핸드폰_260909
010-2808-2398,박종성,핸드폰_260909
010-5191-6838,박종소,핸드폰_260909
010-6429-9603,박종소,핸드폰_260909
010-8811-9566,박종소,핸드폰_260909
010-5309-1765,박종억,핸드폰_260909
010-2832-3132,박종우,핸드폰_260909
010-3673-3868,박종은,핸드폰_260909
010-7299-9420,박종재,핸드폰_260909
010-3649-4659,박종필,핸드폰_260909
010-5376-0793,박종학,핸드폰_260909
010-4009-4369,박종현,핸드폰_260909
010-4419-5091,박종현,핸드폰_260909
010-4713-5943,박종협,핸드폰_260909
010-8910-6512,박주원,핸드폰_260909
010-9036-1588,박주환,핸드폰_260909
010-2128-5614,박준영,핸드폰_260909
010-3200-1472,박준영,핸드폰_260909
010-9350-9693,박준영,핸드폰_260909
010-2807-6678,박준철부장,핸드폰_260909
010-5399-8516,박준철,핸드폰_260909
010-9037-6001,박준흥,핸드폰_260909
010-3779-5156,박중수,핸드폰_260909
010-3653-7406,박지성,핸드폰_260909
010-8797-4883,박지숙,핸드폰_260909
010-8466-8581,박지용,핸드폰_260909
010-5204-0734,박지윤,핸드폰_260909
010-2715-2330,박진만,핸드폰_260909
010-5323-3910,박진선,핸드폰_260909
010-3008-2398,박진수,핸드폰_260909
010-8707-5138,박진현,핸드폰_260909
010-8907-6443,박진홍,핸드폰_260909
010-9072-4475,박진환,핸드폰_260909
010-6423-9571,박진희,핸드폰_260909
010-6279-8232,박찬구,핸드폰_260909
010-5486-2925,박찬구진천,핸드폰_260909
010-4600-8254,박찬규,핸드폰_260909
010-5687-5574,박찬복,핸드폰_260909
010-3414-0608,박찬석,핸드폰_260909
010-8781-0810,박찬주,핸드폰_260909
010-5210-8062,박창규,핸드폰_260909
010-6239-8897,박창우,핸드폰_260909
010-3211-6174,박천석,핸드폰_260909
010-3192-7939,박천웅,핸드폰_260909
010-5817-5525,박철,핸드폰_260909
010-5851-4664,박철,핸드폰_260909
010-6237-8698,박철규,핸드폰_260909
010-6487-9569,박철범,핸드폰_260909
010-8546-3008,박철범,핸드폰_260909
010-9372-3363,박철성,핸드폰_260909
010-2124-5833,박철희,핸드폰_260909
010-6483-6985,박철희,핸드폰_260909
010-4767-6480,박청규,핸드폰_260909
010-6343-2144,박충식,핸드폰_260909
010-9057-8853,박충원,핸드폰_260909
010-8148-2198,박치상,핸드폰_260909
010-9081-8859,박태균,핸드폰_260909
010-3815-6069,박태수,핸드폰_260909
010-6430-3969,박태신,핸드폰_260909
010-2479-0351,박태영,핸드폰_260909
010-6543-7998,박태욱,핸드폰_260909
010-9000-5595,박태준,핸드폰_260909
010-5606-5319,박태현,핸드폰_260909
010-4722-7218,박태홍,핸드폰_260909
010-8743-9949,박택석,핸드폰_260909
010-5453-4689,박필규,핸드폰_260909
010-9939-8802,박학규,핸드폰_260909
010-2844-1403,박해열,핸드폰_260909
010-2361-8002,박해원,핸드폰_260909
010-2927-7273,박해원,핸드폰_260909
010-9705-0560,박헌영,핸드폰_260909
010-2991-5315,박혁,핸드폰_260909
010-3349-5653,박현수,핸드폰_260909
010-5308-0357,박현식,핸드폰_260909
010-3315-9221,박현준,핸드폰_260909
010-4341-2043,박현태,핸드폰_260909
010-2038-5805,박형규,핸드폰_260909
010-8879-4874,박형재,핸드폰_260909
010-4715-6967,박형주,핸드폰_260909
010-3366-9636,박형진,핸드폰_260909
010-7177-8541,박호인,핸드폰_260909
010-6800-8259,박홍양,핸드폰_260909
010-6779-0100,박홍주,핸드폰_260909
010-2001-7676,박훈서,핸드폰_260909
010-9154-1509,박흥국,핸드폰_260909
010-4213-7208,박흥순,핸드폰_260909
010-9439-8744,박희권,핸드폰_260909
010-2833-6893,박희두,핸드폰_260909
010-4796-8800,반병섭,핸드폰_260909
010-3865-0153,반영덕,핸드폰_260909
010-8541-4305,반종국,핸드폰_260909
010-2345-1892,반포리체,핸드폰_260909
010-9024-8819,반포메니저,핸드폰_260909
010-4135-6906,방기수,핸드폰_260909
010-7107-8682,방문규,핸드폰_260909
010-9957-1085,방민호,핸드폰_260909
010-3029-1004,방병수,핸드폰_260909
010-5456-8456,방순향,핸드폰_260909
010-5456-8465,방순향,핸드폰_260909
010-5401-7010,방의석,핸드폰_260909
010-3554-1580,방창량,핸드폰_260909
010-2537-3550,방해룡,핸드폰_260909
010-7116-8110,방호섭,핸드폰_260909
010-5422-2292,방희진,핸드폰_260909
010-6334-5937,배경훈,핸드폰_260909
010-7979-0590,배달2580,핸드폰_260909
010-5430-1316,배민황,핸드폰_260909
010-8546-6515,배방오리주물럭,핸드폰_260909
010-4354-7386,배병훈,핸드폰_260909
010-6422-4089,배상원,핸드폰_260909
010-5345-5356,배상호,핸드폰_260909
010-9085-0230,배성원,핸드폰_260909
010-4213-5443,배윤섭,핸드폰_260909
010-9778-7234,배재범,핸드폰_260909
010-2788-9066,배재형,핸드폰_260909
010-4964-2588,배정식,핸드폰_260909
010-3266-1734,배정희,핸드폰_260909
010-2055-3668,배준호,핸드폰_260909
010-3221-5046,배지훈,핸드폰_260909
010-4652-5170,배호형,핸드폰_260909
010-2425-9617,백가영,핸드폰_260909
010-6495-8256,백건기,핸드폰_260909
010-3004-2299,백경일,핸드폰_260909
010-7103-2369,백광수,핸드폰_260909
010-5539-5708,백광수투,핸드폰_260909
010-8645-9774,백남종,핸드폰_260909
010-8452-5251,백동순,핸드폰_260909
010-5535-3089,백두로지스틱,핸드폰_260909
010-9916-5688,백두현,핸드폰_260909
010-2750-7239,백만오,핸드폰_260909
010-9142-2220,백명현,핸드폰_260909
010-7138-3155,백민경,핸드폰_260909
010-5410-5660,백상엽,핸드폰_260909
010-5333-7672,백상태,핸드폰_260909
010-9110-4220,백선옥,핸드폰_260909
010-4325-3118,백성민,핸드폰_260909
010-6404-6724,백승관,핸드폰_260909
010-9446-2255,백승룡,핸드폰_260909
010-4337-0080,백승재,핸드폰_260909
010-3768-3102,백승훈,핸드폰_260909
010-4413-3475,백영옥,핸드폰_260909
010-3501-5277,백영죽,핸드폰_260909
010-2654-0080,백원원,핸드폰_260909
010-3044-7308,백정우,핸드폰_260909
010-2523-4277,백종태,핸드폰_260909
010-3712-9953,백지은,핸드폰_260909
010-5448-4537,백천기,핸드폰_260909
010-9341-3761,백철,핸드폰_260909
010-3790-1968,백철균,핸드폰_260909
010-6732-0133,법주사,핸드폰_260909
010-5461-7151,법주사31번기사님,핸드폰_260909
010-3730-9394,법주사원주님,핸드폰_260909
010-5914-6930,베이비에어드롭,핸드폰_260909
010-9173-9566,베트남핸드캐리,핸드폰_260909
010-6232-0299,변상문,핸드폰_260909
010-4234-6993,변우석,핸드폰_260909
010-3522-0793,변재범,핸드폰_260909
010-5577-5587,변호찬,핸드폰_260909
010-9413-9172,보헤미안래소디,핸드폰_260909
010-6670-7157,본부장,핸드폰_260909
010-8855-4866,봄내카페,핸드폰_260909
010-3118-9036,봄봄김정훈,핸드폰_260909
010-7299-0892,봄봄택배,핸드폰_260909
010-6279-3033,봉상훈,핸드폰_260909
010-8591-5531,부강농장 풍세,핸드폰_260909
010-4557-3439,부경사모,핸드폰_260909
010-8297-0723,부안신성,핸드폰_260909
010-9012-9799,부연엄마,핸드폰_260909
010-2689-7608,부영석,핸드폰_260909
010-9699-3039,비케이팜경리,핸드폰_260909
010-8063-5299,사라아딜,핸드폰_260909
010-6420-8250,사모님,핸드폰_260909
010-5252-9050,사혁,핸드폰_260909
010-2690-0724,삼보렌트수리,핸드폰_260909
010-9886-3658,삼성과학여직원,핸드폰_260909
010-8606-2606,삼성농장,핸드폰_260909
010-3946-5558,삼성카드직원,핸드폰_260909
010-4352-1626,삼성화재,핸드폰_260909
010-9290-3306,삼시세끼,핸드폰_260909
010-8794-7242,삼원석회,핸드폰_260909
010-3911-6538,상승프로,핸드폰_260909
010-9559-9539,새댁고광수,핸드폰_260909
010-5426-3226,새한신용정보,핸드폰_260909
010-5373-8651,서강문,핸드폰_260909
010-4809-4998,서경혜,핸드폰_260909
010-5771-8690,서경희,핸드폰_260909
010-8479-1215,서곤,핸드폰_260909
010-5457-3605,서동균,핸드폰_260909
010-8800-7346,서동선,핸드폰_260909
010-7727-9346,서동진,핸드폰_260909
010-4728-8283,서동필,핸드폰_260909
010-9898-8949,서림농원,핸드폰_260909
010-5757-2463,서무석,핸드폰_260909
010-9620-9025,서민구,핸드폰_260909
010-2764-1740,서민규,핸드폰_260909
010-8166-4887,서부사료,핸드폰_260909
010-5048-7645,서산중앙가축병원,핸드폰_260909
010-3374-0105,서상교,핸드폰_260909
010-3763-9345,서상훈,핸드폰_260909
010-3789-4943,서석인,핸드폰_260909
010-8755-3379,임창덕,핸드폰_260909
010-9159-1867,서석인,핸드폰_260909
010-3815-2130,서성원,핸드폰_260909
010-3646-0904,서성팔,핸드폰_260909
010-2053-3339,서승기,핸드폰_260909
010-3628-4723,서승민사장매력,핸드폰_260909
010-7421-8889,서승우,핸드폰_260909
010-6234-7333,서영석,핸드폰_260909
010-3882-6228,서영재,핸드폰_260909
010-8761-4983,서영종,핸드폰_260909
010-4573-3119,서예준,핸드폰_260909
010-7113-2095,서용석,핸드폰_260909
010-5326-7272,서인수,핸드폰_260909
010-5485-3528,서일복,핸드폰_260909
010-3286-6181,서재원(徐載源)~~“틱톡유튜브 콘텐츠 크리에이터 활동 (2,핸드폰_260909
010-2475-3376,서재호,핸드폰_260909
010-6733-3185,서정기,핸드폰_260909
010-8930-4130,서정옥,핸드폰_260909
010-8518-4755,서정용,핸드폰_260909
010-3791-1953,서정평,핸드폰_260909
010-6334-7941,서주형,핸드폰_260909
010-4786-0986,서준,핸드폰_260909
010-3478-5266,송재윤,핸드폰_260909
010-6421-5697,서지희,핸드폰_260909
010-6511-4163,서진건축사,핸드폰_260909
010-7688-7646,서창원,핸드폰_260909
010-5448-3095,서태준,핸드폰_260909
010-2940-0366,서현이,핸드폰_260909
010-8581-6931,서현이,핸드폰_260909
010-3206-7035,서화석96,핸드폰_260909
010-7184-3200,석대식,핸드폰_260909
010-3109-2778,석종영,핸드폰_260909
010-3544-3476,석현수,핸드폰_260909
010-4916-0137,선민수,핸드폰_260909
010-2454-0300,선양선,핸드폰_260909
010-5263-3671,선정우,핸드폰_260909
010-9573-0005,선종근,핸드폰_260909
010-6336-5201,선종아,핸드폰_260909
010-8783-1788,설용민,핸드폰_260909
010-3647-0653,설재현,핸드폰_260909
010-5385-0056,설지훈,핸드폰_260909
010-2027-1361,성기준,핸드폰_260909
010-9407-5083,성기철,핸드폰_260909
010-5273-7395,성기홍,핸드폰_260909
010-6314-2583,성낙환,핸드폰_260909
010-8933-5151,성동규,핸드폰_260909
010-2894-8104,성연경,핸드폰_260909
010-8586-1028,성영욱,핸드폰_260909
010-4419-1064,성용경,핸드폰_260909
010-9095-7147,성용경,핸드폰_260909
010-9206-9617,성윤아,핸드폰_260909
010-2221-4220,성은일,핸드폰_260909
010-3757-4855,성재준,핸드폰_260909
010-7302-0129,성정열,핸드폰_260909
010-5411-8395,성제경,핸드폰_260909
010-9711-6109,성주숭,핸드폰_260909
010-9289-1660,허진,핸드폰_260909
010-8517-1632,성지1005,핸드폰_260909
010-2307-1726,성지통장,핸드폰_260909
010-4045-2045,성하균,핸드폰_260909
010-5197-8502,성하정,핸드폰_260909
010-2825-8535,한용수,핸드폰_260909
010-7628-2463,세림농장서무석,핸드폰_260909
010-4758-6720,세림농장장,핸드폰_260909
010-4921-9700,세림백승훈,핸드폰_260909
010-7520-1605,세차장사장님,핸드폰_260909
010-4108-6409,셀텍여직원,핸드폰_260909
010-2493-1338,소병재,핸드폰_260909
010-2493-1388,소병재,핸드폰_260909
010-8770-8646,소순팔,핸드폰_260909
010-6614-6878,소영삼정호텔,핸드폰_260909
010-5345-1763,소진아,핸드폰_260909
010-9101-4774,소필호,핸드폰_260909
010-2300-4901,소하,핸드폰_260909
010-8595-2694,손광철,핸드폰_260909
010-9251-1193,손근남,핸드폰_260909
010-2257-4985,손기영,핸드폰_260909
010-7285-4985,손기영,핸드폰_260909
010-4758-6632,손대호,핸드폰_260909
010-7104-0403,손덕미,핸드폰_260909
010-8883-9316,휴온스엔 손락호 부장님,핸드폰_260909
010-4710-3685,손명배,핸드폰_260909
010-5315-8443,손민기,핸드폰_260909
010-7118-9364,손민정,핸드폰_260909
010-6210-0199,손병두,핸드폰_260909
010-2615-8936,손삼선,핸드폰_260909
010-5459-0452,손성빈,핸드폰_260909
010-5420-6984,손수현,핸드폰_260909
010-9760-4600,손숭원,핸드폰_260909
010-9494-5753,손신균,핸드폰_260909
010-4006-0443,손아름,핸드폰_260909
010-4189-9963,손아름,핸드폰_260909
010-3610-3760,손영민,핸드폰_260909
010-8772-6427,이정근,핸드폰_260909
010-3698-2843,손용조,핸드폰_260909
010-3247-2021,손우찬,핸드폰_260909
010-5567-6772,손윤하,핸드폰_260909
010-4994-0020,손은주,핸드폰_260909
010-9913-5240,손익승,핸드폰_260909
010-5298-7683,손인호,핸드폰_260909
010-9256-3972,손정만,핸드폰_260909
010-2677-5505,손종무,핸드폰_260909
010-4225-8506,손주희,핸드폰_260909
010-9167-1033,손진,핸드폰_260909
010-4588-4202,손태홍,핸드폰_260909
010-3522-4497,손호창,핸드폰_260909
010-9255-6733,손홍인,핸드폰_260909
010-4419-2213,손홍철,핸드폰_260909
010-5433-9075,송건섭,핸드폰_260909
010-5417-4317,송과의,핸드폰_260909
010-5320-1903,송기찬,핸드폰_260909
010-2339-9881,송나래,핸드폰_260909
010-9007-5466,송낙현,핸드폰_260909
010-3457-5075,송대범,핸드폰_260909
010-6852-2144,최시영,핸드폰_260909
010-7312-5411,송대범,핸드폰_260909
010-9421-0478,송대섭,핸드폰_260909
010-5745-0005,송도투싼하체수리,핸드폰_260909
010-6421-0678,송란경,핸드폰_260909
010-8418-1116,송미현,핸드폰_260909
010-2262-0199,송상권,핸드폰_260909
010-3436-2246,송석진,핸드폰_260909
010-6747-7961,송성경,핸드폰_260909
010-2307-1571,송시환,핸드폰_260909
010-7400-9463,송연호,핸드폰_260909
010-8817-8477,송연호,핸드폰_260909
010-3632-3441,송영건,핸드폰_260909
010-3359-0192,송영덕,핸드폰_260909
010-6594-6665,송영민,핸드폰_260909
010-2009-0641,송영승,핸드폰_260909
010-2251-2183,송영애,핸드폰_260909
010-8770-9173,송영옥,핸드폰_260909
010-2472-9363,송영학,핸드폰_260909
010-3035-3468,송영현당진축협본부장,핸드폰_260909
010-7533-6383,송원재,핸드폰_260909
010-5006-3225,송은경,핸드폰_260909
010-9500-3223,송이사,핸드폰_260909
010-8009-2420,송인수,핸드폰_260909
010-3003-3400,송인철,핸드폰_260909
010-4327-2063,송일섭,핸드폰_260909
010-2875-9114,송장성,핸드폰_260909
010-6762-0301,송재윤,핸드폰_260909
010-8873-1528,송제환,핸드폰_260909
010-4551-0896,송준영,핸드폰_260909
010-6433-4431,송중헌,핸드폰_260909
010-7412-0779,송지은,핸드폰_260909
010-9287-2662,송창섭,핸드폰_260909
010-2710-0875,송태관,핸드폰_260909
010-9537-5559,송파가락시장,핸드폰_260909
010-9799-3249,송향숙,핸드폰_260909
010-8953-0144,카센터,핸드폰_260909
010-3590-5339,송훈석,핸드폰_260909
010-9906-4306,송희곤,핸드폰_260909
010-3450-4864,수아,핸드폰_260909
010-4615-9133,장귀영,핸드폰_260909
010-9587-8522,장귀영,핸드폰_260909
010-2584-0048,순천대학교조교,핸드폰_260909
010-2687-5647,숨고차량도색,핸드폰_260909
010-3413-8228,스크린,핸드폰_260909
010-8934-1900,스티븐정,핸드폰_260909
010-4399-5198,신갑섭,핸드폰_260909
010-4108-3160,신공언,핸드폰_260909
010-2784-3366,신교영,핸드폰_260909
010-3233-6188,신귀석,핸드폰_260909
010-7709-8626,신규진,핸드폰_260909
010-4567-1030,신남동,핸드폰_260909
010-5204-1585,신덕순,핸드폰_260909
010-3585-1703,신도균,핸드폰_260909
010-4949-7418,신동우부장(부성),핸드폰_260909
010-7257-0601,최인성,핸드폰_260909
010-5301-2365,신동훈,핸드폰_260909
010-5369-7750,신동훈,핸드폰_260909
010-3504-6147,신라축산,핸드폰_260909
010-2738-2058,신미은,핸드폰_260909
010-6373-5709,신민호,핸드폰_260909
010-4449-9991,신방토지,핸드폰_260909
010-8776-8256,신백철,핸드폰_260909
010-3412-3199,신병철,핸드폰_260909
010-3838-4611,신봉구,핸드폰_260909
010-7262-5370,신봉현,핸드폰_260909
010-8727-4023,신상곤,핸드폰_260909
010-9727-4023,신상곤,핸드폰_260909
010-3765-1904,신상돈,핸드폰_260909
010-7630-0253,신상민,핸드폰_260909
010-3494-3842,신성길,핸드폰_260909
010-3829-7956,신성호,핸드폰_260909
010-9823-7588,신세경,핸드폰_260909
010-4660-1827,신세계가축병원,핸드폰_260909
010-4131-5891,신수범,핸드폰_260909
010-9504-8388,신승엽,핸드폰_260909
010-8927-7077,신승오,핸드폰_260909
010-8371-0707,신승우,핸드폰_260909
010-4025-4288,신승철,핸드폰_260909
010-2643-5378,신승환,핸드폰_260909
010-3374-1414,신승훈차장,핸드폰_260909
010-8678-2548,신영자산관리,핸드폰_260909
010-8643-4249,신옥산,핸드폰_260909
010-8936-5344,신완해,핸드폰_260909
010-9090-9337,신왕수,핸드폰_260909
010-5368-3349,신용원,핸드폰_260909
010-7479-3542,신용주,핸드폰_260909
010-7746-7377,신용진,핸드폰_260909
010-2525-2652,신용환차장밀투,핸드폰_260909
010-5926-7571,신운철,핸드폰_260909
010-6458-9182,신원봉 고수의손,핸드폰_260909
010-4419-1083,신원욱,핸드폰_260909
010-2398-2529,신윤화,핸드폰_260909
010-9021-7984,신일권,핸드폰_260909
010-3738-2060,신재관,핸드폰_260909
010-7900-3675,신재원,핸드폰_260909
010-8842-0157,신재호,핸드폰_260909
010-5932-5714,신정식,핸드폰_260909
010-5259-7790,신정재,핸드폰_260909
010-6561-2831,신정훈,핸드폰_260909
010-9417-2748,신정훈,핸드폰_260909
010-2416-5383,신지식,핸드폰_260909
010-2063-6996,정진근,핸드폰_260909
010-2974-0315,신창균,핸드폰_260909
010-5407-2053,신창섭,핸드폰_260909
010-8266-7582,신창섭,핸드폰_260909
010-7587-3633,신창훈,핸드폰_260909
010-6456-8884,신태훈,핸드폰_260909
010-5844-8975,신통건강원,핸드폰_260909
010-9924-2791,신풍레미안,핸드폰_260909
010-4902-7765,신학기,핸드폰_260909
010-2553-2144,신한사료,핸드폰_260909
010-9979-8548,신한캐피탈,핸드폰_260909
010-7401-6000,신현구,핸드폰_260909
010-7537-3664,신현구,핸드폰_260909
010-4123-8767,신현덕,핸드폰_260909
010-5403-9319,신현덕,핸드폰_260909
010-7433-2564,신현덕,핸드폰_260909
010-4913-7004,신현민,핸드폰_260909
010-2246-3047,신현욱,핸드폰_260909
010-3714-5098,신형두,핸드폰_260909
010-3695-0096,신혜성,핸드폰_260909
010-5016-7832,신호식,핸드폰_260909
010-9179-8311,신홍식,핸드폰_260909
010-5451-1893,신화윤,핸드폰_260909
010-4233-1231,신희룡,핸드폰_260909
010-8802-7658,실장보리,핸드폰_260909
010-7733-7450,심갑식,핸드폰_260909
010-4414-3558,심경덕,핸드폰_260909
010-3889-1003,심관섭,핸드폰_260909
010-2278-5030,심규동,핸드폰_260909
010-5060-7886,심기보,핸드폰_260909
010-4544-3439,심대보,핸드폰_260909
010-6320-5230,심수지,핸드폰_260909
010-6520-5230,심수지,핸드폰_260909
010-5429-8834,심순갑,핸드폰_260909
010-3427-5245,심순기,핸드폰_260909
010-4106-9916,심승규,핸드폰_260909
010-4706-3139,심언봉,핸드폰_260909
010-5230-3181,심영섭,핸드폰_260909
010-7699-7200,심영호,핸드폰_260909
010-9433-3838,심용락,핸드폰_260909
010-9578-9004,심원보,핸드폰_260909
010-8765-7378,심유진,핸드폰_260909
010-9181-8266,심윤보84,핸드폰_260909
010-9002-9773,심의정,핸드폰_260909
010-2321-0997,심재민,핸드폰_260909
010-6231-3433,심재범,핸드폰_260909
010-8867-7396,심재복,핸드폰_260909
010-8811-9359,심재일,핸드폰_260909
010-8630-2694,심정민,핸드폰_260909
010-7419-3888,심준보,핸드폰_260909
010-7173-0565,심지연,핸드폰_260909
010-5099-3781,심칠섭,핸드폰_260909
010-9483-5530,십교호전망대,핸드폰_260909
010-5488-5205,써니,핸드폰_260909
010-2600-8004,아기애견,핸드폰_260909
010-6310-4949,아리랑여직원,핸드폰_260909
010-9916-3732,아버지,핸드폰_260909
010-8635-4951,아산가축병원,핸드폰_260909
010-9402-4504,안경완,핸드폰_260909
010-4808-8632,안경철,핸드폰_260909
010-7344-2978,안광영,핸드폰_260909
010-9437-2899,안국현,핸드폰_260909
010-8280-4912,안귀현,핸드폰_260909
010-5056-6183,안규홍,핸드폰_260909
010-4425-2579,안극현,핸드폰_260909
010-8957-0980,안근승,핸드폰_260909
010-3343-9935,안기홍,핸드폰_260909
010-7351-7123,안대봉,핸드폰_260909
010-3281-2331,안대성,핸드폰_260909
010-9757-3408,안대성,핸드폰_260909
010-5063-6496,안동농가,핸드폰_260909
010-2413-2985,안명기,핸드폰_260909
010-3724-7338,안명화,핸드폰_260909
010-2998-6728,안민희,핸드폰_260909
010-3764-5333,안방수,핸드폰_260909
010-6364-2036,안병기,핸드폰_260909
010-5403-5854,안병석,핸드폰_260909
010-5260-3571,안병선,핸드폰_260909
010-6513-5289,안병우,핸드폰_260909
010-6412-1990,안병학,핸드폰_260909
010-2500-3560,안선홍,핸드폰_260909
010-6350-4650,안성 동물복지 이보경,핸드폰_260909
010-5402-1412,안성범,핸드폰_260909
010-4138-3707,안성식,핸드폰_260909
010-3513-4463,안성용,핸드폰_260909
010-3360-0238,안성호,핸드폰_260909
010-2371-5637,안소정,핸드폰_260909
010-6254-2105,안용주,핸드폰_260909
010-8934-8678,안욱현,핸드폰_260909
010-3296-1212,안운식,핸드폰_260909
010-6403-5021,안윤식,핸드폰_260909
010-3054-5856,안인갑,핸드폰_260909
010-4061-6861,안인갑,핸드폰_260909
010-7144-8169,안재원,핸드폰_260909
010-3275-5300,안재일,핸드폰_260909
010-3171-0960,안재철,핸드폰_260909
010-6613-3474,안재형,핸드폰_260909
010-5599-5529,안제민,핸드폰_260909
010-5028-8462,안종연,핸드폰_260909
010-8831-8027,안종영,핸드폰_260909
010-3194-7577,안종웅,핸드폰_260909
010-2021-7586,안종학,핸드폰_260909
010-5299-1669,안주원,핸드폰_260909
010-4900-5058,안준민,핸드폰_260909
010-9259-7886,안준범,핸드폰_260909
010-9439-5607,최명규,핸드폰_260909
010-9339-3218,안찬영,핸드폰_260909
010-5398-9419,안창곤,핸드폰_260909
010-9522-4923,안철홍,핸드폰_260909
010-5550-8592,안치현,핸드폰_260909
010-4552-9827,안치형,핸드폰_260909
010-5301-7715,안형진,핸드폰_260909
010-3958-0079,안형철,핸드폰_260909
010-8630-7307,안호영,핸드폰_260909
010-9417-5738,안후상,핸드폰_260909
010-7254-2221,안희경,핸드폰_260909
010-4147-8120,안희석,핸드폰_260909
010-3032-8321,안희찬,핸드폰_260909
010-3103-7283,애드구매담당자,핸드폰_260909
010-2569-0497,애쉬비장로,핸드폰_260909
010-6863-1648,애쉬비장로,핸드폰_260909
010-5805-3522,액상교반충진기,핸드폰_260909
010-2222-5313,염진국,핸드폰_260909
010-9160-4480,약사님,핸드폰_260909
010-5260-1360,양건수,핸드폰_260909
010-3096-9660,양경열,핸드폰_260909
010-5422-4213,양권모,핸드폰_260909
010-5279-6251,양길섭,핸드폰_260909
010-8932-1921,양대리,핸드폰_260909
010-8460-1114,양동욱,핸드폰_260909
010-3658-8934,양산성,핸드폰_260909
010-9042-4875,양상우,핸드폰_260909
010-9122-5745,양상준,핸드폰_260909
010-2041-5951,양석관,핸드폰_260909
010-9375-4407,양승각,핸드폰_260909
010-5475-1504,양신추,핸드폰_260909
010-8138-3699,양연화,핸드폰_260909
010-4894-6678,양운목,핸드폰_260909
010-8724-5065,양원준,핸드폰_260909
010-5578-9760,양원철,핸드폰_260909
010-3433-3427,양유리,핸드폰_260909
010-7185-3580,양윤주,핸드폰_260909
010-2696-6162,양은미,핸드폰_260909
010-5412-1602,양의주,핸드폰_260909
010-5648-2922,양인정,핸드폰_260909
010-7169-1699,양재결,핸드폰_260909
010-4709-5519,양재동최영철,핸드폰_260909
010-4647-1125,양재홍,핸드폰_260909
010-5403-0187,양종문,핸드폰_260909
010-8736-0906,양주영,핸드폰_260909
010-9963-1470,양주윤,핸드폰_260909
010-2677-3536,양지영,핸드폰_260909
010-6469-9684,양진석,핸드폰_260909
010-9374-1790,양진주,핸드폰_260909
010-5380-6208,양창근,핸드폰_260909
010-3525-3369,양태성박사,핸드폰_260909
010-3002-9967,양태식,핸드폰_260909
010-3790-3719,양해천,핸드폰_260909
010-5281-7147,양형조,핸드폰_260909
010-5314-7876,양호석,핸드폰_260909
010-6757-3320,양홍모,핸드폰_260909
010-6628-3732,어머니,핸드폰_260909
010-8790-2487,어인복,핸드폰_260909
010-3723-7884,언양김수헌,핸드폰_260909
010-7711-7038,엄거하,핸드폰_260909
010-8741-8450,엄기대,핸드폰_260909
010-6404-7332,엄명숙,핸드폰_260909
010-2379-8390,엄영희,핸드폰_260909
010-2084-4281,엄재구,핸드폰_260909
010-9112-3739,엄정욱,핸드폰_260909
010-6210-9955,엄준용,핸드폰_260909
010-5394-9993,엄춘석,핸드폰_260909
010-6632-0066,엄춘석,핸드폰_260909
010-3345-1345,엄태미,핸드폰_260909
010-7187-9130,엄태붕,핸드폰_260909
010-3380-5649,엄태호,핸드폰_260909
010-2254-2071,엄헌규,핸드폰_260909
010-3361-1821,엄형민,핸드폰_260909
010-4112-4518,엄호찬,핸드폰_260909
010-5097-4913,엄효식,핸드폰_260909
010-6856-5277,엄희원,핸드폰_260909
010-9662-6424,에스로드부천본점,핸드폰_260909
010-2081-6718,에스엠스포츠,핸드폰_260909
010-8878-9641,에스엠스포츠,핸드폰_260909
010-6359-2132,에어앤비,핸드폰_260909
010-5182-0132,에이스나이스손해보험,핸드폰_260909
010-8504-0538,에이치앤에프,핸드폰_260909
010-3226-1107,엘비스 초이밴드,핸드폰_260909
010-2787-6313,엘지유플러스,핸드폰_260909
010-2994-8600,엘플라워,핸드폰_260909
010-5297-1448,여성복,핸드폰_260909
010-7580-6077,여수현,핸드폰_260909
010-9186-0608,여시현,핸드폰_260909
010-3763-1061,여운돈,핸드폰_260909
010-8669-0439,여운정,핸드폰_260909
010-3688-0234,여주가축약품,핸드폰_260909
010-4503-7270,여주제수,핸드폰_260909
010-6261-8823,여준모,핸드폰_260909
010-3814-8044,여진모,핸드폰_260909
010-2713-7329,연경란,핸드폰_260909
010-9103-6853,연길모,핸드폰_260909
010-3221-6545,연명수,핸드폰_260909
010-4132-9719,연장호,핸드폰_260909
010-4924-3477,연천축산영농조합법인,핸드폰_260909
010-5011-6770,연합지대,핸드폰_260909
010-7111-1149,연화정,핸드폰_260909
010-4017-2886,염동민,핸드폰_260909
010-8751-8275,염보선,핸드폰_260909
010-3342-4599,염상구,핸드폰_260909
010-3715-5346,염상구,핸드폰_260909
010-4416-5094,염상구,핸드폰_260909
010-4419-5094,염상구,핸드폰_260909
010-6385-2979,염은철,핸드폰_260909
010-8960-2086,염은혁,핸드폰_260909
010-9347-0015,염상구,핸드폰_260909
010-3011-6640,염승섭,핸드폰_260909
010-2929-6812,염집사,핸드폰_260909
010-4544-3057,염홍범,핸드폰_260909
010-2797-4932,영등포알바,핸드폰_260909
010-2923-9130,영어과외,핸드폰_260909
010-2554-5938,영어회화,핸드폰_260909
010-7182-7944,영지버섯,핸드폰_260909
010-3755-1638,영진상사,핸드폰_260909
010-2409-4803,영천보광가축약품,핸드폰_260909
010-7117-6932,예근해,핸드폰_260909
010-6205-5294,예재길,핸드폰_260909
010-5066-2868,오경재,핸드폰_260909
010-7449-3849,오경환,핸드폰_260909
010-4766-4128,오구택,핸드폰_260909
010-2234-7423,오권진,핸드폰_260909
010-9421-3958,오근승,핸드폰_260909
010-3135-1414,오동섭,핸드폰_260909
010-3367-1980,오용강,핸드폰_260909
010-3377-9470,오명호,핸드폰_260909
010-3677-9470,오명호,핸드폰_260909
010-5637-8286,오미향,핸드폰_260909
010-9662-2962,오민정,핸드폰_260909
010-9575-7995,오병춘,핸드폰_260909
010-8809-9791,오상목,핸드폰_260909
010-9719-3989,오상열,핸드폰_260909
010-8862-8631,오상집,핸드폰_260909
010-9922-9646,오상혁,핸드폰_260909
010-5365-6006,오상화,핸드폰_260909
010-4731-6977,오석균,핸드폰_260909
010-2635-3935,오석환,핸드폰_260909
010-6456-6348,오성균,핸드폰_260909
010-4256-9324,오성택,핸드폰_260909
010-4465-2347,오세공,핸드폰_260909
010-9100-6766,정무경,핸드폰_260909
010-8870-5655,오세을회장,핸드폰_260909
010-3360-7342,오세찬,핸드폰_260909
010-7343-3721,오순민,핸드폰_260909
010-5430-8199,오승균,핸드폰_260909
010-9992-3204,오승재,핸드폰_260909
010-3200-8380,오양근,핸드폰_260909
010-8811-0394,오연수,핸드폰_260909
010-2390-1665,오영균,핸드폰_260909
010-3222-6269,오영근,핸드폰_260909
010-2206-0604,오영석,핸드폰_260909
010-4419-1192,오영석,핸드폰_260909
010-8227-0358,오영석,핸드폰_260909
010-4602-2425,오용관,핸드폰_260909
010-4651-4780,오우영,핸드폰_260909
010-9049-2716,오우현,핸드폰_260909
010-8442-8621,오유나,핸드폰_260909
010-8718-4965,오유성,핸드폰_260909
010-2443-1593,최영열,핸드폰_260909
010-6300-0411,오윤,핸드폰_260909
010-8257-1295,오윤상,핸드폰_260909
010-3729-6837,오재석,핸드폰_260909
010-4632-8034,오재정,핸드폰_260909
010-3509-2468,오정길,핸드폰_260909
010-3682-4014,오정현,핸드폰_260909
010-9431-3476,오정현,핸드폰_260909
010-3367-7907,오준표,핸드폰_260909
010-2313-3504,오진식,핸드폰_260909
010-3639-9954,오태경,핸드폰_260909
010-3633-5597,오평주,핸드폰_260909
010-6366-6417,오현수,핸드폰_260909
010-4741-3424,최승수,핸드폰_260909
010-3170-0878,오혜선,핸드폰_260909
010-4322-5152,오호택,핸드폰_260909
010-8884-7396,오화균,핸드폰_260909
010-4653-8331,오흥철,핸드폰_260909
010-4875-5065,오희은,핸드폰_260909
010-2814-5883,올루션여직원,핸드폰_260909
010-5349-8988,와엠아이,핸드폰_260909
010-5124-0907,왕하오,핸드폰_260909
010-6807-0907,왕하오,핸드폰_260909
010-9405-1200,왕홍기,핸드폰_260909
010-3862-7054,용문조아동물병원,핸드폰_260909
010-6361-3506,용인티엠알공장장,핸드폰_260909
010-9114-2703,우경묵이사,핸드폰_260909
010-3890-8755,우경천,핸드폰_260909
010-3610-8107,우남일,핸드폰_260909
010-4330-3900,우리간병,핸드폰_260909
010-8666-0158,우명희,핸드폰_260909
010-6305-1257,우미라,핸드폰_260909
010-7683-0134,우미라,핸드폰_260909
010-3671-6576,우성가축사모님,핸드폰_260909
010-3597-3849,우성섭,핸드폰_260909
010-3780-9918,우성태,핸드폰_260909
010-3524-9691,우승우,핸드폰_260909
010-8756-8776,우신안,핸드폰_260909
010-5421-4832,우윤희,핸드폰_260909
010-6309-6973,우재석,핸드폰_260909
010-7653-4296,우종덕,핸드폰_260909
010-3359-9292,최샘결,핸드폰_260909
010-3826-9208,우준원,핸드폰_260909
010-6303-1261,우지영,핸드폰_260909
010-5074-5859,우진nti,핸드폰_260909
010-6406-0915,우진제,핸드폰_260909
010-7588-0606,우철,핸드폰_260909
010-8739-4360,우체국택배,핸드폰_260909
010-9403-9053,우프로,핸드폰_260909
010-3404-4023,우희상,핸드폰_260909
010-8831-2403,원도연,핸드폰_260909
010-8908-8401,원동진차장,핸드폰_260909
010-3929-1236,원룸,핸드폰_260909
010-9090-5432,원문식,핸드폰_260909
010-8774-8356,원세현,핸드폰_260909
010-4318-5007,원용명,핸드폰_260909
010-4272-8806,원유필,핸드폰_260909
010-3350-2150,원재곤,핸드폰_260909
010-4621-6153,원재익,핸드폰_260909
010-4195-2143,원종환,핸드폰_260909
010-5273-1730,원주브리더,핸드폰_260909
010-5361-9445,원필규,핸드폰_260909
010-3405-5893,원호근,핸드폰_260909
010-9252-4977,월드음향,핸드폰_260909
010-9052-5057,웰빙이병수,핸드폰_260909
010-8902-4981,위성석,핸드폰_260909
010-8730-5779,유강훈,핸드폰_260909
010-4626-6436,유경근,핸드폰_260909
010-5218-0076,유경택,핸드폰_260909
010-3361-0794,유경호,핸드폰_260909
010-9139-5698,유근렬,핸드폰_260909
010-8790-9283,유근원,핸드폰_260909
010-3467-7873,유기종,핸드폰_260909
010-4304-1550,유기출,핸드폰_260909
010-6868-2860,유기회,핸드폰_260909
010-7196-0177,유나,핸드폰_260909
010-9242-8426,유두현,핸드폰_260909
010-5292-1114,유명룡,핸드폰_260909
010-6861-8561,유명상,핸드폰_260909
010-8081-8485,유명혜,핸드폰_260909
010-4105-5525,유문종,핸드폰_260909
010-2716-6296,유미선,핸드폰_260909
010-7477-5766,유병문,핸드폰_260909
010-8668-8453,유병우,핸드폰_260909
010-8304-9912,유상조,핸드폰_260909
010-2690-1122,유서연,핸드폰_260909
010-5350-4543,유석종,핸드폰_260909
010-7400-2915,유성룡,핸드폰_260909
010-8798-7086,유세종,핸드폰_260909
010-3918-3300,유송희,핸드폰_260909
010-9002-7456,유수동,핸드폰_260909
010-5702-5309,유순자,핸드폰_260909
010-5530-1343,유승민,핸드폰_260909
010-8896-6157,유쌀이,핸드폰_260909
010-9976-2708,유영국,핸드폰_260909
010-2256-9993,유영문,핸드폰_260909
010-2259-9993,유영문,핸드폰_260909
010-6876-1056,유영수,핸드폰_260909
010-4998-7029,유완철,핸드폰_260909
010-4151-6586,유용희,핸드폰_260909
010-5458-6193,유원장,핸드폰_260909
010-3381-7317,유은솔,핸드폰_260909
010-3225-1462,유의재,핸드폰_260909
010-3329-1988,유인석,핸드폰_260909
010-5439-1807,유재각,핸드폰_260909
010-9015-8098,유재경,핸드폰_260909
010-8799-7905,유재근,핸드폰_260909
010-5424-2399,유재덕,핸드폰_260909
010-5217-5972,유재석,핸드폰_260909
010-3866-5682,유재송,핸드폰_260909
010-2524-9745,유재주,핸드폰_260909
010-3343-2060,유재훈,핸드폰_260909
010-7363-0607,유정숙,핸드폰_260909
010-9096-2101,유정옥,핸드폰_260909
010-3764-8762,유정학,핸드폰_260909
010-3898-8362,유종민,핸드폰_260909
010-9479-5989,유종상,핸드폰_260909
010-8870-7576,유주성,핸드폰_260909
010-9161-7985,유준하,핸드폰_260909
010-2935-6296,유진양,핸드폰_260909
010-5254-2660,유진호,핸드폰_260909
010-5255-2200,유프로,핸드폰_260909
010-9191-3898,유한진,핸드폰_260909
010-3712-7043,유현덕,핸드폰_260909
010-3861-1239,유현종,핸드폰_260909
010-4623-0163,유형근,핸드폰_260909
010-3363-3107,유혜경,핸드폰_260909
010-7115-9904,유호재,핸드폰_260909
010-3463-8286,유환진,핸드폰_260909
010-7769-7791,유효열,핸드폰_260909
010-9413-7074,윤경미,핸드폰_260909
010-5235-2433,윤광근,핸드폰_260909
010-6602-3653,윤근섭,핸드폰_260909
010-7934-7989,윤금석,핸드폰_260909
010-6894-9899,윤나라,핸드폰_260909
010-8667-1385,윤대령,핸드폰_260909
010-9002-1091,윤대흥 차장,핸드폰_260909
010-5580-2367,윤도중,핸드폰_260909
010-9716-8115,윤득호,핸드폰_260909
010-5408-0645,윤명상,핸드폰_260909
010-3665-1751,윤명준,핸드폰_260909
010-2484-8827,윤미선,핸드폰_260909
010-7121-9967,윤미희,핸드폰_260909
010-9117-3336,윤민성,핸드폰_260909
010-5319-1610,윤민식,핸드폰_260909
010-9339-6083,윤민식,핸드폰_260909
010-2474-0328,윤병수,핸드폰_260909
010-4422-2151,윤병현,핸드폰_260909
010-4427-3899,윤봉철,핸드폰_260909
010-9503-1171,윤봉철,핸드폰_260909
010-5425-2779,윤상구,핸드폰_260909
010-9177-5520,윤상기,핸드폰_260909
010-4314-8865,윤상현,핸드폰_260909
010-5851-1255,윤상호,핸드폰_260909
010-8338-9380,윤서빈,핸드폰_260909
010-4245-2724,윤석민,핸드폰_260909
010-8079-2351,윤석준,핸드폰_260909
010-3848-7146,윤석환,핸드폰_260909
010-3911-8157,윤선,핸드폰_260909
010-3413-7771,파루33,핸드폰_260909
010-6234-9590,윤성근,핸드폰_260909
010-6828-5668,윤성근,핸드폰_260909
010-4846-3940,윤성조,핸드폰_260909
010-4013-3030,윤세영,핸드폰_260909
010-4033-9939,윤소이,핸드폰_260909
010-8616-5676,윤수란,핸드폰_260909
010-6238-8629,윤승현양수,핸드폰_260909
010-3430-1140,윤여성,핸드폰_260909
010-5348-9360,윤여신19기,핸드폰_260909
010-6423-3208,윤연섭,핸드폰_260909
010-0261-1400,윤영미,핸드폰_260909
010-9251-1490,윤영미,핸드폰_260909
010-5380-6215,윤영상,핸드폰_260909
010-3666-9395,윤영호,핸드폰_260909
010-4032-2962,윤예진,핸드폰_260909
010-6420-1950,윤용국,핸드폰_260909
010-5102-7239,윤원구,핸드폰_260909
010-2978-6981,윤융현,핸드폰_260909
010-5326-4527,윤의근,핸드폰_260909
010-3939-1221,윤의석,핸드폰_260909
010-4376-6231,윤인석,핸드폰_260909
010-2454-0101,윤인호,핸드폰_260909
010-2454-0111,윤인호,핸드폰_260909
010-8899-0901,윤자용,핸드폰_260909
010-8979-6909,윤장원,핸드폰_260909
010-7311-9247,윤재덕,핸드폰_260909
010-3348-4939,윤재연,핸드폰_260909
010-8568-8007,윤재영,핸드폰_260909
010-6729-9262,윤재웅,핸드폰_260909
010-5476-7560,윤정근,핸드폰_260909
010-3222-9411,윤정석,핸드폰_260909
010-9262-5802,윤정식,핸드폰_260909
010-5095-0443,윤정현,핸드폰_260909
010-8723-0027,윤정환,핸드폰_260909
010-3813-8846,윤정훈,핸드폰_260909
010-3526-4640,윤종관,핸드폰_260909
010-6728-2825,윤종수,핸드폰_260909
010-9421-2206,윤주경,핸드폰_260909
010-8265-8646,윤주하,핸드폰_260909
010-6238-5409,윤준상,핸드폰_260909
010-4386-3221,윤준영,핸드폰_260909
010-6404-9472,윤지현,핸드폰_260909
010-4152-0118,윤철,핸드폰_260909
010-2172-4802,윤철희,핸드폰_260909
010-2358-3985,윤태기,핸드폰_260909
010-4274-6811,윤태섭,핸드폰_260909
010-7497-0923,윤태성,핸드폰_260909
010-7533-6307,윤필중,핸드폰_260909
010-5408-9131,윤하운,핸드폰_260909
010-4173-3404,윤혁,핸드폰_260909
010-9496-1382,윤혁민,핸드폰_260909
010-3347-9800,윤혁상,핸드폰_260909
010-5364-2600,윤현중,핸드폰_260909
010-5210-4724,윤호식,핸드폰_260909
010-9388-9974,윤홍석,핸드폰_260909
010-3180-8682,윤화영,핸드폰_260909
010-4145-5299,포승유통,핸드폰_260909
010-8683-0923,은정식,핸드폰_260909
010-4112-1192,음악학원원장,핸드폰_260909
010-3770-7258,이(Lee)세경(Sekyung),핸드폰_260909
010-6261-5493,이강모,핸드폰_260909
010-2710-7067,이강묵,핸드폰_260909
010-4850-6665,이강영,핸드폰_260909
010-5463-9117,이강현84,핸드폰_260909
010-5423-4772,이강희,핸드폰_260909
010-5324-8900,이건병,핸드폰_260909
010-3717-3497,이건상,핸드폰_260909
010-2263-8152,이건장,핸드폰_260909
010-5230-8555,이경갑,핸드폰_260909
010-8972-1296,이경구,핸드폰_260909
010-7156-4800,이경동,핸드폰_260909
010-7727-4061,이경래,핸드폰_260909
010-2775-6620,이경록,핸드폰_260909
010-6225-4788,이경미,핸드폰_260909
010-9405-5985,이경애,핸드폰_260909
010-5084-5985,이경애/JC,핸드폰_260909
010-3327-7524,이경오,핸드폰_260909
010-5457-7505,이경용,핸드폰_260909
010-8971-7425,이경우,핸드폰_260909
010-6270-7210,이경원,핸드폰_260909
010-6320-1163,이경원,핸드폰_260909
010-7640-7295,이경은,핸드폰_260909
010-9398-9583,이경이,핸드폰_260909
010-3628-1182,이경현,핸드폰_260909
010-5476-5513,이경호,핸드폰_260909
010-4505-5467,이계진,핸드폰_260909
010-8464-1311,이계환,핸드폰_260909
010-6878-6623,이공육,핸드폰_260909
010-3601-9032,이관용,핸드폰_260909
010-3004-1671,이관태,핸드폰_260909
010-5230-2162,이광용,핸드폰_260909
010-5318-0193,이광용-대한,핸드폰_260909
010-3323-8581,이광재,핸드폰_260909
010-7386-1490,이광재,핸드폰_260909
010-8101-5560,이광직,핸드폰_260909
010-8572-6968,이광호,핸드폰_260909
010-8371-3311,이광희,핸드폰_260909
010-4921-4589,이권재,핸드폰_260909
010-4086-7921,이규상,핸드폰_260909
010-6568-8338,이규석,핸드폰_260909
010-5486-4360,이규채,핸드폰_260909
010-5682-5078,이규형,핸드폰_260909
010-9005-7035,이규화,핸드폰_260909
010-3109-0340,이규황,핸드폰_260909
010-8356-0239,이규희,핸드폰_260909
010-9429-5799,이금호,핸드폰_260909
010-2277-3929,이기녕,핸드폰_260909
010-3815-8844,이기도,핸드폰_260909
010-8949-6269,이기란,핸드폰_260909
010-3135-7156,이기쁨,핸드폰_260909
010-4404-7639,이기선,핸드폰_260909
010-2584-7536,이기송,핸드폰_260909
010-5005-8363,이기수,핸드폰_260909
010-3736-9982,이기영,핸드폰_260909
010-3755-6919,이기재,핸드폰_260909
010-2987-5046,이기정,핸드폰_260909
010-7204-6083,이기택,핸드폰_260909
010-2438-2046,이기행,핸드폰_260909
010-2835-5110,이남구,핸드폰_260909
010-9554-0937,이남구,핸드폰_260909
010-3699-7387,이남진,핸드폰_260909
010-2353-0091,이남표,핸드폰_260909
010-8958-6939,이남형,핸드폰_260909
010-4538-0357,이대동,핸드폰_260909
010-3717-8259,이대원,핸드폰_260909
010-4484-6457,이덕영,핸드폰_260909
010-5247-4728,이덕용,핸드폰_260909
010-8879-5036,"이덕희, 화학소재 공정개발 전문가/CTO에 적합",핸드폰_260909
010-9788-9248,이도행,핸드폰_260909
010-4914-5800,이도헌,핸드폰_260909
010-6238-8886,이도형,핸드폰_260909
010-9138-6242,이도훈,핸드폰_260909
010-6331-2699,이동,핸드폰_260909
010-5384-0197,이동고,핸드폰_260909
010-9488-2445,이동규,핸드폰_260909
010-2890-0183,이동석,핸드폰_260909
010-3824-2135,이동우,핸드폰_260909
010-7421-5803,이동우,핸드폰_260909
010-7100-0351,이동욱,핸드폰_260909
010-4944-6996,이동원,핸드폰_260909
010-5403-7930,이두원,핸드폰_260909
010-7197-1016,이두희,핸드폰_260909
010-5026-6636,이란,핸드폰_260909
010-4440-1235,이름 없음,핸드폰_260909
010-4503-0302,이림,핸드폰_260909
010-5222-2687,이만재,핸드폰_260909
010-3356-0180,이명규,핸드폰_260909
010-5222-4779,이명섭,핸드폰_260909
010-5272-9915,이명엽,핸드폰_260909
010-3772-9192,이명운,핸드폰_260909
010-5327-0047,이명준,핸드폰_260909
010-3176-3027,이명찬,핸드폰_260909
010-6675-5088,이모형,핸드폰_260909
010-8843-6960,이무황,핸드폰_260909
010-3478-7860,이문건,핸드폰_260909
010-5380-9234,이문구,핸드폰_260909
010-6354-1084,이미애,핸드폰_260909
010-3262-8412,이미영,핸드폰_260909
010-9452-1796,이미영,핸드폰_260909
010-9794-9972,이미정,핸드폰_260909
010-3525-1251,이미주,핸드폰_260909
010-4606-5768,이민구,핸드폰_260909
010-5248-7396,이민규,핸드폰_260909
010-5153-0209,이민기,핸드폰_260909
010-2994-8231,이민수,핸드폰_260909
010-5492-1047,이민재,핸드폰_260909
010-3373-7272,이방원,핸드폰_260909
010-6282-6206,이범준,핸드폰_260909
010-3022-9760,이범규,핸드폰_260909
010-3413-6100,이범섭,핸드폰_260909
010-6404-2176,이범용,핸드폰_260909
010-5532-6249,이범주,핸드폰_260909
010-5213-3383,이범호,핸드폰_260909
010-9081-3721,이병권,핸드폰_260909
010-3652-8509,이병귀,핸드폰_260909
010-2907-2987,이병만,핸드폰_260909
010-5329-7077,이병묵,핸드폰_260909
010-3365-5631,이병석,핸드폰_260909
010-8952-8957,이병석,핸드폰_260909
010-5955-0782,이병섭,핸드폰_260909
010-8080-1183,이병준,핸드폰_260909
010-9273-8102,이병준청북농장장,핸드폰_260909
010-3711-1225,이병학,핸드폰_260909
010-9316-5204,이병훈,핸드폰_260909
010-3755-6008,이보균,핸드폰_260909
010-9133-9516,이보람,핸드폰_260909
010-7184-6778,이봉기,핸드폰_260909
010-3320-8001,이부성,핸드폰_260909
010-5067-0772,이사짐센터,핸드폰_260909
010-4706-8728,이삼근,핸드폰_260909
010-7266-5337,이삼순,핸드폰_260909
010-4810-2198,이삼웅,핸드폰_260909
010-2922-2244,이상구,핸드폰_260909
010-6398-1108,이상규,핸드폰_260909
010-3368-0950,이상근,핸드폰_260909
010-8847-1538,이상기,핸드폰_260909
010-7679-1253,이상길,핸드폰_260909
010-4401-3105,이상도,핸드폰_260909
010-9127-0707,이상도,핸드폰_260909
010-3765-2124,이상락교수,핸드폰_260909
010-6215-0021,이상락,핸드폰_260909
010-4242-6807,이상모,핸드폰_260909
010-8961-0094,이상목,핸드폰_260909
010-4044-4897,이상문,핸드폰_260909
010-9003-1902,이상선,핸드폰_260909
010-9085-5013,이상섬,핸드폰_260909
010-4419-3130,이상수,핸드폰_260909
010-5332-7729,이상수,핸드폰_260909
010-2590-7622,이상신단사회,핸드폰_260909
010-8730-7644,이상열,핸드폰_260909
010-8885-6316,이상용,핸드폰_260909
010-5368-8069,이상우,핸드폰_260909
010-3711-3204,이상운,핸드폰_260909
010-9475-4607,이상인,핸드폰_260909
010-3694-4592,이상철,핸드폰_260909
010-4031-5365,이상하,핸드폰_260909
010-4146-8633,이상학,핸드폰_260909
010-8601-3300,이상협,핸드폰_260909
010-2087-9088,이상형,핸드폰_260909
010-8839-3322,이상호,핸드폰_260909
010-9812-1981,이상호,핸드폰_260909
010-3728-1628,이생근,핸드폰_260909
010-6404-2336,이서현,핸드폰_260909
010-5377-8966,이석구,핸드폰_260909
010-2260-9027,이석환,핸드폰_260909
010-5359-1504,이선기,핸드폰_260909
010-5653-1099,이선미,핸드폰_260909
010-5478-0275,이선연,핸드폰_260909
010-9404-9634,이선열,핸드폰_260909
010-9255-6545,이선호,핸드폰_260909
010-5393-5993,이선화,핸드폰_260909
010-9784-7228,이성민,핸드폰_260909
010-7571-6730,이성범,핸드폰_260909
010-5490-6233,이성수,핸드폰_260909
010-9412-3335,이성식,핸드폰_260909
010-2434-4144,이성엽81,핸드폰_260909
010-3585-0407,이성일,핸드폰_260909
010-5446-3285,이성자,핸드폰_260909
010-5305-7578,이세권,핸드폰_260909
010-5606-0179,이세동,핸드폰_260909
010-9168-7952,이세호,핸드폰_260909
010-7358-2846,이소민,핸드폰_260909
010-5715-0205,이수길,핸드폰_260909
010-9788-4715,이수동,핸드폰_260909
010-3791-7787,이수방,핸드폰_260909
010-2872-7179,이수연,핸드폰_260909
010-9416-8688,이수정,핸드폰_260909
010-2109-9906,이수향,핸드폰_260909
010-6430-4831,이숙우,핸드폰_260909
010-8561-5667,이숙희,핸드폰_260909
010-7168-1475,이순식,핸드폰_260909
010-5405-6901,이승구,핸드폰_260909
010-4722-3476,이승규,핸드폰_260909
010-5015-2300,이승대,핸드폰_260909
010-3745-0294,이승민-과학시스템,핸드폰_260909
010-9358-1790,이승민,핸드폰_260909
010-2387-5361,이승섭,핸드폰_260909
010-3479-0424,이승수,핸드폰_260909
010-6667-2617,이승완,핸드폰_260909
010-3695-6522,이승용,핸드폰_260909
010-6676-6437,이승원,핸드폰_260909
010-7916-4334,이승원,핸드폰_260909
010-4105-4715,이승재,핸드폰_260909
010-5357-3806,이승준,핸드폰_260909
010-5383-6744,이승철,핸드폰_260909
010-2593-7907,이승현,핸드폰_260909
010-4216-7776,이승형,핸드폰_260909
010-5788-8512,이승형,핸드폰_260909
010-5277-3370,이승호,핸드폰_260909
010-7215-3182,이승호,핸드폰_260909
010-9466-0862,이승환,핸드폰_260909
010-9019-5755,이승희팀장,핸드폰_260909
010-5388-7732,이신숙,핸드폰_260909
010-8893-6778,이양의,핸드폰_260909
010-2213-2858,이양호,핸드폰_260909
010-5233-5724,이양호,핸드폰_260909
010-8536-0494,이연규,핸드폰_260909
010-8517-0802,이연섭,핸드폰_260909
010-5468-5289,이영,핸드폰_260909
010-8733-8130,이영규,핸드폰_260909
010-6329-5840,이영근,핸드폰_260909
010-5404-7376,이영노,핸드폰_260909
010-8705-8497,이영민,핸드폰_260909
010-3463-0531,이영석,핸드폰_260909
010-8745-2283,이영설,핸드폰_260909
010-2324-1774,이영섭,핸드폰_260909
010-9555-3977,이영중,핸드폰_260909
010-3100-0655,이영호,핸드폰_260909
010-3203-6173,이영호,핸드폰_260909
010-5213-5236,이영환,핸드폰_260909
010-5152-5289,이영희,핸드폰_260909
010-6203-7167,이영희,핸드폰_260909
010-9771-1934,이오형,핸드폰_260909
010-4452-2960,이완규,핸드폰_260909
010-8644-8193,이완옥,핸드폰_260909
010-9443-1395,이완철,핸드폰_260909
010-5319-2609,이용경,핸드폰_260909
010-5368-0250,이용구,핸드폰_260909
010-5446-9856,이용길,핸드폰_260909
010-8727-7136,이용뢰,핸드폰_260909
010-9333-8841,이용석,핸드폰_260909
010-9670-4545,이용식,핸드폰_260909
010-4875-1532,이용연,핸드폰_260909
010-5278-2313,이용우,핸드폰_260909
010-4701-5291,이용웅,핸드폰_260909
010-7197-8414,이용준,핸드폰_260909
010-8822-4200,이용준,핸드폰_260909
010-8074-7531,이용필,핸드폰_260909
010-8557-7531,이용필,핸드폰_260909
010-2711-1196,이용희,핸드폰_260909
010-8704-7668,이용희청정그린,핸드폰_260909
010-2428-7851,이우호,핸드폰_260909
010-7601-3336,이운상,핸드폰_260909
010-3537-9682,이운선,핸드폰_260909
010-6429-1196,이원균,핸드폰_260909
010-6239-4280,이원금,핸드폰_260909
010-9016-1414,이원섭,핸드폰_260909
010-3757-0941,이원옥,핸드폰_260909
010-3871-1359,이원형,핸드폰_260909
010-6319-3856,이원호,핸드폰_260909
010-5451-0294,이유신,핸드폰_260909
010-8854-6778,이윤경,핸드폰_260909
010-8488-5586,이윤교,핸드폰_260909
010-3312-0396,이윤구,핸드폰_260909
010-3407-5100,이윤세,핸드폰_260909
010-5296-6056,이윤하,핸드폰_260909
010-4587-7336,이은배,핸드폰_260909
010-2037-8275,이은영,핸드폰_260909
010-4276-3249,이은우,핸드폰_260909
010-5263-0593,이은정,핸드폰_260909
010-6580-0428,이은정,핸드폰_260909
010-3847-6597,이은주,핸드폰_260909
010-9002-7421,이응호,핸드폰_260909
010-2212-0480,이의석,핸드폰_260909
010-2978-9445,이인학,핸드폰_260909
010-7238-4245,이인형,핸드폰_260909
010-3186-7295,이인호,핸드폰_260909
010-4657-1869,이인호,핸드폰_260909
010-3695-4029,이일석,핸드폰_260909
010-9415-3968,이일섭,핸드폰_260909
010-9236-1672,이일주,핸드폰_260909
010-3294-0187,이일호,핸드폰_260909
010-5386-4627,이일호,핸드폰_260909
010-5348-6275,이임재,핸드폰_260909
010-7703-2214,이자정,핸드폰_260909
010-3818-5990,이장기,핸드폰_260909
010-8488-8429,이장원,핸드폰_260909
010-5258-7639,이재강,핸드폰_260909
010-5268-7639,이재강,핸드폰_260909
010-5222-4461,이재겸,핸드폰_260909
010-4904-4499,이재광,핸드폰_260909
010-6219-1172,이재국 고문,핸드폰_260909
010-4419-4434,이재규,핸드폰_260909
010-5412-9890,이재근,핸드폰_260909
010-6608-8373,이재민,핸드폰_260909
010-9299-4864,이재민,핸드폰_260909
010-4151-7794,이재석,핸드폰_260909
010-3363-5984,이재열,핸드폰_260909
010-6482-7092,이재영,핸드폰_260909
010-6282-1692,이재용,핸드폰_260909
010-5209-6504,이재우,핸드폰_260909
010-3804-4436,이재욱,핸드폰_260909
010-9657-8225,이재은,핸드폰_260909
010-7570-7060,이재정,핸드폰_260909
010-3470-1327,이재학,핸드폰_260909
010-3109-0020,이재혁,핸드폰_260909
010-2502-4130,이재현,핸드폰_260909
010-5505-0150,이재호,핸드폰_260909
010-5398-7397,이재환,핸드폰_260909
010-4419-2272,이재훈,핸드폰_260909
010-3522-7627,이적호,핸드폰_260909
010-9227-1707,이정,핸드폰_260909
010-3675-4819,이정규,핸드폰_260909
010-9767-0720,이정근,핸드폰_260909
010-9043-5653,이정단,핸드폰_260909
010-7720-7768,이정대,핸드폰_260909
010-9049-2776,이정민,핸드폰_260909
010-5494-7003,이정복,핸드폰_260909
010-3824-5858,이정숙,핸드폰_260909
010-5615-2595,이정연,핸드폰_260909
010-2472-9404,이정우,핸드폰_260909
010-3117-0401,이정우,핸드폰_260909
010-9985-6162,이정윤,핸드폰_260909
010-9354-9785,이정일,핸드폰_260909
010-4820-1343,이정주,핸드폰_260909
010-5911-2654,이정진,핸드폰_260909
010-3274-3052,이정찬,핸드폰_260909
010-5432-7761,이정학,핸드폰_260909
010-3636-4041,이정훈,핸드폰_260909
010-2814-7457,이정훈강아지,핸드폰_260909
010-3897-3069,이정희,핸드폰_260909
010-4935-5429,이정희,핸드폰_260909
010-4428-6821,이제영,핸드폰_260909
010-8744-1119,이제현,핸드폰_260909
010-5320-9160,이종국,핸드폰_260909
010-4756-9450,이종국사장,핸드폰_260909
010-5213-3942,이종길,핸드폰_260909
010-3458-5955,이종두,핸드폰_260909
010-2800-8777,이종락,핸드폰_260909
010-3536-2443,이종록,핸드폰_260909
010-6230-8658,이종린,핸드폰_260909
010-8792-5879,이종문,핸드폰_260909
010-9870-6007,이종봉,핸드폰_260909
010-2784-9486,이종석,핸드폰_260909
010-3735-0596,이종석,핸드폰_260909
010-9017-0260,이종성,핸드폰_260909
010-5494-6890,이종세,핸드폰_260909
010-5386-7749,이종수,핸드폰_260909
010-9140-1519,이종수,핸드폰_260909
010-4767-4620,이종수구매차장 사조동아원,핸드폰_260909
010-3442-9181,이종용,핸드폰_260909
010-2297-6586,이종우,핸드폰_260909
010-5522-3558,이종우,핸드폰_260909
010-9101-4800,이종운,핸드폰_260909
010-3433-6000,이종은,핸드폰_260909
010-3314-9478,이종찬,핸드폰_260909
010-5064-1376,이종필,핸드폰_260909
010-5594-6860,이종필,핸드폰_260909
010-8618-1019,이종하,핸드폰_260909
010-5478-9240,이종헌,핸드폰_260909
010-6532-7836,이종호,핸드폰_260909
010-9939-2887,이종환,핸드폰_260909
010-2949-0061,이종훈,핸드폰_260909
010-3759-9617,이종훈,핸드폰_260909
010-4211-0971,이주몽,핸드폰_260909
010-2398-8675,이주연,핸드폰_260909
010-5544-5602,이주영,핸드폰_260909
010-2698-3390,이주옥,핸드폰_260909
010-9377-2106,이주용중백,핸드폰_260909
010-2232-7652,이주하,핸드폰_260909
010-7656-1111,이주호,핸드폰_260909
010-4419-1078,이주환,핸드폰_260909
010-5513-3675,이주환,핸드폰_260909
010-8837-4689,이주환,핸드폰_260909
010-8809-5506,이준건,핸드폰_260909
010-9962-0962,이준섭,핸드폰_260909
010-5383-6721,이준승,핸드폰_260909
010-2437-0214,이준혁,핸드폰_260909
010-4945-6669,이준형,핸드폰_260909
010-2492-6172,이준호,핸드폰_260909
010-3129-4750,이준호,핸드폰_260909
010-5307-0196,이준호,핸드폰_260909
010-9582-8158,이준호,핸드폰_260909
010-9292-1619,이준환,핸드폰_260909
010-8592-8463,이중열,핸드폰_260909
010-2615-0968,이중찬,핸드폰_260909
010-6647-6611,이중희,핸드폰_260909
010-4650-1408,이지성,핸드폰_260909
010-7186-7103,이지써니,핸드폰_260909
010-9903-7745,이지현,핸드폰_260909
010-5744-0399,이지혜,핸드폰_260909
010-5467-6290,이진석,핸드폰_260909
010-4422-8844,이진성,핸드폰_260909
010-7216-0520,이진영,핸드폰_260909
010-2086-3282,이진용,핸드폰_260909
010-3851-9608,이진희,핸드폰_260909
010-5159-4109,이진희,핸드폰_260909
010-2248-6474,이차동,핸드폰_260909
010-5310-0379,이찬응,핸드폰_260909
010-3730-2977,이찬호,핸드폰_260909
010-9410-5113,이찬호,핸드폰_260909
010-5252-6009,이창덕,핸드폰_260909
010-5380-3085,이창도,핸드폰_260909
010-3125-7256,이창수,핸드폰_260909
010-5274-8780,이창식,핸드폰_260909
010-8203-8253,이창영,핸드폰_260909
010-9090-1033,이창주,핸드폰_260909
010-5232-3103,이창호,핸드폰_260909
010-3678-4571,이채령,핸드폰_260909
010-3556-1364,이채영,핸드폰_260909
010-5237-7253,이천일,핸드폰_260909
010-5051-1167,이철민,핸드폰_260909
010-3893-4412,이철인,핸드폰_260909
010-9389-9936,이철호,핸드폰_260909
010-2980-2780,이철희,핸드폰_260909
010-8581-4269,이청화,핸드폰_260909
010-4751-3235,이촌회계법인,핸드폰_260909
010-3614-4554,이춘배,핸드폰_260909
010-3728-7292,이춘호,핸드폰_260909
010-4532-1626,이충모,핸드폰_260909
010-9241-7459,이충선,핸드폰_260909
010-2492-3353,이충열,핸드폰_260909
010-2713-1817,이충재,핸드폰_260909
010-2528-1090,이충훈,핸드폰_260909
010-4419-2273,이충훈,핸드폰_260909
010-8384-3007,이충훈,핸드폰_260909
010-5246-6231,이충희,핸드폰_260909
010-2213-0919,이치로미야모토슈,핸드폰_260909
010-6335-6161,이태림,핸드폰_260909
010-5415-2948,이태범,핸드폰_260909
010-2789-6335,이태수,핸드폰_260909
010-4231-7940,이태연,핸드폰_260909
010-5500-0462,이태용,핸드폰_260909
010-6406-5152,임창순,핸드폰_260909
010-5265-9702,이태현,핸드폰_260909
010-3340-8595,이태호,핸드폰_260909
010-8876-7388,이태호,핸드폰_260909
010-9974-5510,이태환,핸드폰_260909
010-6853-7004,이태희,핸드폰_260909
010-8864-2181,이필우,핸드폰_260909
010-3432-0520,이하규,핸드폰_260909
010-4500-8601,이하영,핸드폰_260909
010-6363-0238,이하영,핸드폰_260909
010-4120-2984,이학교,핸드폰_260909
010-3450-9027,이학기,핸드폰_260909
010-8803-7985,이학림,핸드폰_260909
010-3392-3240,이학우,핸드폰_260909
010-8547-0919,이한경,핸드폰_260909
010-2507-3009,이한기,핸드폰_260909
010-6343-4134,이한배,핸드폰_260909
010-5345-3244,이한칠,핸드폰_260909
010-5265-0603,이함희,핸드폰_260909
010-5326-8997,이항복,핸드폰_260909
010-2264-6282,이해왕,핸드폰_260909
010-5452-9379,이해인,핸드폰_260909
010-7127-4422,이해철,핸드폰_260909
010-5241-5275,이해출,핸드폰_260909
010-9433-7748,이행우,핸드폰_260909
010-4536-4008,이현,핸드폰_260909
010-8936-4315,이현동,핸드폰_260909
010-4146-2115,이현섭,핸드폰_260909
010-5337-9999,이현우,핸드폰_260909
010-2997-6232,이현우현대,핸드폰_260909
010-6760-2896,이현욱,핸드폰_260909
010-4378-0625,이현재,핸드폰_260909
010-5230-3362,이현호,핸드폰_260909
010-9441-1680,이현호,핸드폰_260909
010-6551-1578,이형일,핸드폰_260909
010-4219-7836,이형주,핸드폰_260909
010-9536-2313,이형태,핸드폰_260909
010-3715-8803,이형호,핸드폰_260909
010-9081-0930,이혜경,핸드폰_260909
010-9087-3643,이혜정처제,핸드폰_260909
010-5052-6388,이혜진,핸드폰_260909
010-6269-6932,이호건,핸드폰_260909
010-7136-1272,이호원,핸드폰_260909
010-3515-9638,이호일,핸드폰_260909
010-4608-0743,이호정,핸드폰_260909
010-9769-0502,이호준,핸드폰_260909
010-6606-2576,이호철,핸드폰_260909
010-2018-6274,이호현,핸드폰_260909
010-5282-6315,이호형,핸드폰_260909
010-3068-3909,이홍렬 지점장,핸드폰_260909
010-6789-7748,이홍재,핸드폰_260909
010-8513-9782,이화영 수의사 축산시험장,핸드폰_260909
010-2832-5075,이효선,핸드폰_260909
010-5253-7397,이효세,핸드폰_260909
010-9970-8857,이효창,핸드폰_260909
010-3383-6337,이후장,핸드폰_260909
010-6411-9833,이후창,핸드폰_260909
010-2257-3200,이훈구,핸드폰_260909
010-5358-3200,이훈구,핸드폰_260909
010-2700-2911,이훈정,핸드폰_260909
010-3251-7553,이훈정,핸드폰_260909
010-5288-3367,이희능,핸드폰_260909
010-4622-7144,이희철,핸드폰_260909
010-5510-5500,인경식,핸드폰_260909
010-8805-2667,인광교,핸드폰_260909
010-4336-4121,인덕원꽃집,핸드폰_260909
010-3874-9677,인선아내,핸드폰_260909
010-8972-1926,인용성,핸드폰_260909
010-9400-6151,인은필,핸드폰_260909
010-8721-7191,인준희,핸드폰_260909
010-3277-6849,인효석,핸드폰_260909
010-4704-8057,임경석,핸드폰_260909
010-6278-0135,임경선,핸드폰_260909
010-4419-3075,임경희,핸드폰_260909
010-5287-9998,임국환,핸드폰_260909
010-4943-9624,임규섭,핸드폰_260909
010-6217-7655,임규인,핸드폰_260909
010-3239-3864,임근정,핸드폰_260909
010-3907-5389,임나미,핸드폰_260909
010-8949-1691,임낙현,핸드폰_260909
010-7414-6421,임두혁,핸드폰_260909
010-3365-8114,임봉재,핸드폰_260909
010-8030-7237,임삼창,핸드폰_260909
010-2739-2044,임상완,핸드폰_260909
010-9151-8737,임선옥,핸드폰_260909
010-8609-1659,임성규,핸드폰_260909
010-4666-7841,임성문,핸드폰_260909
010-3606-0293,임성우,핸드폰_260909
010-4071-5875,임성준,핸드폰_260909
010-2016-6192,임세무사,핸드폰_260909
010-9063-5095,임수준,핸드폰_260909
010-4112-7102,임양근,핸드폰_260909
010-7658-7173,임영미,핸드폰_260909
010-7471-9242,임용수,핸드폰_260909
010-5265-3729,임용순,핸드폰_260909
010-8826-0060,임유진,핸드폰_260909
010-9936-8515,임은희,핸드폰_260909
010-9022-8591,임장빈,핸드폰_260909
010-2798-9254,임정상 H&M,핸드폰_260909
010-5216-4147,임정수,핸드폰_260909
010-6236-7582,임정식82,핸드폰_260909
010-5381-5695,임정옥,핸드폰_260909
010-5384-9837,임정자,핸드폰_260909
010-2928-9051,임정현,핸드폰_260909
010-3298-8837,임정현,핸드폰_260909
010-2045-4502,임종빈,핸드폰_260909
010-5222-1820,임종성,핸드폰_260909
010-6315-7379,임종완,핸드폰_260909
010-8884-3240,임종운,핸드폰_260909
010-2838-0238,임종필,핸드폰_260909
010-5358-2564,임주헌,핸드폰_260909
010-5441-0593,임지훈,핸드폰_260909
010-8768-2884,임진영,핸드폰_260909
010-9282-8299,임진혁,핸드폰_260909
010-5498-2820,임진혜,핸드폰_260909
010-7741-1705,임찬서,핸드폰_260909
010-9892-3340,임창빈,핸드폰_260909
010-3504-5703,임창순,핸드폰_260909
010-5213-1237,임창희,핸드폰_260909
010-5616-1542,임채덕,핸드폰_260909
010-5423-0162,임춘기,핸드폰_260909
010-2922-9628,임태영,핸드폰_260909
010-5426-0011,임태훈,핸드폰_260909
010-6319-0942,임필수,핸드폰_260909
010-3124-7376,임하라,핸드폰_260909
010-3453-2230,임헌규,핸드폰_260909
010-6352-7883,임현창,핸드폰_260909
010-8777-4582,임현철,핸드폰_260909
010-7186-1475,임혜지,핸드폰_260909
010-4158-9745,임호석,핸드폰_260909
010-4357-2164,임희석,핸드폰_260909
010-5812-2792,자유,핸드폰_260909
010-3048-2148,자이,핸드폰_260909
010-9446-3068,장경원,핸드폰_260909
010-6685-5533,장경훈,핸드폰_260909
010-6326-1827,장광호,핸드폰_260909
010-9436-6488,장근욱,핸드폰_260909
010-8948-6348,장긍순,핸드폰_260909
010-5123-3341,장기영,핸드폰_260909
010-4162-9931,장기은,핸드폰_260909
010-6207-6938,장기조,핸드폰_260909
010-8880-9810,장기호,핸드폰_260909
010-5025-2470,장도일,핸드폰_260909
010-8846-4788,장동명,핸드폰_260909
010-4800-3181,장동민,핸드폰_260909
010-2318-1111,장동정,핸드폰_260909
010-7125-7801,장동훈,핸드폰_260909
010-7125-7807,장동훈,핸드폰_260909
010-7242-1113,장려,핸드폰_260909
010-5677-1595,장명,핸드폰_260909
010-4301-6330,장명선,핸드폰_260909
010-9562-4100,장명숙,핸드폰_260909
010-8827-5011,장명순,핸드폰_260909
010-5332-7173,장문성,핸드폰_260909
010-3870-8869,장문수,핸드폰_260909
010-7742-7430,장미,핸드폰_260909
010-5532-9068,장민기,핸드폰_260909
010-5351-2176,장민수,핸드폰_260909
010-9867-3011,장병규,핸드폰_260909
010-2795-7899,장보환,핸드폰_260909
010-3541-2013,장보환,핸드폰_260909
010-5422-0415,장사장,핸드폰_260909
010-7494-0211,장석주,핸드폰_260909
010-2532-4029,장석준,핸드폰_260909
010-2676-0308,장석환,핸드폰_260909
010-3261-5833,장석환,핸드폰_260909
010-6712-9501,장선익,핸드폰_260909
010-5463-7037,장성수,핸드폰_260909
010-5406-5829,장성순,핸드폰_260909
010-3659-6488,장성운,핸드폰_260909
010-5228-5902,장성훈,핸드폰_260909
010-6252-2840,장세복,핸드폰_260909
010-5457-4685,장세상,핸드폰_260909
010-2408-5646,장승호,핸드폰_260909
010-8497-3603,장영국,핸드폰_260909
010-2777-7799,장영규,핸드폰_260909
010-5362-1107,장영수,핸드폰_260909
010-8014-2888,장용,핸드폰_260909
010-5526-3168,장용도21,핸드폰_260909
010-6554-5907,장우정,핸드폰_260909
010-7495-1651,장운경,핸드폰_260909
010-9351-2653,장원석,핸드폰_260909
010-3515-7995,장원철,핸드폰_260909
010-6265-8924,장윤성,핸드폰_260909
010-4555-3448,장은혜,핸드폰_260909
010-5537-1241,장은혜,핸드폰_260909
010-4332-4153,장익훈,핸드폰_260909
010-4329-0979,장인권,핸드폰_260909
010-5060-1236,장일,핸드폰_260909
010-5222-1941,장재운,핸드폰_260909
010-5607-1111,장재호,핸드폰_260909
010-3333-0622,장정은,핸드폰_260909
010-4173-9135,장중훈,핸드폰_260909
010-8846-2013,장지헌,핸드폰_260909
010-2880-7870,장진수,핸드폰_260909
010-2928-5833,장찬희,핸드폰_260909
010-3015-3966,장찬희,핸드폰_260909
010-9599-4088,장해동,핸드폰_260909
010-9196-3892,장혁봉,핸드폰_260909
010-3421-2867,장홍석,핸드폰_260909
010-6330-4436,장효성,핸드폰_260909
010-5393-5630,저수지,핸드폰_260909
010-5132-4600,전경련,핸드폰_260909
010-6511-1365,전경재,핸드폰_260909
010-8706-5937,전경훈,핸드폰_260909
010-7212-7596,전관규,핸드폰_260909
010-7361-1312,전국 대리운전,핸드폰_260909
010-6416-0288,전근택,핸드폰_260909
010-3744-7662,전기복,핸드폰_260909
010-8844-9310,전길석,핸드폰_260909
010-3622-4059,전남가축약품,핸드폰_260909
010-8851-4708,전남주,핸드폰_260909
010-3185-0249,전농주,핸드폰_260909
010-3759-3312,전대중,핸드폰_260909
010-6420-7016,전두현,핸드폰_260909
010-2783-0612,전명종,핸드폰_260909
010-5383-8572,전민자,핸드폰_260909
010-3590-7537,전병환,핸드폰_260909
010-3711-1131,전선수,핸드폰_260909
010-9251-8709,전성국,핸드폰_260909
010-5343-7735,조성수,핸드폰_260909
010-3712-9170,전성춘,핸드폰_260909
010-8253-5747,전세민,핸드폰_260909
010-3826-5229,전세우,핸드폰_260909
010-5362-8921,전수일,핸드폰_260909
010-3798-3689,전승록,핸드폰_260909
010-4419-1054,전승진,핸드폰_260909
010-8595-5332,전승훈,핸드폰_260909
010-8811-5333,전승훈,핸드폰_260909
010-7144-4651,전얼,핸드폰_260909
010-9949-0596,전용배,핸드폰_260909
010-8546-1514,전우희,핸드폰_260909
010-9338-5740,전원규,핸드폰_260909
010-3219-1677,전익조,핸드폰_260909
010-3350-6711,전재수,핸드폰_260909
010-6371-6402,전재훈,핸드폰_260909
010-3674-0615,전종훈,핸드폰_260909
010-9532-3042,전종훈,핸드폰_260909
010-4803-5279,전진국,핸드폰_260909
010-5154-6935,전찬기,핸드폰_260909
010-2768-2382,전천석,핸드폰_260909
010-2594-5439,전현수,핸드폰_260909
010-4886-3153,전형배,핸드폰_260909
010-3600-2148,전형원,핸드폰_260909
010-2461-5568,전흥우,핸드폰_260909
010-6313-7965,정 애,핸드폰_260909
010-3316-5204,정갑동,핸드폰_260909
010-7277-5472,정건희,핸드폰_260909
010-3345-3616,정경수,핸드폰_260909
010-4508-6548,정과장,핸드폰_260909
010-6331-4014,정광숙,핸드폰_260909
010-8916-5382,최영열,핸드폰_260909
010-4568-7095,정국현,핸드폰_260909
010-6382-4594,정규연,핸드폰_260909
010-9305-8995,정근상,핸드폰_260909
010-5236-3781,정길옥,핸드폰_260909
010-4284-1365,정낙용,핸드폰_260909
010-7108-8203,정대관,핸드폰_260909
010-9681-0623,정대웅,핸드폰_260909
010-4410-6366,정덕남,핸드폰_260909
010-4159-9483,정명영,핸드폰_260909
010-8780-4884,정무영,핸드폰_260909
010-5211-7260,정문식,핸드폰_260909
010-5253-7309,정문환,핸드폰_260909
010-8335-1388,정문환,핸드폰_260909
010-5149-1850,정민경,핸드폰_260909
010-5399-5739,정병갑,핸드폰_260909
010-8869-4732,정병곤,핸드폰_260909
010-2757-7522,정병대,핸드폰_260909
010-9087-3841,정병열,핸드폰_260909
010-7677-8537,정병우,핸드폰_260909
010-4240-0114,정병준,핸드폰_260909
010-3601-6132,정보기,핸드폰_260909
010-5958-9264,정보영,핸드폰_260909
010-3671-7455,정봉락,핸드폰_260909
010-5464-6599,정봉주,핸드폰_260909
010-8561-3371,정부영,핸드폰_260909
010-2353-9489,정상은,핸드폰_260909
010-8555-1603,정상천,핸드폰_260909
010-9065-6618,정상호,핸드폰_260909
010-3394-5224,정상희,핸드폰_260909
010-2432-2558,정선엽,핸드폰_260909
010-5456-3645,정성대,핸드폰_260909
010-8764-0646,정성우,핸드폰_260909
010-3338-2864,정성원,핸드폰_260909
010-9096-3654,정성은,핸드폰_260909
010-9327-8278,정성제,핸드폰_260909
010-4271-1131,정성진,핸드폰_260909
010-8625-7444,정세현  농협사료,핸드폰_260909
010-9439-0952,정세형,핸드폰_260909
010-9150-0863,정세훈,핸드폰_260909
010-9733-3478,정소현,핸드폰_260909
010-4854-4702,정수정,핸드폰_260909
010-7159-2072,정수정,핸드폰_260909
010-3255-2771,정순민,핸드폰_260909
010-9387-5093,정순옥,핸드폰_260909
010-5432-1803,정순우,핸드폰_260909
010-4602-6541,정순욱,핸드폰_260909
010-3150-8574,정승무,핸드폰_260909
010-8956-0473,최중수,핸드폰_260909
010-3504-4588,정승인,핸드폰_260909
010-8639-1509,정승환,핸드폰_260909
010-8030-6912,정실봉,핸드폰_260909
010-6418-3939,정연옥,핸드폰_260909
010-8857-2129,정연우,핸드폰_260909
010-9543-5200,정연우,핸드폰_260909
010-4535-7882,정연재,핸드폰_260909
010-3282-6427,정연택,핸드폰_260909
010-5456-0919,정영수,핸드폰_260909
010-9846-6696,정영운,핸드폰_260909
010-6281-0027,정영제,핸드폰_260909
010-8971-7594,정영철,핸드폰_260909
010-3718-2990,정영호,핸드폰_260909
010-6682-8271,정영훈,핸드폰_260909
010-7278-0931,정완영,핸드폰_260909
010-8999-1777,정용기,핸드폰_260909
010-3907-5007,정용남,핸드폰_260909
010-8724-2113,정용범,핸드폰_260909
010-4651-8467,정용호,핸드폰_260909
010-7418-7059,정우업,핸드폰_260909
010-5413-3027,정운철,핸드폰_260909
010-9265-4328,정원덕,핸드폰_260909
010-5371-2390,정원혁,핸드폰_260909
010-9259-3683,정원형,핸드폰_260909
010-9083-0816,정유경,핸드폰_260909
010-9058-9055,정윤선,핸드폰_260909
010-3769-7338,정은미,핸드폰_260909
010-3176-1616,정은수,핸드폰_260909
010-5276-3930,정은영,핸드폰_260909
010-6803-7456,정은용,핸드폰_260909
010-5418-1155,정이준,핸드폰_260909
010-3328-2800,정인경,핸드폰_260909
010-5453-2745,정인상,핸드폰_260909
010-2046-9520,정인영,핸드폰_260909
010-4719-6818,정인용,핸드폰_260909
010-4614-9069,정인제,핸드폰_260909
010-3484-8308,정재근,핸드폰_260909
010-5353-5315,정재일,핸드폰_260909
010-9052-2045,정재하,핸드폰_260909
010-8644-7270,정재호,핸드폰_260909
010-3087-1211,정재훈,핸드폰_260909
010-5159-6958,정재희,핸드폰_260909
010-8526-5519,정재희,핸드폰_260909
010-9129-8545,정정우,핸드폰_260909
010-8494-7223,정정화,핸드폰_260909
010-2477-1141,정정훈,핸드폰_260909
010-3910-1152,정정훈,핸드폰_260909
010-8380-1152,정정훈,핸드폰_260909
010-8387-1152,정정훈,핸드폰_260909
010-2454-0531,정종열,핸드폰_260909
010-3822-8917,정종태,핸드폰_260909
010-9599-0017,정종훈,핸드폰_260909
010-4886-5954,정주가축약품,핸드폰_260909
010-5392-2547,정준봉,핸드폰_260909
010-5520-5315,정준철,핸드폰_260909
010-6370-4358,정준하,핸드폰_260909
010-3353-6375,정중식,핸드폰_260909
010-5699-2542,정지섭,핸드폰_260909
010-8943-2189,정지홍,핸드폰_260909
010-5452-6867,정진남,핸드폰_260909
010-4224-5430,정진영,핸드폰_260909
010-4242-6554,정차장,핸드폰_260909
010-4722-2522,정찬기,핸드폰_260909
010-8576-7582,정창근,핸드폰_260909
010-6791-0986,정채영,핸드폰_260909
010-8213-2322,정책자금컨설팅,핸드폰_260909
010-2454-0700,정춘오,핸드폰_260909
010-2755-0593,정충 환,핸드폰_260909
010-4229-0992,정태영,핸드폰_260909
010-7303-1187,정하완,핸드폰_260909
010-4808-1530,정학상,핸드폰_260909
010-2704-3416,정한구,핸드폰_260909
010-2598-6620,정한민,핸드폰_260909
010-9525-4502,정한필,핸드폰_260909
010-3545-4338,정해원,핸드폰_260909
010-5285-7827,정해익,핸드폰_260909
010-9038-5071,정현규,핸드폰_260909
010-8759-6522,정현주,핸드폰_260909
010-5239-6732,정형학,핸드폰_260909
010-5428-0516,정혜숙,핸드폰_260909
010-3667-9119,정호범,핸드폰_260909
010-4948-7292,정호식,핸드폰_260909
010-4717-1160,정홍걸,핸드폰_260909
010-9585-3333,정환진,핸드폰_260909
010-2494-2409,정회진,핸드폰_260909
010-2439-9934,정효순,핸드폰_260909
010-2720-4589,정훈철,핸드폰_260909
010-2894-4456,정훈철,핸드폰_260909
010-3277-7754,정휘석,핸드폰_260909
010-2270-8371,정희섭,핸드폰_260909
010-8754-3289,정희원,핸드폰_260909
010-5598-6818,정희종,핸드폰_260909
010-8758-7294,제갈형일,핸드폰_260909
010-5059-4900,제상훈,핸드폰_260909
010-9187-8172,제수,핸드폰_260909
010-7655-5944,제이씨골프,핸드폰_260909
010-6757-8508,제주이주하,핸드폰_260909
010-4759-1879,조건희,핸드폰_260909
010-5339-7613,조경래,핸드폰_260909
010-4243-9364,조경흔,핸드폰_260909
010-5234-4941,조광래,핸드폰_260909
010-5069-7676,최광석,핸드폰_260909
010-5419-2368,조규용,핸드폰_260909
010-3335-6475,조규창,핸드폰_260909
010-5456-8444,조규형,핸드폰_260909
010-7178-0894,조규형사모,핸드폰_260909
010-5296-5122,조기석,핸드폰_260909
010-4338-2884,조남성,핸드폰_260909
010-5432-1305,조남호,핸드폰_260909
010-4439-8834,조덕현,핸드폰_260909
010-9131-7619,조동진,핸드폰_260909
010-6235-6605,조동해,핸드폰_260909
010-4793-8683,조동희,핸드폰_260909
010-7337-8478,조만옥,핸드폰_260909
010-9032-5496,조명구,핸드폰_260909
010-4358-1020,조명호,핸드폰_260909
010-9166-2134,조명흠,핸드폰_260909
010-9011-6342,조문호,핸드폰_260909
010-9172-4623,조반석,핸드폰_260909
010-8073-6780,조병용,핸드폰_260909
010-2215-1143,조병이,핸드폰_260909
010-2047-7545,조병주,핸드폰_260909
010-5421-3174,조병희,핸드폰_260909
010-5259-7587,조보살,핸드폰_260909
010-5019-6263,조보종,핸드폰_260909
010-3177-5284,조석제,핸드폰_260909
010-4675-7959,조석현,핸드폰_260909
010-8932-2136,조석현,핸드폰_260909
010-8995-3353,조석호,핸드폰_260909
010-2612-6511,조석환,핸드폰_260909
010-2739-3273,조선희,핸드폰_260909
010-9403-5471,조성남,핸드폰_260909
010-6362-2530,조성를,핸드폰_260909
010-5054-9367,조성민,핸드폰_260909
010-9269-2494,조성식,핸드폰_260909
010-3756-9732,조성용,핸드폰_260909
010-5756-9732,조성용,핸드폰_260909
010-7669-5678,조성용,핸드폰_260909
010-8726-3980,조성주,핸드폰_260909
010-6610-1250,조송희,핸드폰_260909
010-4905-9631,조수목,핸드폰_260909
010-9919-8047,조수정퍼피플라워,핸드폰_260909
010-2662-9831,조영구,핸드폰_260909
010-7157-1576,조영란,핸드폰_260909
010-8651-9812,조영래,핸드폰_260909
010-9144-2522,조영래,핸드폰_260909
010-8795-8300,조영석,핸드폰_260909
010-8742-4452,조영우,핸드폰_260909
010-3824-1091,조영욱,핸드폰_260909
010-5306-7704,조영종,핸드폰_260909
010-4104-3911,조영주,핸드폰_260909
010-9109-3939,조영주,핸드폰_260909
010-7446-8300,조영찬,핸드폰_260909
010-9992-2375,조영철,핸드폰_260909
010-3306-1256,조영훈,핸드폰_260909
010-5375-2300,조영훈,핸드폰_260909
010-8799-4955,조영희,핸드폰_260909
010-5327-8965,조완묵,핸드폰_260909
010-2652-2512,조용한,핸드폰_260909
010-4550-9267,조용혁,핸드폰_260909
010-5381-0086,조용호,핸드폰_260909
010-4654-3568,조용훈,핸드폰_260909
010-6624-1601,조원문,핸드폰_260909
010-2729-7185,조윤경,핸드폰_260909
010-3347-4423,조윤영,핸드폰_260909
010-5357-0514,조윤철,핸드폰_260909
010-2789-7838,조은석,핸드폰_260909
010-3397-5179,조은행,핸드폰_260909
010-4223-1728,조이렌트카,핸드폰_260909
010-3888-4240,조인환,핸드폰_260909
010-4512-9422,조재경,핸드폰_260909
010-5438-5347,조재기,핸드폰_260909
010-8446-9411,조재철,핸드폰_260909
010-8844-3501,조정운,핸드폰_260909
010-3698-1399,조정희,핸드폰_260909
010-7754-3089,조제성,핸드폰_260909
010-4148-6756,조제열,핸드폰_260909
010-9397-5802,조종관,핸드폰_260909
010-3939-1580,조준열,핸드폰_260909
010-6626-0123,조준종,핸드폰_260909
010-9091-5740,조준행,핸드폰_260909
010-3750-8176,조지현,핸드폰_260909
010-7708-8886,조진현,핸드폰_260909
010-2710-3467,조진호,핸드폰_260909
010-5488-8580,조진호,핸드폰_260909
010-8014-8580,조진호,핸드폰_260909
010-3784-5368,조창근,핸드폰_260909
010-6355-6789,조창수,핸드폰_260909
010-8550-9119,조창식,핸드폰_260909
010-9079-3052,조철민,핸드폰_260909
010-2940-2761,조철수,핸드폰_260909
010-5388-7557,조충환,핸드폰_260909
010-4783-5005,조태정 통영대리점 사장님,핸드폰_260909
010-9176-0570,조풍연,핸드폰_260909
010-9098-7078,조한겸,핸드폰_260909
010-5244-0284,조한수,핸드폰_260909
010-8554-9665,조해인,핸드폰_260909
010-5210-3430,조현무,핸드폰_260909
010-2643-7299,조현웅,핸드폰_260909
010-3802-6442,조현주 PE37,핸드폰_260909
010-2300-3593,조현준,핸드폰_260909
010-8897-7899,조현태,핸드폰_260909
010-3654-9084,조형래,핸드폰_260909
010-2285-0087,조혜숙,핸드폰_260909
010-2288-2521,조홍재,핸드폰_260909
010-6801-9340,조희산,핸드폰_260909
010-7179-1442,좌승협,핸드폰_260909
010-8998-6446,주기수,핸드폰_260909
010-3711-2127,주문정,핸드폰_260909
010-5262-7396,주성각,핸드폰_260909
010-4447-9926,추성원,핸드폰_260909
010-5285-6822,주양돈,핸드폰_260909
010-4056-0988,주영재,핸드폰_260909
010-3379-6918,주영혜,핸드폰_260909
010-9422-1666,주영호,핸드폰_260909
010-3900-0029,주영희,핸드폰_260909
010-3798-3371,주원돈,핸드폰_260909
010-2980-4519,주원석,핸드폰_260909
010-3604-1929,주인호,핸드폰_260909
010-6506-2211,주재영,핸드폰_260909
010-9348-6614,주재철,핸드폰_260909
010-5318-3285,주정형,핸드폰_260909
010-3378-3064,주지환,핸드폰_260909
010-2506-2658,주천동물약품,핸드폰_260909
010-5085-1885,중대장,핸드폰_260909
010-3593-0486,중앙약품여직원,핸드폰_260909
010-8191-4678,즐거운한상,핸드폰_260909
010-5418-0675,지균흠,핸드폰_260909
010-3356-7999,지금화,핸드폰_260909
010-8802-9463,지덕한,핸드폰_260909
010-9353-2452,지디엔텍양소장,핸드폰_260909
010-7642-9463,지민근,핸드폰_260909
010-9139-1903,지삼구,핸드폰_260909
010-8639-6618,지선근,핸드폰_260909
010-5790-5400,지수민,핸드폰_260909
010-6325-3186,지연근,핸드폰_260909
010-5477-3865,지용진,핸드폰_260909
010-8859-9413,지용현,핸드폰_260909
010-5518-8840,지우여직원,핸드폰_260909
010-4788-7277,지우호,핸드폰_260909
010-4397-1901,지원철,핸드폰_260909
010-8235-6000,지재형,핸드폰_260909
010-2313-1857,지정환임실피자,핸드폰_260909
010-2300-8535,지종연,핸드폰_260909
010-6361-7477,지현일,핸드폰_260909
010-5494-3929,진광일,핸드폰_260909
010-9636-0403,진기상,핸드폰_260909
010-3637-3145,진명원,핸드폰_260909
010-6385-8060,진민,핸드폰_260909
010-3171-0881,진범록,핸드폰_260909
010-3569-3220,진성우,핸드폰_260909
010-8899-2232,진숙,핸드폰_260909
010-8701-7122,진영민,핸드폰_260909
010-2012-5258,진영부,핸드폰_260909
010-5467-8948,진용진,핸드폰_260909
010-5643-0494,진이,핸드폰_260909
010-2270-2925,진천박찬구,핸드폰_260909
010-9442-8601,진형봉,핸드폰_260909
010-6405-9745,집사람,핸드폰_260909
010-8653-5550,차규택,핸드폰_260909
010-3433-2893,차량도색,핸드폰_260909
010-7334-6300,차몽전,핸드폰_260909
010-2241-3919,차복원,핸드폰_260909
010-3420-2857,차선세,핸드폰_260909
010-3465-6375,차신우,핸드폰_260909
010-6411-8967,차우진,핸드폰_260909
010-3890-6101,차정만,핸드폰_260909
010-5231-2198,차종길,핸드폰_260909
010-7184-9798,차준모,핸드폰_260909
010-3280-9798,차준성,핸드폰_260909
010-4419-1081,차지훈,핸드폰_260909
010-5396-0621,차진모,핸드폰_260909
010-5396-0685,차진모,핸드폰_260909
010-8341-1130,차진영,핸드폰_260909
010-8413-5336,차키제작,핸드폰_260909
010-8627-5804,차호림,핸드폰_260909
010-9456-5325,참조은렌트카,핸드폰_260909
010-5870-1541,창원구자성사장,핸드폰_260909
010-3590-0855,채병조,핸드폰_260909
010-9414-1008,채규석,핸드폰_260909
010-8783-1110,채병인,핸드폰_260909
010-8670-7887,채상목,핸드폰_260909
010-5923-1762,채영유성,핸드폰_260909
010-4859-3342,채채윤원,핸드폰_260909
010-6209-4263,채윤주,핸드폰_260909
010-8718-7401,채정연,핸드폰_260909
010-3844-9500,채준석,핸드폰_260909
010-2087-2843,채희석,핸드폰_260909
010-4026-6397,처인구청실사,핸드폰_260909
010-8626-8737,처제,핸드폰_260909
010-4693-8243,천경준,핸드폰_260909
010-4457-2115,황동규,핸드폰_260909
010-8712-3977,천교영,핸드폰_260909
010-5271-5008,천동원,핸드폰_260909
010-9217-7925,천성국,핸드폰_260909
010-8221-4411,천안판넬,핸드폰_260909
010-6265-7878,천정훈,핸드폰_260909
010-5346-0413,천풍가축약품,핸드폰_260909
010-7546-5225,청도곤충 펫사료  시그널케어 양동섭,핸드폰_260909
010-9255-0210,청북 복지 정규경,핸드폰_260909
010-7187-6678,청솔,핸드폰_260909
010-3204-6377,청솔법무법인,핸드폰_260909
010-8751-9636,청운,핸드폰_260909
010-6405-5119,청주팜코리아,핸드폰_260909
010-6766-3817,초록농장,핸드폰_260909
010-3169-0906,최경민,핸드폰_260909
010-5651-7582,최경성,핸드폰_260909
010-8587-4780,최경수,핸드폰_260909
010-3804-8949,최경식,핸드폰_260909
010-5421-6930,최경영,핸드폰_260909
010-5683-0609,최광석,핸드폰_260909
010-7553-0012,최광석,핸드폰_260909
010-3521-7770,최군식,핸드폰_260909
010-6292-7582,최군식대표한우공감,핸드폰_260909
010-2216-8775,최규문,핸드폰_260909
010-5253-6863,최규준,핸드폰_260909
010-5376-1774,최규태,핸드폰_260909
010-5831-6890,최기자,핸드폰_260909
010-3504-8838,최기종,핸드폰_260909
010-5482-8835,최기종,핸드폰_260909
010-9480-5994,최기홍,핸드폰_260909
010-2970-7150,최낙운,핸드폰_260909
010-4044-8077,최남선,핸드폰_260909
010-9368-5335,최당호,핸드폰_260909
010-9144-9790,최덕식,핸드폰_260909
010-8454-9905,최동휘,핸드폰_260909
010-3607-7829,최두호,핸드폰_260909
010-7117-5508,최명수,핸드폰_260909
010-8780-8154,최명신,핸드폰_260909
010-7643-6134,최명우,핸드폰_260909
010-5345-3241,최문석,핸드폰_260909
010-5475-1496,최문선,핸드폰_260909
010-2838-3799,최문정,핸드폰_260909
010-5155-9812,최미덕,핸드폰_260909
010-9173-9812,최문정,핸드폰_260909
010-8543-0907,최문희,핸드폰_260909
010-4152-6755,최미덕,핸드폰_260909
010-9455-1995,최민식,핸드폰_260909
010-3958-9048,최백운,핸드폰_260909
010-3719-9439,최병남,핸드폰_260909
010-3769-9439,최병남,핸드폰_260909
010-6346-0710,최병두,핸드폰_260909
010-5300-1021,최병무,핸드폰_260909
010-2022-6828,최병선,핸드폰_260909
010-3348-4705,최병양,핸드폰_260909
010-7209-9299,최병용,핸드폰_260909
010-8445-2655,최병일,핸드폰_260909
010-5061-5679,최병하,핸드폰_260909
010-6657-8103,최보영,핸드폰_260909
010-9482-9956,최봉수,핸드폰_260909
010-2700-6280,최상균,핸드폰_260909
010-4460-5526,최상로,핸드폰_260909
010-5553-1162,최상림,핸드폰_260909
010-6350-7103,최상순,핸드폰_260909
010-8151-5642,최석원,핸드폰_260909
010-8809-8502,최석태,핸드폰_260909
010-5418-2183,최석현,핸드폰_260909
010-2781-2389,최선규,핸드폰_260909
010-7144-7396,최선우,핸드폰_260909
010-2447-4855,최성면,핸드폰_260909
010-6229-8606,최성일,핸드폰_260909
010-5452-0285,최성주,핸드폰_260909
010-7338-1226,최수종,핸드폰_260909
010-2075-8242,최순선,핸드폰_260909
010-5020-5084,최승규,핸드폰_260909
010-8674-8671,최승규,핸드폰_260909
010-8635-3087,최승수,핸드폰_260909
010-5429-4806,최승숙,핸드폰_260909
010-3607-3661,최시훈,핸드폰_260909
010-6424-4405,최영근,핸드폰_260909
010-3459-1789,최영만,핸드폰_260909
010-9242-4153,최영숙,핸드폰_260909
010-4578-7938,최영열,핸드폰_260909
010-8299-1023,최영열,핸드폰_260909
010-9344-7562,최영열,핸드폰_260909
010-8980-3357,최영의,핸드폰_260909
010-3692-2461,최영조,핸드폰_260909
010-5286-0748,최영헌,핸드폰_260909
010-8508-8078,최영화,핸드폰_260909
010-8402-7434,최용민,핸드폰_260909
010-9204-5461,최용철,핸드폰_260909
010-4775-6290,최원석,핸드폰_260909
010-8247-7526,최원일,핸드폰_260909
010-4762-8458,최원철,핸드폰_260909
010-3531-7020,최원호,핸드폰_260909
010-3293-3555,최윤,핸드폰_260909
010-5267-5009,최윤석,핸드폰_260909
010-3488-8254,최윤수,핸드폰_260909
010-3228-8176,최윤영,핸드폰_260909
010-4186-3834,최윤정,핸드폰_260909
010-3697-6616,최익호,핸드폰_260909
010-8668-4762,최인규,핸드폰_260909
010-8593-1300,최인기,핸드폰_260909
010-4445-8458,최인성,핸드폰_260909
010-3150-0075,최인식,핸드폰_260909
010-5015-1996,최인영,핸드폰_260909
010-8634-5291,최인준,핸드폰_260909
010-3325-9189,최일규,핸드폰_260909
010-5078-9189,최일규,핸드폰_260909
010-2949-0930,최재선,핸드폰_260909
010-5270-6498,최재영,핸드폰_260909
010-2055-0200,최재용,핸드폰_260909
010-8724-0001,최재웅,핸드폰_260909
010-4654-2767,최재정,핸드폰_260909
010-5345-6131,최재학,핸드폰_260909
010-8703-1580,최재혁,핸드폰_260909
010-4013-8790,최재환,핸드폰_260909
010-6286-8790,최재환,핸드폰_260909
010-9386-5346,최정,핸드폰_260909
010-7191-4559,최정락,핸드폰_260909
010-8984-5440,최정운,핸드폰_260909
010-8899-2360,최정원,핸드폰_260909
010-8734-2400,최종건,핸드폰_260909
010-8592-9956,최종승,핸드폰_260909
010-4810-5812,최종일,핸드폰_260909
010-5252-9373,최종화,핸드폰_260909
010-9429-7340,최주민,핸드폰_260909
010-4762-6040,최주식,핸드폰_260909
010-5841-9675,최주호팀장,핸드폰_260909
010-3442-5739,최준구,핸드폰_260909
010-7704-2446,최준승,핸드폰_260909
010-4223-9600,최준표,핸드폰_260909
010-8810-3873,최중진,핸드폰_260909
010-2531-9211,최지용,핸드폰_260909
010-8515-5303,최지호,핸드폰_260909
010-3076-7385,최진관,핸드폰_260909
010-4941-0890,최진식,핸드폰_260909
010-3124-4280,최진환,핸드폰_260909
010-4707-1227,최창식,핸드폰_260909
010-7276-3335,최창열,핸드폰_260909
010-5427-9604,최철림,핸드폰_260909
010-8601-8941,최철웅,핸드폰_260909
010-3320-9621,최충집,핸드폰_260909
010-9111-5418,최치호,핸드폰_260909
010-5126-9382,최태홍,핸드폰_260909
010-5487-7332,최판섭,핸드폰_260909
010-6381-7104,최한근,핸드폰_260909
010-5479-3678,최한진박사,핸드폰_260909
010-8006-9979,최해용,핸드폰_260909
010-4324-9119,최현섭,핸드폰_260909
010-6374-2832,최현식,핸드폰_260909
010-7144-0820,최현준,핸드폰_260909
010-9076-6521,최형규,핸드폰_260909
010-3679-7311,최형기,핸드폰_260909
010-9192-9598,최혜린,핸드폰_260909
010-8764-1436,최혜자,핸드폰_260909
010-3739-5524,최호연,핸드폰_260909
010-3113-3663,최호영,핸드폰_260909
010-2588-6684,최호윤,핸드폰_260909
010-5311-6734,최흥호,핸드폰_260909
010-3111-2235,추애선,핸드폰_260909
010-5225-3520,추윤호,핸드폰_260909
010-5482-2099,축산신문충북지사장,핸드폰_260909
010-2233-0497,축산차량GPS단말기,핸드폰_260909
010-5456-5176,축협 김응대 본부장,핸드폰_260909
010-9088-2354,친애저축은행,핸드폰_260909
010-9316-4321,카길김해공장,핸드폰_260909
010-2971-3230,카우티엠알여직원,핸드폰_260909
010-2307-8021,커피머신,핸드폰_260909
010-5933-3168,코미녀,핸드폰_260909
010-8254-8420,코인무빙샷,핸드폰_260909
010-8243-9233,코인이선생,핸드폰_260909
010-8062-8848,코인전설,핸드폰_260909
010-6297-5545,퀵서비스 기사,핸드폰_260909
010-5342-8053,크레도코리아,핸드폰_260909
010-8890-0626,킹스코,핸드폰_260909
010-3389-1605,태성카센터,핸드폰_260909
010-8683-2370,태주호,핸드폰_260909
010-4860-3557,태희농장,핸드폰_260909
010-9912-8739,택배,핸드폰_260909
010-6742-1163,테헤란기업법무팀,핸드폰_260909
010-8984-2546,테헤란변호사,핸드폰_260909
010-5967-1796,토글,핸드폰_260909
010-4593-2215,투싼하체수리,핸드폰_260909
010-6538-2928,투자지원금,핸드폰_260909
010-2798-8809,파장동쌀집,핸드폰_260909
010-9058-3377,파주통일가축약품,핸드폰_260909
010-9821-6578,펫인쥬동물메디컬선터,핸드폰_260909
010-5362-4437,평창정천옥,핸드폰_260909
010-2239-2466,평택복사프린터,핸드폰_260909
010-4292-5620,포천꽃집,핸드폰_260909
010-5407-8682,포천동물약품,핸드폰_260909
010-8834-4427,포크레인,핸드폰_260909
010-5313-7454,표정식,핸드폰_260909
010-8466-8535,표효열,핸드폰_260909
010-5355-7974,푸드스타일,핸드폰_260909
010-2495-3533,플러스동물메디컬센터,핸드폰_260909
010-3791-0300,필리핀사장님,핸드폰_260909
010-7255-9336,하나,핸드폰_260909
010-6719-1982,하나투어,핸드폰_260909
010-4750-1296,하늘따유치원,핸드폰_260909
010-5395-1820,하동욱,핸드폰_260909
010-8559-8332,하동진,핸드폰_260909
010-5345-8048,하병찬,핸드폰_260909
010-9926-3377,하성곤,핸드폰_260909
010-8259-0686,하성섭,핸드폰_260909
010-9729-3508,하승재,핸드폰_260909
010-3435-6437,하애영,핸드폰_260909
010-2047-4742,하유진,핸드폰_260909
010-7426-1688,하재봉,핸드폰_260909
010-5207-6356,하재형,핸드폰_260909
010-7421-7275,하재환,핸드폰_260909
010-5219-0534,하종대,핸드폰_260909
010-3488-0954,하태희,핸드폰_260909
010-3282-6175,한경수77,핸드폰_260909
010-5421-1075,한경수,핸드폰_260909
010-4600-9700,한광희,핸드폰_260909
010-4100-2741,한국경영연구원,핸드폰_260909
010-3313-9989,한규준,핸드폰_260909
010-2250-9906,한기남,핸드폰_260909
010-3095-5830,한기성 사장  금강사료,핸드폰_260909
010-5643-5255,한기오,핸드폰_260909
010-5325-4423,한기우,핸드폰_260909
010-9720-6039,한남옥,핸드폰_260909
010-9183-0336,한대선,핸드폰_260909
010-2525-2392,한동길,핸드폰_260909
010-6484-0640,한동익,핸드폰_260909
010-6338-5679,한동희,핸드폰_260909
010-5462-0148,한두환,핸드폰_260909
010-7229-8814,한명수,핸드폰_260909
010-9170-6825,한범석,핸드폰_260909
010-6776-7000,한빛농장,핸드폰_260909
010-7621-2357,한삼성,핸드폰_260909
010-8827-3833,한상대,핸드폰_260909
010-6438-3775,한상무,핸드폰_260909
010-9232-5264,한상복,핸드폰_260909
010-8756-3299,한상연,핸드폰_260909
010-5255-7763,한상옥,핸드폰_260909
010-7221-7303,한상용,핸드폰_260909
010-3523-7332,한상원,핸드폰_260909
010-7714-1308,한상현,핸드폰_260909
010-9611-0069,한상현,핸드폰_260909
010-4444-5140,한서영,핸드폰_260909
010-2847-4475,한선영,핸드폰_260909
010-8644-7473,한선영,핸드폰_260909
010-8911-1532,한선영,핸드폰_260909
010-3319-0192,한성근,핸드폰_260909
010-5405-8520,한성희,핸드폰_260909
010-8550-3476,한순조,핸드폰_260909
010-6281-3739,한승은,핸드폰_260909
010-3536-4997,한승훈,핸드폰_260909
010-6417-5359,한승훈,핸드폰_260909
010-0555-0520,한승희,핸드폰_260909
010-9102-7006,한영환,핸드폰_260909
010-3647-6400,한우공감직원분,핸드폰_260909
010-7161-5550,한윤정,핸드폰_260909
010-8438-8412,한은주,핸드폰_260909
010-4419-4011,한재규,핸드폰_260909
010-7734-8997,한정웅,핸드폰_260909
010-7388-3100,한정익,핸드폰_260909
010-7136-1608,한정화,핸드폰_260909
010-3433-9371,한정희,핸드폰_260909
010-6230-8657,한정희,핸드폰_260909
010-7650-8657,한정희,핸드폰_260909
010-8738-4363,한종권,핸드폰_260909
010-5657-6694,한종환,핸드폰_260909
010-4743-9615,한지현,핸드폰_260909
010-3897-3001,한진희,핸드폰_260909
010-7497-4789,한진희,핸드폰_260909
010-9258-6114,한창건,핸드폰_260909
010-8609-2402,한창민,핸드폰_260909
010-8981-3629,한창배,핸드폰_260909
010-5598-8542,한충림,핸드폰_260909
010-5238-8671,한태욱,핸드폰_260909
010-9273-3088,한풍경리,핸드폰_260909
010-4724-5482,한해순,핸드폰_260909
010-3425-1550,함건주,핸드폰_260909
010-6555-2887,함규호,핸드폰_260909
010-7443-8331,함덕수,핸드폰_260909
010-9956-1705,함성구,핸드폰_260909
010-6264-1421,함영화,핸드폰_260909
010-9837-2017,함윤경,핸드폰_260909
010-3537-1443,함주형,핸드폰_260909
010-8579-6319,함준원,핸드폰_260909
010-4741-4006,함혜영,핸드폰_260909
010-5077-5793,행정관,핸드폰_260909
010-2447-0275,허경일,핸드폰_260909
010-2925-6282,허남도,핸드폰_260909
010-8951-4261,허덕,핸드폰_260909
010-8603-9963,허미애,핸드폰_260909
010-9027-7422,허상식,핸드폰_260909
010-9975-0053,허상식,핸드폰_260909
010-2458-1186,허윤,핸드폰_260909
010-3290-2754,허은정,핸드폰_260909
010-6222-6642,허재상,핸드폰_260909
010-8283-1194,허재석,핸드폰_260909
010-5243-3087,허재승,핸드폰_260909
010-3287-8053,허재영,핸드폰_260909
010-9097-8775,허주형,핸드폰_260909
010-9901-7444,허준허,핸드폰_260909
010-8926-0766,허지영,핸드폰_260909
010-8785-7789,허지현,핸드폰_260909
010-9466-7108,허진,핸드폰_260909
010-5379-8110,허진석,핸드폰_260909
010-5239-6776,허진익,핸드폰_260909
010-2050-9839,허철성,핸드폰_260909
010-2542-3501,허태웅,핸드폰_260909
010-3576-5348,허학열,핸드폰_260909
010-5720-8551,허훈강,핸드폰_260909
010-2860-5975,현미연,핸드폰_260909
010-8484-4327,현병욱,핸드폰_260909
010-6294-5700,현영,핸드폰_260909
010-3785-2755,현윤경,핸드폰_260909
010-5554-5995,현지,핸드폰_260909
010-5250-1030,형수,핸드폰_260909
010-7574-1672,혜숙,핸드폰_260909
010-2488-7060,호남식,핸드폰_260909
010-2409-4838,호용기,핸드폰_260909
010-2218-2767,홍관혁,핸드폰_260909
010-5313-8404,홍관혁,핸드폰_260909
010-7733-9117,홍관혁,핸드폰_260909
010-8909-2121,홍관혁,핸드폰_260909
010-9339-6202,홍권식,핸드폰_260909
010-5226-8716,홍기호,핸드폰_260909
010-2971-4544,홍동표,핸드폰_260909
010-5036-0935,홍득신,핸드폰_260909
010-5548-3108,홍만식,핸드폰_260909
010-5458-0874,홍문하,핸드폰_260909
010-3076-0086,홍미미,핸드폰_260909
010-9487-7646,홍보경,핸드폰_260909
010-3740-8003,홍상무,핸드폰_260909
010-8882-4131,홍상진,핸드폰_260909
010-2844-9859,홍석기,핸드폰_260909
010-4419-1076,홍석만,핸드폰_260909
010-9422-7230,홍석완,핸드폰_260909
010-5358-0242,홍석준,핸드폰_260909
010-8331-0300,홍석진,핸드폰_260909
010-5248-8765,홍성민,핸드폰_260909
010-7405-3198,홍성분,핸드폰_260909
010-5220-2686,홍성윤,핸드폰_260909
010-2669-1040,홍성준,핸드폰_260909
010-3041-4798,홍성준,핸드폰_260909
010-9780-1468,홍성준,핸드폰_260909
010-7222-6811,홍성표,핸드폰_260909
010-4222-8661,홍성하,핸드폰_260909
010-5450-6863,황선재,핸드폰_260909
010-3698-2972,홍성한,핸드폰_260909
010-5429-0069,홍성환,핸드폰_260909
010-6297-9987,홍세화,핸드폰_260909
010-6627-2999,홍순경,핸드폰_260909
010-2004-6066,홍순규,핸드폰_260909
010-5232-1928,홍순규,핸드폰_260909
010-6239-6811,홍순성,핸드폰_260909
010-2923-1902,홍순영,핸드폰_260909
010-5235-9948,홍순웅,핸드폰_260909
010-5407-5708,홍순일,핸드폰_260909
010-4187-9210,홍순학,핸드폰_260909
010-7223-1120,홍순학,핸드폰_260909
010-9229-0935,홍순호,핸드폰_260909
010-3571-8099,홍순홍,핸드폰_260909
010-5338-5815,홍승원,핸드폰_260909
010-3848-5709,홍승표,핸드폰_260909
010-4303-0613,홍영기,핸드폰_260909
010-6269-2002,홍영미,핸드폰_260909
010-3021-7563,홍완식,핸드폰_260909
010-3731-3107,홍원표,핸드폰_260909
010-4009-6811,홍윤표,핸드폰_260909
010-2506-9081,홍은경,핸드폰_260909
010-6489-6357,홍은희,핸드폰_260909
010-8223-1567,홍일선,핸드폰_260909
010-2431-3492,홍재근,핸드폰_260909
010-2580-9010,홍정근,핸드폰_260909
010-7487-4875,홍정민,핸드폰_260909
010-3000-5548,홍정의,핸드폰_260909
010-8912-0234,홍종규,핸드폰_260909
010-8627-8941,홍종수,핸드폰_260909
010-3632-3653,홍종욱,핸드폰_260909
010-2480-1472,홍주섭,핸드폰_260909
010-3224-9067,홍창민,핸드폰_260909
010-6364-4248,홍창휘,핸드폰_260909
010-9316-5669,홍철호,핸드폰_260909
010-5336-8560,홍하일,핸드폰_260909
010-5334-8547,화성병점동물병원,핸드폰_260909
010-5408-3738,환상의 노을펜션,핸드폰_260909
010-5554-2312,황광수,핸드폰_260909
010-3738-6023,황광식,핸드폰_260909
010-5369-4380,황교열,핸드폰_260909
010-9402-6986,황규복,핸드폰_260909
010-6208-5554,황기승,핸드폰_260909
010-5313-9367,황기태,핸드폰_260909
010-6789-1376,황남현,핸드폰_260909
010-4652-1470,황병구,핸드폰_260909
010-8777-5469,황병원,핸드폰_260909
010-5305-2498,황병익,핸드폰_260909
010-2959-7599,황보명애 대리님 (그린그래스),핸드폰_260909
010-9361-3307,황보미정,핸드폰_260909
010-5092-0469,황보영,핸드폰_260909
010-3506-3040,황상룡,핸드폰_260909
010-5345-7812,황상연,핸드폰_260909
010-9462-6926,황상연,핸드폰_260909
010-5452-7836,황성수,핸드폰_260909
010-5329-8833,황성욱,핸드폰_260909
010-3693-8057,황성윤,핸드폰_260909
010-3753-2248,황승준 이사,핸드폰_260909
010-8753-7395,황신호,핸드폰_260909
010-3744-1493,황영환,핸드폰_260909
010-5419-4814,황욱찬,핸드폰_260909
010-9242-6207,황운기,핸드폰_260909
010-4111-1206,황유정,핸드폰_260909
010-5267-5012,황윤석,핸드폰_260909
010-6379-7123,황은희,핸드폰_260909
010-6343-6724,황의경,핸드폰_260909
010-2454-0500,황인수,핸드폰_260909
010-9348-9858,황인식,핸드폰_260909
010-5242-4454,황인영,핸드폰_260909
010-2402-4982,황일홍,핸드폰_260909
010-5269-2631,황창규,핸드폰_260909
010-2415-8816,황정현,핸드폰_260909
010-2667-0025,황정현,핸드폰_260909
010-4419-1038,황주호,핸드폰_260909
010-3179-8145,황창인,핸드폰_260909
010-8474-2231,황태현,핸드폰_260909
010-8801-1911,황한택,핸드폰_260909
010-3759-6279,흥진산업,핸드폰_260909
010-7567-5488,희방민박,핸드폰_260909
